run,subrun,event
8675,38,4220
8675,40,4514
8675,54,5807
8675,54,5821
8675,54,5843
8675,54,5844
8675,66,6914
8675,68,7056
8675,68,7061
8675,73,7648
8675,88,9222
8675,95,9879
8675,96,9997
8675,96,10007
8675,104,10917
8675,104,10922
8675,104,10931
8675,116,12089
8675,121,12693
8675,125,13185
8675,125,13211
8675,130,13815
8675,130,13850
8675,140,15020
8675,145,15630
8675,145,15666
8675,146,15757
8675,153,16648
8675,159,17396
8675,159,17433
8675,165,18114
8675,169,18594
8675,169,18627
8675,170,18753
8675,172,18943
8675,172,18978
8675,175,19366
8675,179,19865
8675,181,20118
8675,181,20125
8675,181,20133
8675,181,20135
8675,186,20697
8675,186,20715
8675,198,22250
8675,198,22265
8675,199,22344
8675,202,22676
8675,202,22687
8675,202,22696
8675,202,22732
8675,215,24277
8675,226,25636
8675,232,26400
8675,232,26444
8675,254,29135
8675,254,29171
8675,264,30450
8675,284,31719
8675,289,32063
8675,393,39222
8675,399,39624
8675,399,39629
8675,417,40869
8675,417,40872
8675,421,41153
8675,429,41719
8675,437,42342
8766,19,2373
8766,26,3338
8766,29,3713
8766,39,5009
8766,49,6313
8766,59,7514
8766,59,7519
8766,80,10102
8766,140,17540
8675,113,11807
8675,115,11968
8675,119,12430
8675,141,15115
8675,148,15994
8675,166,18209
8675,177,19622
8675,177,19623
8675,197,22145
8675,200,22474
8675,217,24505
8675,230,26136
8675,230,26189
8675,245,28058
8675,262,30150
8675,282,31588
8675,387,38797
8675,392,39153
8675,392,39154
8675,414,40652
8675,416,40790
8766,22,2802
8766,31,3970
8766,57,7278
8766,65,8295
8766,66,8451
8766,84,10627
8766,86,10865
8766,92,11699
8766,103,12845
8766,109,13625
8675,129,13678
8675,129,13691
8675,129,13699
8675,129,13727
8675,142,15244
8675,142,15246
8675,168,18432
8675,168,18478
8675,182,20251
8675,185,20592
8675,191,21336
8675,191,21361
8675,216,24428
8675,216,24446
8675,224,25442
8675,229,26019
8675,251,28746
8675,255,29311
8675,263,30242
8675,263,30261
8675,263,30271
8675,272,30989
8675,287,31894
8675,287,31895
8675,351,36111
8675,356,36453
8675,427,41551
8675,435,42205
8766,53,6776
8766,68,8665
8766,83,10472
8766,83,10497
8766,83,10506
8766,113,14130
8766,118,14707
8766,138,17275
8766,141,17686
8766,146,18347
8766,151,18952
8766,178,22157
8766,181,22560
8766,184,22876
8766,190,23620
8766,216,26676
8766,232,28550
8766,243,29945
8766,250,30834
8766,250,30836
8766,252,31112
8766,254,31348
8766,279,34517
8766,292,36226
8766,292,36237
8766,293,36373
8766,311,38886
8766,341,42701
8766,344,43144
8675,156,16995
8675,156,17037
8675,214,24143
8675,233,26558
8675,249,28499
8675,250,28606
8675,250,28611
8675,252,28875
8675,252,28877
8675,257,29501
8675,260,29875
8675,260,29877
8675,260,29899
8675,265,30530
8675,265,30586
8675,352,36168
8675,367,37291
8675,367,37303
8675,367,37306
8675,368,37390
8675,397,39505
8766,64,8178
8766,72,9150
8766,112,13980
8766,124,15452
8766,166,20719
8766,177,22031
8766,201,24910
8766,201,24918
8766,201,24924
8766,206,25539
8766,212,26239
8766,228,28054
8766,228,28060
8766,239,29444
8766,241,29720
8766,244,30079
8766,255,31449
8766,265,32696
8766,276,34152
8766,283,35021
8766,287,35589
8766,288,35733
8766,289,35877
8766,296,36852
8766,296,36854
8766,299,37222
8766,302,37639
8766,302,37658
8766,302,37699
8766,303,37788
8766,308,38478
8766,309,38601
8766,309,38620
8766,355,44734
8675,246,28183
8675,353,36256
8675,353,36261
8675,354,36336
8675,391,39063
8675,395,39388
8675,411,40405
8675,411,40410
8675,428,41622
8675,428,41642
8675,436,42253
8766,81,10237
8766,88,11142
8766,94,11965
8766,116,14470
8766,136,17026
8766,154,19306
8766,154,19325
8766,154,19327
8766,155,19460
8766,161,20144
8766,169,21049
8766,173,21539
8766,185,23001
8766,208,25782
8766,220,27122
8766,236,29046
8766,237,29200
8766,242,29835
8766,267,32938
8766,272,33629
8766,273,33759
8766,273,33765
8766,273,33769
8766,284,35172
8766,284,35177
8766,284,35189
8766,284,35194
8766,295,36700
8766,305,38070
8766,323,40280
8766,323,40292
8766,330,41224
8766,335,41917
8766,350,44041
8766,350,44043
8766,350,44057
8590,48,4437
8675,366,37209
8758,288,31413
8758,294,32156
8758,296,32423
8758,296,32424
8758,296,32441
8758,309,34050
8758,336,37373
8758,337,37556
8758,338,37697
8758,344,38447
8758,358,40097
8758,361,40437
8758,361,40439
8758,364,40807
8758,368,41259
8758,374,41978
8758,381,42820
8758,392,44002
8758,406,45726
8758,407,45861
8766,120,14944
8766,120,14957
8766,120,14966
8766,121,15098
8766,285,35297
8766,285,35300
8766,285,35306
8766,294,36564
8766,294,36591
8766,297,36994
8766,297,37011
8766,297,37014
8766,300,37390
8766,301,37519
8766,306,38197
8766,307,38316
8766,307,38320
8766,307,38339
8766,310,38755
8766,325,40542
8766,326,40694
8766,328,40956
8766,333,41646
8766,336,42019
8766,347,43577
8766,351,44177
8766,351,44199
8766,354,44606
8766,356,44916
8590,9,933
8590,17,1686
8590,20,1930
8590,56,5169
8590,60,5543
8590,83,7759
8590,114,10712
8590,130,12219
8590,168,16014
8590,172,16409
8758,281,30484
8758,283,30742
8758,283,30768
8758,306,33655
8758,315,34769
8758,335,37225
8758,341,38046
8758,343,38303
8758,346,38668
8758,348,38908
8758,353,39495
8758,356,39858
8758,362,40546
8758,365,40931
8758,372,41750
8758,379,42558
8758,399,44839
8722,2,210
8722,7,868
8722,9,1171
8722,20,2665
8722,28,3912
8722,31,4299
8722,31,4339
8722,44,6195
8722,44,6219
8722,44,6238
8722,45,6363
8722,54,7642
8722,64,9186
8722,72,10419
8722,82,11909
8722,94,13496
8722,94,13506
8722,97,13873
8722,97,13874
8722,97,13903
8722,98,14046
8722,103,14747
8722,108,15428
8722,108,15441
8722,112,16062
8726,7,866
8726,19,2020
8733,6,1111
8733,43,4812
8733,43,4815
8733,50,5588
8733,50,5604
8733,80,8776
8733,108,11681
8630,28,1779
8630,28,1791
8630,35,2268
8630,61,4063
8630,81,5474
8722,21,2802
8722,21,2826
8722,25,3429
8722,33,4559
8722,33,4573
8722,38,5302
8722,51,7238
8722,89,12816
8722,96,13740
8722,106,15146
8722,106,15194
8726,4,441
8726,5,568
8726,14,1555
8726,18,1933
8733,4,892
8733,39,4399
8733,40,4502
8733,52,5788
8733,52,5794
8733,77,8426
8733,85,9376
8733,87,9559
8733,87,9570
8733,98,10702
8733,103,11183
8630,19,1217
8630,52,3487
8630,57,3799
8630,66,4396
8630,77,5161
8630,77,5163
8630,77,5171
8630,77,5176
8630,77,5184
8630,86,5821
8630,86,5825
8630,107,7230
8630,142,9596
8630,142,9610
8630,156,10523
8630,161,10893
8630,191,13023
8630,191,13027
8630,192,13085
8632,14,1086
8632,65,5144
8632,83,6881
8632,83,6892
8632,83,6900
8632,83,6914
8722,6,741
8722,6,753
8722,10,1295
8722,26,3550
8722,26,3561
8722,37,5199
8722,48,6790
8722,49,6934
8722,65,9309
8722,65,9311
8722,67,9658
8722,71,10237
8722,71,10262
8722,71,10283
8722,73,10547
8722,83,12009
8722,83,12021
8722,86,12372
8722,87,12553
8722,91,13074
8722,100,14334
8722,111,15946
8722,111,15948
8722,113,16193
8726,1,57
8737,34,3371
8737,46,4620
8737,46,4624
8737,46,4629
8737,50,5042
8737,104,10709
8737,129,13231
8560,23,958
8560,41,1771
8560,62,2629
8560,69,2912
8560,74,3103
8560,74,3113
8560,83,3454
8560,134,5619
8560,175,7432
8630,8,483
8630,49,3277
8630,59,3903
8630,93,6322
8630,96,6526
8630,121,8184
8630,155,10456
8630,189,12857
8630,189,12871
8630,196,13352
8632,23,1772
8632,45,3568
8632,70,5628
8632,70,5641
8632,70,5650
8632,138,11792
8632,160,13141
8722,1,32
8722,1,47
8722,1,65
8722,27,3702
8722,27,3756
8722,40,5644
8722,43,6081
8722,43,6086
8722,53,7538
8722,58,8336
8722,63,9056
8722,78,11335
8722,93,13358
8722,110,15750
8737,14,1346
8737,31,3068
8737,70,7090
8737,78,7941
8737,114,11734
8737,127,13028
8737,127,13051
8737,152,15611
8598,2,631
8599,20,1912
8599,23,2218
8599,24,2331
8599,32,3118
8599,42,4047
8599,49,4717
8599,52,5007
8599,72,6861
8599,86,8116
8599,93,8774
8680,5,566
8680,5,579
8680,8,959
8680,9,1091
8680,9,1145
8680,11,1349
8680,12,1505
8680,12,1541
8680,16,2018
8680,17,2145
8680,26,3318
8680,26,3319
8680,34,4306
8680,34,4356
8725,2,310
8725,2,319
8725,8,1129
8725,23,2875
8725,24,3040
8725,30,3867
8725,30,3881
8725,30,3895
8725,31,4046
8725,51,6778
8725,62,8290
8725,62,8326
8725,65,8680
8725,65,8681
8725,65,8685
8725,66,8851
8725,66,8896
8725,66,8913
8725,67,8984
8725,71,9402
8725,72,9493
8725,72,9510
8725,100,13593
8725,104,14079
8725,104,14119
8599,6,636
8599,8,802
8599,13,1292
8599,15,1471
8599,15,1473
8599,17,1644
8599,17,1667
8599,21,2022
8599,22,2112
8599,25,2448
8599,27,2630
8599,41,3974
8599,57,5488
8599,64,6106
8599,68,6502
8599,74,7069
8599,82,7778
8599,83,7871
8725,5,692
8725,6,849
8725,7,1005
8725,9,1257
8725,11,1580
8725,13,1821
8725,22,2715
8725,22,2725
8725,25,3140
8725,26,3319
8725,26,3328
8725,28,3591
8725,29,3752
8725,29,3766
8725,34,4451
8725,39,5131
8725,39,5132
8725,39,5133
8725,39,5170
8725,47,6186
8725,47,6229
8725,48,6310
8725,53,7049
8725,56,7445
8725,56,7481
8725,59,7915
8725,64,8604
8725,73,9598
8725,73,9610
8725,92,12358
8725,92,12376
8725,93,12532
8725,103,13945
8725,103,13952
8725,105,14269
8725,21,2554
8725,21,2564
8725,35,4585
8725,38,5035
8725,54,7188
8725,57,7609
8725,57,7612
8725,58,7769
8725,74,9726
8725,74,9776
8725,74,9777
8725,75,9924
8725,77,10189
8725,94,12656
8725,94,12672
8725,99,13455
8726,43,4165
8726,43,4166
8733,7,1225
8733,20,2434
8733,20,2440
8733,20,2441
8733,20,2445
8733,20,2449
8733,20,2463
8733,36,4095
8733,56,6193
8733,60,6632
8733,62,6827
8733,81,8886
8733,81,8909
8733,102,11100
8726,20,2129
8726,24,2480
8733,11,1650
8733,11,1660
8733,12,1748
8733,30,3448
8733,30,3460
8733,31,3548
8733,31,3561
8733,31,3566
8733,35,4013
8733,57,6310
8733,58,6403
8733,58,6421
8733,71,7761
8733,71,7793
8733,71,7797
8733,79,8659
8733,79,8683
8733,83,9118
8733,84,9221
8733,104,11280
8733,104,11295
8560,18,725
8560,18,752
8560,26,1085
8560,68,2869
8560,97,4060
8560,114,4750
8560,114,4768
8560,121,5050
8560,141,5911
8560,171,7240
8560,171,7250
8560,174,7383
8560,174,7385
8560,174,7388
8560,182,7733
8560,221,9496
8560,227,9800
8560,251,10916
8560,253,11025
8630,32,2066
8630,72,4835
8630,75,5031
8630,95,6462
8630,105,7119
8630,135,9145
8630,135,9147
8630,151,10188
8630,154,10381
8630,180,12244
8630,202,13756
8630,206,14038
8630,216,14699
8632,11,880
8632,17,1322
8632,36,2855
8632,60,4780
8632,130,11083
8632,131,11165
8632,161,13185
8632,161,13197
8632,169,13789
8722,8,1005
8722,14,1826
8722,14,1877
8722,30,4166
8722,36,5003
8722,52,7412
8722,77,11168
8722,77,11195
8722,90,12920
8722,92,13209
8722,107,15352
8737,4,324
8737,26,2573
8737,59,5978
8737,59,5985
8737,65,6600
8560,101,4232
8560,101,4251
8560,117,4899
8560,135,5661
8560,140,5864
8560,140,5880
8560,146,6117
8560,192,8212
8560,248,10790
8560,250,10847
8630,6,349
8630,6,359
8630,27,1724
8630,54,3596
8630,56,3722
8630,67,4475
8630,67,4491
8630,79,5312
8630,101,6833
8630,112,7593
8630,119,8074
8630,124,8398
8630,137,9272
8630,159,10760
8630,197,13432
8630,218,14840
8632,37,2929
8632,52,4121
8632,63,4987
8632,75,6118
8632,75,6146
8632,110,9285
8632,116,9887
8632,116,9894
8632,145,12273
8632,166,13510
8722,5,600
8722,22,2951
8722,22,2974
8722,22,2989
8722,35,4843
8722,41,5781
8722,55,7845
8722,57,8163
8722,57,8187
8722,68,9859
8722,75,10854
8722,75,10880
8722,75,10902
8722,95,13634
8722,101,14509
8722,104,14891
8737,106,10920
8737,113,11627
8737,113,11629
8737,117,12051
8737,147,15099
9488,2,95
9488,2,100
9488,7,513
9488,12,944
9488,17,1291
9488,30,2302
9488,35,2679
9488,35,2707
9488,44,3447
9488,44,3496
9488,45,3533
9488,45,3555
9488,45,3569
9488,57,4537
9488,58,4600
9488,64,5087
9488,78,6178
9488,78,6193
9488,88,7040
9488,90,7212
9488,93,7436
9488,95,7602
9488,95,7607
9488,95,7618
9488,97,7790
9488,102,8203
9488,111,8966
9488,133,10869
9488,138,11215
9488,140,11405
9488,140,11406
9488,143,11617
9488,143,11624
9488,143,11628
9488,150,12208
9488,158,12847
9488,159,12899
9488,164,13305
9488,169,13708
9488,175,14128
9488,184,14815
9488,185,14875
9488,196,15716
9488,202,16222
9488,219,17361
9488,227,18024
9488,231,18346
9488,236,18759
9488,236,18761
9488,241,19166
9488,241,19176
9488,254,20149
9488,266,21101
9488,277,21893
9488,277,21908
9488,277,21926
9488,299,23629
9488,316,24974
9488,331,26137
9488,9,674
9488,9,702
9488,25,1894
9488,37,2843
9488,48,3779
9488,51,4053
9488,51,4078
9488,65,5169
9488,72,5698
9488,101,8148
9488,128,10415
9488,137,11149
9488,144,11694
9488,160,13002
9488,160,13020
9488,165,13400
9488,166,13473
9488,176,14212
9488,181,14585
9488,182,14627
9488,187,15025
9488,190,15268
9488,195,15635
9488,205,16379
9488,211,16813
9488,215,17111
9488,215,17117
9488,224,17795
9488,229,18157
9488,229,18167
9488,229,18180
9488,233,18493
9488,234,18598
9488,243,19329
9488,243,19330
9488,258,20474
9488,279,22046
9488,283,22357
9488,284,22431
9488,293,23144
9488,293,23145
9488,301,23806
9488,302,23870
9488,320,25290
9488,320,25292
9488,321,25366
9488,321,25392
9488,330,26074
9486,55,4564
9486,55,4594
9486,77,6164
9486,92,7284
9486,158,12093
9489,1,23
9489,11,802
9489,18,1289
9489,18,1309
9489,49,2969
9489,51,3068
9489,51,3100
9489,54,3312
9489,58,3605
9489,60,3757
9489,65,4117
9489,70,4479
9489,70,4485
9489,70,4511
9489,84,5607
9489,87,5774
9489,92,6139
9489,94,6304
9489,96,6478
9489,102,6941
9489,109,7476
9489,112,7735
9489,121,8215
9489,121,8227
9489,121,8251
9489,137,9238
9489,142,9534
9489,147,9892
9489,147,9895
9489,148,9979
9489,152,10255
9489,160,10757
9489,171,11457
9489,171,11464
9489,171,11473
9489,187,12410
9489,192,12733
9489,193,12762
9489,193,12785
9489,193,12793
9489,202,13381
9489,217,14416
9489,225,14924
9489,237,15684
9489,242,16003
9489,247,16303
9489,267,17524
9489,280,18342
9486,14,1225
9486,19,1664
9486,21,1849
9486,37,3125
9486,49,4130
9486,49,4142
9486,53,4416
9486,75,5994
9486,80,6385
9486,101,8013
9486,148,11289
9486,148,11313
9489,2,100
9489,4,234
9489,6,382
9489,8,578
9489,9,638
9489,19,1348
9489,19,1359
9489,22,1565
9489,24,1751
9489,53,3213
9489,69,4444
9489,79,5178
9489,79,5179
9489,81,5365
9489,91,6075
9489,101,6872
9489,101,6873
9489,138,9298
9489,145,9751
9489,158,10617
9489,173,11597
9489,194,12835
9489,199,13212
9489,226,14990
9489,236,15606
9489,236,15623
9489,239,15794
9489,239,15795
9489,241,15929
9489,243,16051
9489,254,16732
9489,256,16868
9489,274,17983
9489,274,17984
9481,235,18181
9481,235,18182
9481,235,18216
9481,237,18360
9481,237,18381
9481,249,19410
9481,253,19744
9481,259,20218
9481,264,20681
9481,276,21656
9481,280,21968
9481,285,22380
9481,301,23801
9481,328,26082
9481,333,26531
9481,346,27617
9481,350,27993
9481,363,29127
9481,372,29865
9481,385,30983
9481,385,30996
9481,385,31013
9481,385,31026
9481,393,31735
9481,401,32409
9481,401,32413
9481,406,32842
9481,406,32859
9481,406,32888
9481,421,34115
9481,421,34119
9481,428,34698
9481,428,34739
9481,429,34810
9481,477,38861
9481,477,38867
9489,15,1081
9489,25,1806
9489,55,3389
9489,63,3956
9489,74,4822
9489,82,5418
9489,103,7012
9489,129,8791
9489,159,10705
9489,159,10708
9489,170,11409
9489,196,13003
9490,3,157
9490,5,263
9490,7,387
9490,7,413
9481,3,180
9481,11,803
9481,11,806
9481,29,2169
9481,31,2317
9481,32,2414
9481,32,2421
9481,36,2752
9481,41,3103
9481,41,3137
9481,52,4001
9481,70,4876
9481,74,5156
9481,123,8912
9481,128,9284
9481,128,9303
9481,137,10088
9481,140,10333
9481,154,11467
9481,155,11554
9481,159,11887
9481,167,12601
9481,169,12757
9481,172,12982
9481,176,13309
9481,178,13504
9481,181,13724
9481,186,14153
9481,198,15111
9481,200,15282
9481,206,15769
9481,206,15778
9481,209,16003
9481,225,17300
9481,236,18263
9481,236,18272
9481,244,18937
9481,246,19127
9481,262,20489
9481,262,20493
9481,262,20507
9481,288,22663
9481,294,23140
9481,294,23166
9481,304,24060
9481,334,26580
9481,334,26582
9481,345,27563
9481,356,28547
9481,368,29542
9481,368,29550
9481,379,30526
9481,408,33080
9481,432,35066
9481,448,36394
9481,461,37439
9481,465,37842
9481,465,37848
9481,474,38623
9486,225,17445
9486,229,17721
9486,235,18245
9486,235,18246
9486,249,19360
9486,252,19634
9486,272,21297
9486,283,22095
9486,283,22098
9486,302,23615
9488,1,11
9488,1,45
9488,8,630
9488,10,783
9488,32,2464
9488,53,4234
9488,61,4847
9488,62,4937
9488,66,5254
9488,76,6030
9488,84,6682
9488,84,6697
9488,87,6939
9488,91,7304
9488,94,7555
9488,98,7897
9488,103,8288
9488,109,8779
9488,126,10247
9488,126,10253
9488,130,10590
9488,130,10601
9488,130,10608
9488,136,11090
9488,147,11946
9488,147,11957
9488,149,12112
9488,163,13249
9488,180,14498
9488,189,15180
9488,198,15896
9488,201,16128
9488,239,18982
9488,267,21154
9488,267,21155
9488,273,21571
9488,288,22761
9488,292,23101
9488,298,23541
9488,329,25992
9486,90,7152
9486,133,10047
9486,133,10051
9486,133,10052
9486,138,10504
9486,157,12017
9486,159,12156
9486,166,12655
9486,166,12659
9486,168,12793
9486,171,13027
9486,173,13198
9486,173,13206
9486,178,13579
9486,183,13961
9486,198,15046
9486,198,15048
9486,201,15361
9486,201,15381
9486,201,15396
9486,202,15460
9486,203,15537
9486,207,15873
9486,209,16065
9486,211,16207
9486,211,16219
9486,211,16221
9486,213,16388
9486,221,17101
9486,231,17889
9486,232,18002
9486,232,18023
9486,236,18305
9486,240,18609
9486,241,18691
9486,247,19245
9486,253,19748
9486,255,19939
9486,257,20082
9486,263,20548
9486,269,21030
9486,275,21470
9486,278,21684
9486,282,22015
9486,285,22257
9486,290,22691
9486,292,22820
9486,298,23287
9486,299,23358
9486,299,23361
9486,301,23545
9486,8,734
9486,8,735
9486,16,1414
9486,18,1599
9486,25,2225
9486,27,2383
9486,30,2672
9486,32,2815
9486,42,3527
9486,45,3718
9486,52,4303
9486,57,4756
9486,69,5483
9486,69,5530
9486,74,5916
9486,78,6252
9486,83,6612
9486,89,7088
9486,100,7946
9486,102,8088
9486,107,8475
9486,117,9177
9486,131,9906
9486,140,10663
9486,151,11563
9486,155,11870
9486,160,12237
9486,162,12370
9486,169,12911
9486,172,13107
9486,182,13884
9486,204,15636
9486,204,15637
9486,212,16329
9486,238,18445
9486,238,18448
9486,238,18476
9486,266,20775
9486,267,20877
9486,284,22196
9486,295,23064
9486,295,23067
9486,12,1063
9486,22,1930
9486,22,1958
9486,43,3616
9486,43,3618
9486,48,4027
9486,61,4966
9486,79,6326
9486,91,7226
9486,106,8403
9486,106,8405
9486,134,10130
9486,139,10566
9486,144,11005
9486,144,11007
9489,12,909
9489,13,943
9489,13,965
9489,13,972
9489,23,1670
9489,28,2021
9489,57,3509
9489,83,5503
9489,93,6251
9489,93,6253
9489,105,7196
9489,146,9845
9489,162,10862
9489,162,10880
9489,168,11264
9489,169,11323
9489,175,11747
9489,175,11749
9489,178,11894
9489,185,12301
9489,186,12350
9489,201,13343
9489,216,14347
9489,216,14354
9489,221,14686
9489,227,15040
9489,227,15056
9489,230,15257
9489,235,15559
9489,248,16382
9489,259,17057
9489,259,17058
9489,259,17059
9489,270,17717
9489,271,17770
9489,273,17923
9489,285,18645
8591,41,3941
8591,57,5464
8591,71,6772
8591,79,7547
8591,104,10058
8591,104,10061
8591,108,10484
8591,122,11864
8591,145,14190
8591,148,14478
8591,153,14915
8591,153,14920
8591,153,14936
8591,177,17306
8591,197,19235
8591,197,19244
8591,199,19431
8591,211,20644
8591,246,23999
8591,250,24426
8591,253,24716
8591,258,25208
8591,258,25238
8591,258,25243
8591,277,27074
8591,277,27083
8591,277,27085
8591,281,27446
8591,301,29365
8591,305,29753
8591,334,32427
8605,4,512
8605,30,2875
8605,87,8133
8605,87,8134
8605,94,8765
8605,94,8766
8605,109,10081
8605,109,10094
8605,169,15355
8605,182,16548
8605,192,17440
8605,197,17897
8605,215,19497
8591,216,21114
8591,247,24111
8591,252,24610
8591,283,27652
8591,283,27656
8591,285,27838
8591,304,29651
8591,309,30113
8591,317,30844
8591,340,32969
8591,340,32979
8591,340,32989
8591,345,33428
8605,42,3923
8605,42,3936
8605,44,4121
8605,44,4126
8605,83,7776
8605,95,8860
8605,102,9427
8605,103,9519
8605,131,11950
8605,138,12597
8605,150,13685
8605,167,15178
8605,189,17170
8605,224,20325
8605,237,21485
8605,243,22017
8605,271,24637
8605,283,25718
8605,283,25719
8605,283,25738
8605,288,26187
8605,293,26551
8605,298,26992
8591,326,31668
8591,330,32047
8591,344,33343
8605,35,3375
8605,45,4193
8605,75,7032
8605,84,7864
8605,84,7888
8605,93,8650
8605,172,15649
8605,199,18075
8605,199,18093
8605,202,18336
8605,202,18354
8605,208,18843
8605,208,18844
8605,217,19679
8605,217,19697
8605,225,20432
8605,225,20442
8605,267,24276
8605,277,25183
8605,277,25188
8605,277,25191
8605,281,25539
8605,286,25983
8605,328,29608
8605,331,29853
8605,342,30822
8605,350,31539
8605,351,31615
8605,356,32084
8605,360,32440
8605,361,32506
8605,363,32685
8605,363,32697
8605,374,33635
8605,380,34165
8605,394,35347
8605,269,24448
8605,304,27507
8605,310,28053
8605,321,29005
8605,323,29163
8605,327,29526
8605,330,29750
8605,330,29762
8605,335,30198
8605,336,30304
8605,340,30654
8605,341,30740
8605,349,31439
8605,353,31819
8605,358,32255
8605,362,32586
8605,362,32588
8605,372,33427
8605,375,33730
8605,381,34293
8605,389,34908
8605,390,34986
8605,397,35641
8605,400,35932
8605,402,36078
8605,406,36436
8605,406,36448
8605,406,36459
8605,414,37099
8605,420,37684
8605,421,37745
8605,425,38099
8605,430,38585
8605,445,39978
8605,447,40187
8605,447,40190
8605,451,40586
8605,458,41230
8591,4,236
8591,4,257
8591,10,813
8591,23,2161
8591,47,4536
8591,53,5070
8591,60,5734
8591,63,6009
8591,67,6428
8591,68,6503
8591,68,6507
8591,68,6518
8591,81,7782
8591,91,8770
8591,94,9066
8591,99,9580
8591,143,13980
8591,149,14561
8591,184,17975
8591,184,17984
8591,186,18179
8591,188,18390
8591,207,20229
8591,219,21449
8591,229,22401
8591,234,22884
8606,251,23523
8606,265,24871
8606,265,24875
8606,284,26580
8606,284,26582
8606,284,26589
8606,285,26667
8606,289,26968
8606,299,27920
8606,307,28639
8606,308,28736
8606,312,29087
8606,333,30892
8606,333,30910
8606,340,31589
8606,340,31590
8606,340,31603
8591,5,340
8591,6,440
8591,13,1087
8591,13,1106
8591,14,1201
8591,15,1327
8591,20,1825
8591,25,2344
8591,25,2348
8591,28,2642
8591,33,3125
8591,34,3227
8591,34,3235
8591,35,3320
8591,69,6595
8591,69,6602
8591,78,7461
8591,78,7464
8591,78,7471
8591,80,7672
8591,80,7673
8591,90,8640
8591,98,9479
8591,103,9976
8591,109,10553
8591,109,10560
8591,146,14264
8591,147,14377
8591,154,15031
8591,154,15039
8591,169,16477
8591,169,16479
8591,169,16492
8591,169,16496
8591,171,16719
8591,171,16732
8591,187,18279
8591,191,18648
8591,201,19623
8591,227,22225
8591,263,25731
8591,267,26135
8591,275,26943
8591,280,27361
8591,286,27929
8591,296,28878
8591,296,28880
8591,303,29550
8591,1,20
8591,1,29
8591,22,2049
8591,32,3022
8591,36,3412
8591,66,6304
8591,66,6315
8591,66,6327
8591,87,8361
8591,87,8379
8591,87,8383
8591,97,9366
8591,107,10371
8591,119,11584
8591,119,11592
8591,123,11979
8591,235,22948
8591,254,24780
8591,270,26461
8591,297,28976
8591,332,32242
8591,343,33274
8605,9,972
8605,14,1431
8605,25,2420
8605,25,2433
8605,33,3149
8605,46,4305
8605,63,5846
8605,69,6459
8605,70,6547
8605,108,10001
8605,111,10256
8605,133,12142
8605,164,14938
8605,165,15000
8605,180,16360
8605,180,16369
8605,184,16712
8605,184,16713
8605,184,16717
8605,194,17611
8605,196,17794
8605,212,19219
8591,7,505
8591,7,522
8591,37,3504
8591,136,13220
8591,138,13447
8591,205,20029
8591,206,20134
8591,210,20517
8591,210,20520
8591,224,21932
8591,249,24312
8591,287,28012
8591,287,28028
8591,300,29263
8591,313,30489
8591,327,31778
8591,338,32786
8605,2,339
8605,20,1973
8605,22,2150
8605,43,4037
8605,90,8440
8605,96,8961
8605,107,9890
8605,114,10545
8605,147,13410
8605,191,17335
8605,198,18004
8605,198,18007
8605,204,18507
8605,204,18511
8605,270,24543
8605,270,24544
8605,270,24548
8605,275,25022
8605,287,26080
8605,292,26455
8605,422,37859
8605,428,38402
8605,446,40078
9436,67,4667
9436,70,5003
9436,71,5088
9436,75,5667
9436,77,5918
9436,82,6484
9436,119,11306
9436,124,12018
9436,125,12156
9436,129,12662
9436,134,13315
9436,150,15325
9436,154,15924
9436,154,15947
9436,162,16965
9436,163,17081
9436,172,18395
9436,173,18501
9436,179,19452
9436,180,19527
9436,183,20016
9436,193,21461
9436,193,21489
9437,4,478
9437,4,503
9437,5,650
9437,5,666
9437,7,965
9436,66,4589
9436,72,5226
9436,73,5391
9436,76,5783
9436,87,7260
9436,123,11899
9436,123,11910
9436,128,12492
9436,132,13099
9436,132,13123
9436,133,13198
9436,137,13725
9436,138,13858
9436,144,14550
9436,144,14553
9436,145,14658
9436,151,15437
9436,152,15603
9436,157,16275
9436,158,16471
9436,160,16697
9436,165,17461
9436,166,17538
9436,166,17559
9436,181,19744
9436,189,20925
9436,190,21046
9436,194,21594
9436,194,21596
9533,6,433
9533,6,447
9533,17,1199
9533,25,1743
9533,26,1819
9533,31,2203
9533,37,2625
9533,54,3833
9533,57,4059
9533,72,5177
9533,76,5460
9533,80,5782
9533,88,6313
9533,92,6590
9533,94,6722
9533,114,8168
9533,122,8734
9533,131,9408
9533,131,9416
9533,143,10287
9533,144,10380
9533,146,10518
9533,150,10779
9533,160,11516
9533,164,11793
9533,164,11794
9533,168,12098
9533,180,12905
9533,46,3282
9533,87,6261
9533,100,7201
9533,101,7275
9533,121,8667
9533,121,8670
9533,126,9054
9533,127,9121
9533,145,10447
9533,158,11350
9533,158,11366
9533,158,11371
9533,167,12059
9533,174,12536
9533,174,12542
9533,179,12820
9783,7,986
9783,10,1448
9783,10,1481
9783,16,2425
9783,17,2582
9783,18,2719
9783,20,3019
9783,21,3156
9783,28,4276
9783,31,4765
9783,34,5223
9783,37,5638
9783,37,5654
9783,39,5958
9783,44,6745
9788,6,443
9788,11,888
9788,22,1848
9788,22,1862
9788,69,4963
9788,82,6063
9788,91,6838
9788,98,7505
9788,122,9788
9788,131,10673
9788,131,10697
9788,136,11167
9788,136,11195
9788,147,12267
9788,158,13363
9788,169,14458
9788,189,16503
9788,222,19761
9788,228,20290
9788,248,21861
9788,249,21977
9788,258,22685
9788,264,23164
9788,264,23175
9788,265,23259
9788,270,23699
9788,276,24222
9788,276,24265
9788,277,24330
9788,277,24342
9788,279,24526
9788,283,24830
9788,284,24907
9788,288,25276
9788,289,25341
9788,290,25455
9788,294,25750
9788,294,25758
9788,299,26208
9788,305,26707
9788,307,26865
9762,3,1135
9762,6,1441
9762,9,1809
9762,35,4547
9762,89,9676
9762,89,9690
9762,91,9852
9762,95,10220
9762,99,10499
9762,99,10511
9762,105,11015
9762,105,11044
9762,109,11419
9762,113,11790
9762,145,13976
9762,145,13986
9762,150,14459
9762,152,14652
9762,176,16778
9762,176,16816
9762,187,17753
9762,198,18751
9762,235,22069
9762,258,23998
9762,258,24004
9762,258,24011
9762,273,25340
9762,273,25343
9762,282,26051
9762,296,27177
9762,301,27590
9762,310,28285
9762,329,29890
9762,335,30319
9762,350,31551
9762,356,32008
9762,361,32439
9762,361,32442
9788,262,23019
9788,273,23943
9788,274,24045
9788,292,25591
9788,292,25597
9788,297,26027
9788,302,26422
9788,308,26943
9788,311,27225
9781,95,15733
9781,113,18575
9781,122,19907
9781,132,21450
9788,1,16
9788,17,1420
9788,19,1592
9788,68,4861
9788,83,6165
9788,94,7112
9788,123,9861
9788,123,9887
9788,127,10268
9788,128,10357
9788,128,10378
9788,128,10381
9788,139,11461
9788,139,11475
9788,141,11705
9788,144,11988
9788,149,12456
9788,149,12497
9788,157,13236
9788,161,13653
9788,166,14139
9788,176,15178
9788,180,15563
9788,180,15614
9788,188,16391
9788,201,17684
9788,219,19481
9788,220,19548
9788,226,20052
9788,226,20053
9788,229,20413
9788,229,20422
9788,242,21380
9788,243,21450
9788,245,21620
9788,8,595
9788,9,703
9788,16,1298
9788,16,1319
9788,48,3361
9788,48,3365
9788,48,3368
9788,64,4503
9788,71,5150
9788,86,6424
9788,117,9304
9788,117,9317
9788,125,10089
9788,130,10560
9788,130,10594
9788,135,11074
9788,140,11609
9788,145,12087
9788,148,12351
9788,164,13952
9788,175,15094
9788,181,15717
9788,184,16007
9788,194,17004
9788,199,17493
9788,199,17507
9788,199,17526
9788,203,17889
9788,206,18181
9788,206,18186
9788,213,18860
9788,215,19083
9788,223,19856
9788,227,20201
9788,230,20488
9788,240,21195
9788,246,21672
9788,253,22266
9762,20,3052
9762,82,9096
9762,92,9978
9762,115,11951
9762,115,11970
9762,143,13814
9762,149,14385
9762,161,15480
9762,177,16914
9762,200,18894
9762,200,18898
9762,200,18944
9762,215,20280
9762,222,20869
9762,231,21733
9762,237,22252
9762,250,23349
9762,254,23664
9762,272,25273
9762,275,25530
9762,279,25844
9762,283,26123
9762,289,26614
9762,302,27665
9762,302,27678
9762,347,31315
9762,347,31347
9762,357,32078
9762,359,32300
9762,363,32634
9762,363,32638
9762,378,33937
9762,381,34238
9762,392,35136
9762,408,36337
9762,425,37479
9762,429,37882
9762,429,37885
9762,429,37886
9762,437,38583
9762,445,39288
9762,445,39299
9762,458,40428
9762,466,41107
9762,466,41109
9518,4,285
9518,5,395
9518,25,2253
9518,26,2380
9518,27,2444
9518,27,2469
9518,29,2692
9518,30,2783
9518,35,3192
9518,36,3257
9518,36,3279
9518,39,3505
9533,14,1008
9533,14,1027
9533,40,2832
9533,47,3357
9533,78,5611
9533,86,6192
9533,99,7134
9533,111,7986
9762,332,30099
9762,345,31184
9762,374,33603
9762,374,33635
9762,374,33640
9762,379,34038
9762,382,34347
9762,384,34521
9762,384,34549
9762,388,34743
9762,388,34753
9762,395,35377
9762,396,35490
9762,423,37294
9762,424,37394
9762,428,37776
9762,434,38306
9762,441,38952
9762,442,39036
9762,446,39405
9762,455,40169
9762,462,40744
9762,467,41186
9762,468,41335
9762,468,41336
9762,49,5749
9762,54,6265
9762,133,13085
9762,141,13621
9762,156,15013
9762,162,15580
9762,163,15635
9762,164,15715
9762,164,15719
9762,174,16630
9762,181,17231
9762,182,17274
9762,182,17285
9762,182,17308
9762,185,17550
9762,188,17854
9762,188,17886
9762,191,18115
9762,191,18143
9762,207,19537
9762,208,19636
9762,214,20153
9762,216,20380
9762,220,20693
9762,225,21171
9762,226,21270
9762,234,21970
9762,256,23828
9762,256,23854
9762,262,24347
9762,274,25419
9762,287,26481
9762,287,26489
9762,295,27127
9762,299,27448
9762,355,31939
9762,370,33290
9762,370,33294
9762,380,34150
9762,418,36888
9762,10,1941
9762,11,2006
9762,11,2011
9762,11,2022
9762,17,2754
9762,21,3159
9762,53,6138
9762,61,6881
9762,77,8629
9762,104,10960
9762,107,11236
9762,116,12034
9762,201,19040
9762,221,20764
9762,227,21376
9762,261,24235
9762,271,25172
9762,276,25589
9762,285,26320
9762,291,26792
9762,341,30794
9762,346,31226
9762,346,31264
9762,362,32539
9762,369,33189
9762,390,34946
9762,391,35009
9762,420,37042
9762,421,37153
9762,422,37233
9762,426,37584
9762,433,38202
9762,433,38238
9762,433,38247
9762,433,38250
9762,450,39753
9762,456,40213
9762,459,40487
9762,469,41377
9762,469,41382
9762,469,41399
9762,470,41489
9762,470,41497
9762,470,41522
8682,14,1104
8682,20,1605
8682,20,1615
8682,47,3698
8682,84,6123
8682,84,6135
8682,98,7288
8682,121,9241
8682,121,9267
8682,121,9280
8682,121,9296
8682,139,10760
8682,139,10781
8682,142,10978
8682,142,11019
8682,164,12971
8682,164,12981
8682,168,13355
8682,182,14541
8682,186,14892
8682,207,16516
8682,220,17600
8682,236,19296
8682,267,21775
8682,267,21785
8682,293,23744
8682,304,24713
8682,304,24715
8682,314,25544
8682,314,25558
8682,327,26658
8682,329,26798
8682,330,26875
8682,330,26902
8682,336,27547
8682,336,27555
8682,347,28598
8682,347,28599
8682,362,30055
8682,365,30362
8682,365,30364
8682,369,30841
8682,369,30867
8682,373,31257
8682,373,31267
8682,373,31282
8682,397,34026
8682,410,35454
8682,438,38553
8682,448,39704
8682,448,39708
8682,457,40671
8682,470,42140
8739,210,20057
8739,225,21532
8739,234,22307
8739,297,28633
8739,302,29112
8739,302,29125
8739,345,33309
8739,349,33665
8739,371,35722
8739,371,35723
8739,401,38433
8740,29,2673
8740,29,2684
8740,40,3702
8740,46,4338
8740,70,6894
8740,98,9580
8740,134,12976
8682,2,78
8682,46,3659
8682,86,6282
8682,99,7420
8682,107,8164
8682,119,9104
8682,119,9106
8682,127,9763
8682,134,10362
8682,146,11307
8682,153,11942
8682,153,11943
8682,153,11945
8682,153,11977
8682,161,12686
8682,169,13440
8682,176,14026
8682,176,14041
8682,176,14044
8682,180,14378
8682,180,14392
8682,184,14710
8682,199,15870
8682,199,15873
8682,199,15891
8682,203,16196
8682,216,17262
8682,217,17343
8682,217,17372
8682,222,17762
8682,222,17763
8682,222,17789
8682,224,17931
8682,230,18796
8682,230,18835
8682,233,19063
8682,242,19817
8682,253,20702
8682,254,20753
8682,254,20775
8682,264,21537
8682,266,21675
8682,271,22071
8682,280,22696
8682,280,22697
8682,287,23254
8682,287,23261
8682,294,23838
8682,302,24492
8682,302,24527
8682,302,24553
8682,376,31614
8682,376,31616
8682,376,31633
8682,381,32172
8682,381,32189
8682,424,36949
8682,424,36957
8682,424,36985
8682,431,37811
8682,437,38411
8682,437,38447
8682,463,41376
8739,69,6552
8739,91,8667
8739,181,17305
8739,261,25078
8739,303,29214
8739,311,30056
8739,326,31485
8739,331,32001
8739,340,32818
8739,340,32819
8739,384,36904
8682,4,279
8682,4,283
8682,9,692
8682,21,1681
8682,24,1928
8682,55,4249
8682,56,4326
8682,57,4357
8682,64,4781
8682,64,4806
8682,81,5909
8682,81,5925
8682,82,5972
8682,82,5991
8682,82,6010
8682,85,6223
8682,93,6877
8682,94,6935
8682,100,7462
8682,100,7504
8682,112,8561
8682,112,8582
8682,120,9188
8682,122,9378
8682,123,9434
8682,141,10938
8682,141,10941
8682,149,11527
8682,149,11535
8682,150,11666
8682,154,12033
8682,154,12067
8682,173,13792
8682,173,13820
8682,173,13822
8682,173,13823
8682,178,14215
8682,223,17839
8682,232,18996
8682,258,21068
8682,258,21099
8682,262,21395
8682,262,21431
8682,298,24183
8682,319,25974
8682,319,25976
8682,319,25989
8682,334,27323
8682,334,27365
8682,351,29060
8682,378,31816
8682,378,31829
8682,415,36015
8682,415,36023
8682,430,37681
8682,433,38003
8682,442,39014
8682,442,39036
8682,456,40582
8682,456,40612
8682,475,42636
8739,31,3054
8739,31,3055
8739,35,3425
8739,40,3860
8739,46,4378
8739,67,6361
8739,135,12885
8739,161,15406
8739,168,16070
8739,188,17994
8739,188,18000
8739,202,19301
8739,203,19396
8739,218,20838
8739,294,28326
8739,294,28328
8739,294,28332
8739,320,30950
8739,354,34163
8739,405,38826
8682,68,5046
8682,89,6533
8682,89,6576
8682,103,7761
8682,118,9017
8682,124,9546
8682,138,10674
8682,179,14278
8682,225,17975
8682,238,19451
8682,268,21823
8682,297,24130
8682,361,29979
8682,363,30168
8682,427,37305
8682,460,41024
8682,460,41051
8682,473,42450
8682,473,42454
8739,39,3783
8739,71,6735
8739,137,13073
8739,150,14328
8739,166,15887
8739,170,16257
8739,178,17014
8739,195,18689
8739,198,18936
8739,206,19687
8739,242,23163
8739,242,23177
8739,244,23348
8739,267,25659
8739,305,29431
8739,306,29532
8739,306,29534
8739,327,31597
8739,327,31599
8739,330,31903
8739,332,32091
8739,355,34227
8739,361,34777
8739,365,35172
8682,22,1736
8682,42,3338
8682,53,4177
8682,101,7575
8682,125,9615
8682,131,10077
8682,145,11253
8682,145,11266
8682,204,16269
8682,211,16841
8682,214,17116
8682,214,17120
8682,229,18741
8682,277,22427
8682,277,22430
8682,277,22445
8682,277,22454
8682,283,22944
8682,296,24023
8682,296,24033
8682,309,25149
8682,309,25160
8682,331,26969
8682,348,28716
8682,348,28733
8682,368,30716
8682,368,30748
8682,422,36748
8682,422,36754
8682,429,37521
8682,429,37546
8682,443,39161
8682,466,41686
8682,478,42967
8682,478,42993
8682,478,42995
8739,26,2597
8739,37,3590
8739,37,3591
8739,52,4924
8739,65,6180
8739,84,8002
8739,86,8185
8739,122,11673
8739,155,14822
8739,164,15660
8739,164,15678
8739,165,15758
8739,183,17503
8739,185,17690
8739,185,17693
8739,194,18591
8739,201,19218
8739,201,19221
8739,236,22530
8739,236,22531
8739,277,26652
8739,283,27256
8739,283,27258
8739,338,32633
8739,346,33387
8682,1,15
8682,15,1156
8682,52,4074
8682,67,4987
8682,69,5127
8682,80,5801
8682,105,7950
8682,105,7958
8682,105,7973
8682,115,8806
8682,117,8947
8682,117,8969
8682,128,9884
8682,129,9910
8682,132,10185
8682,132,10198
8682,133,10261
8682,136,10517
8682,136,10539
8682,137,10628
8682,147,11378
8682,151,11781
8682,156,12191
8682,162,12781
8682,162,12818
8682,167,13228
8682,170,13518
8682,177,14095
8682,177,14138
8682,181,14469
8682,183,14656
8682,200,15949
8682,200,15985
8682,205,16390
8682,215,17170
8682,235,19207
8682,235,19245
8685,268,28171
8739,3,478
8739,7,836
8739,49,4666
8739,66,6266
8739,97,9251
8739,110,10563
8739,125,11917
8739,125,11921
8739,152,14538
8739,193,18479
8739,263,25260
8739,278,26775
8739,278,26782
8739,323,31207
8739,379,36467
8739,393,37711
8682,7,462
8682,7,499
8682,10,752
8682,12,908
8682,13,1028
8682,13,1029
8682,13,1043
8682,25,2040
8682,25,2069
8682,49,3861
8682,60,4547
8682,87,6392
8682,88,6470
8682,88,6484
8682,88,6496
8682,92,6774
8682,92,6779
8682,102,7686
8682,104,7871
8682,104,7888
8682,111,8453
8682,111,8494
8682,126,9667
8682,126,9671
8682,140,10828
8682,148,11443
8682,155,12122
8682,155,12130
8682,159,12541
8682,165,13089
8682,239,19541
8682,239,19560
8682,239,19561
8682,249,20333
8685,207,21664
8685,209,21910
8685,209,21934
8685,223,23341
8685,243,25436
8685,243,25439
8685,247,25861
8685,273,28748
8739,53,5029
8739,79,7473
8739,94,8961
8739,104,9982
8739,117,11196
8739,144,13749
8739,158,15120
8739,177,16908
8739,207,19776
8739,207,19784
8739,339,32725
8739,348,33580
8739,352,33961
8739,380,36544
8739,380,36551
8739,385,36990
8685,9,1006
8685,72,7559
8685,87,9189
8685,121,12723
8685,144,15027
8685,152,15859
8685,159,16532
8685,175,18297
8685,214,22384
8685,214,22425
8685,227,23730
8685,252,26436
8685,260,27279
8685,264,27744
8685,269,28288
8685,272,28650
8685,283,29446
8685,283,29507
8685,284,29567
8685,291,30294
8685,291,30305
8685,291,30346
8685,294,30633
8739,8,910
8739,25,2511
8739,32,3148
8739,32,3149
8739,38,3686
8739,77,7286
8739,89,8476
8739,100,9559
8739,100,9561
8739,103,9859
8739,119,11358
8739,127,12130
8739,128,12220
8739,143,13641
8739,145,13852
8739,159,15203
8739,180,17206
8739,272,26137
8739,272,26151
8739,312,30166
8739,342,33004
8685,3,288
8685,15,1433
8685,15,1465
8685,24,2393
8685,24,2400
8685,28,2862
8685,36,3735
8685,38,3937
8685,39,4089
8685,39,4107
8685,47,4944
8685,52,5432
8685,61,6369
8685,64,6661
8685,64,6680
8685,67,7005
8685,75,7848
8685,84,8830
8685,84,8868
8685,86,9057
8685,86,9085
8685,94,9976
8685,95,10099
8685,95,10132
8685,116,12182
8685,117,12294
8685,117,12305
8685,128,13494
8685,139,14476
8685,145,15167
8685,145,15168
8685,148,15435
8685,148,15492
8685,154,16074
8685,158,16426
8685,176,18385
8685,194,20334
8685,203,21280
8685,215,22525
8685,221,23104
8685,228,23874
8685,228,23887
8685,228,23901
8685,239,25039
8685,239,25047
8685,248,25971
8685,248,25992
8738,41,4422
8738,41,4424
8738,78,8024
8738,96,9821
8738,154,15573
8738,159,16082
8738,169,17137
8738,202,20441
8738,202,20444
8738,221,22311
8738,231,23331
8738,287,29001
8738,292,29510
8738,304,30721
8738,327,33086
8738,341,34468
8558,6,146
8558,9,265
8559,3,70
8559,3,103
8559,12,495
8559,13,517
8559,14,587
8559,16,680
8559,17,698
8559,17,704
8559,19,797
8559,19,799
8559,21,898
8559,23,985
8598,4,855
8680,2,172
8680,3,292
8680,3,310
8680,4,410
8680,4,412
8680,10,1240
8680,10,1267
8680,10,1276
8680,13,1675
8680,13,1678
8680,20,2525
8680,22,2764
8680,23,2943
8680,28,3621
8680,29,3728
8680,31,3945
8680,35,4463
8731,1,17
8731,1,20
8559,10,395
8559,11,457
8559,22,941
8743,161,16534
8743,176,17930
8743,198,20018
8743,204,20602
8743,204,20603
8743,213,21492
8743,219,22087
8743,229,23066
8743,237,23894
8743,242,24400
8743,242,24401
8743,248,24940
8743,258,25901
8743,262,26295
8743,281,28211
8743,285,28648
8743,312,31226
8743,319,31920
8743,325,32568
8743,333,33312
8743,353,35350
8743,379,37871
8743,384,38339
8743,384,38341
8743,389,38843
8743,408,40787
8743,411,41106
8743,419,41884
8743,424,42352
8743,457,45657
8743,461,46057
8743,462,46144
8743,11,1646
8743,19,2468
8743,19,2475
8743,43,4976
8743,44,5045
8743,46,5262
8743,51,5751
8743,52,5845
8743,58,6432
8743,58,6434
8743,73,7802
8743,99,10322
8743,110,11409
8743,112,11625
8743,138,14270
8743,147,15165
8743,168,17174
8743,188,19108
8743,205,20698
8743,205,20721
8743,212,21382
8743,222,22363
8743,230,23168
8743,238,23991
8743,238,24004
8743,244,24594
8743,251,25222
8743,260,26088
8743,324,32443
8743,360,36087
8743,362,36263
8743,362,36277
8743,363,36368
8743,372,37214
8743,377,37679
8743,382,38131
8743,382,38142
8743,388,38734
8743,392,39120
8743,399,39824
8743,399,39836
8743,402,40136
8743,431,43032
8743,432,43105
8652,267,20946
8652,287,22392
8652,296,23129
8652,304,23734
8652,309,24080
8652,313,24362
8652,337,26275
8652,350,27299
8652,368,28557
8652,394,30338
8652,403,31042
8652,407,31450
8652,407,31451
8652,409,31587
8652,410,31690
8652,411,31789
8652,422,33151
8652,423,33476
8652,438,34691
8652,438,34698
8652,449,35392
8652,454,35768
8652,466,36737
8652,466,36745
8652,473,37264
8652,473,37269
8652,473,37276
8743,6,1163
8743,6,1173
8743,9,1424
8743,13,1864
8743,13,1873
8743,13,1875
8743,27,3294
8743,27,3295
8743,30,3614
8743,36,4257
8743,41,4743
8743,49,5562
8743,54,6037
8743,54,6045
8743,54,6055
8743,66,7135
8743,68,7318
8743,68,7330
8743,100,10409
8743,104,10821
8743,104,10824
8743,128,13230
8743,133,13746
8743,160,16448
8743,160,16449
8743,171,17426
8743,171,17435
8743,173,17599
8743,191,19381
8743,210,21222
8743,231,23259
8743,235,23675
8743,235,23676
8743,235,23677
8743,246,24761
8743,246,24765
8743,263,26398
8743,263,26416
8743,316,31662
8743,317,31752
8743,344,34486
8743,21,2686
8743,35,4144
8743,35,4157
8743,91,9538
8743,93,9738
8743,97,10132
8743,102,10600
8743,109,11346
8743,117,12121
8743,142,14687
8743,142,14693
8743,150,15449
8743,150,15471
8743,172,17515
8743,180,18369
8743,183,18661
8743,208,21025
8743,221,22268
8743,232,23351
8743,245,24661
8743,283,28429
8743,283,28436
8743,289,28970
8743,292,29284
8743,305,30553
8743,315,31555
8743,320,32015
8743,328,32851
8743,328,32852
8743,338,33854
8743,346,34660
8743,354,35439
8743,354,35443
8743,354,35464
8743,364,36475
8743,365,36574
8743,365,36579
8743,370,37041
8743,370,37051
8743,374,37423
8743,374,37424
8743,374,37446
8743,387,38658
8743,394,39339
8743,401,40051
8743,421,42084
8743,421,42104
8743,422,42177
8743,422,42184
8743,429,42836
8743,429,42839
8743,452,45066
8743,3,885
8743,10,1549
8743,39,4544
8743,42,4844
8743,111,11512
8743,130,13442
8743,131,13551
8743,135,13976
8743,140,14487
8743,149,15372
8743,151,15560
8743,158,16235
8743,162,16628
8743,179,18249
8743,179,18268
8743,187,19029
8743,193,19568
8743,194,19654
8743,194,19657
8743,215,21687
8743,217,21885
8743,217,21898
8743,228,22967
8743,234,23572
8743,234,23582
8743,243,24491
8743,243,24492
8743,243,24494
8743,243,24501
8743,259,26005
8743,259,26007
8743,297,29778
8743,297,29779
8743,322,32237
8743,330,33035
8743,335,33554
8743,356,35673
8743,366,36658
8743,381,38021
8743,381,38045
8743,391,39029
8743,454,45296
8652,101,8106
8652,101,8112
8652,102,8160
8652,133,11058
8652,138,11439
8652,141,11673
8652,141,11683
8652,141,11695
8652,153,12544
8652,153,12552
8652,164,13374
8652,167,13601
8652,167,13605
8652,167,13634
8652,174,14174
8652,176,14302
8652,184,15007
8652,186,15135
8652,186,15154
8652,192,15631
8652,210,16818
8652,210,16840
8652,214,17096
8652,214,17101
8652,218,17405
8652,220,17558
8652,239,18897
8652,239,18900
8652,244,19217
8652,248,19499
8652,259,20324
8652,269,21076
8652,273,21337
8652,273,21342
8652,278,21749
8652,286,22330
8652,286,22337
8652,292,22790
8652,321,25098
8652,332,25870
8652,372,28846
8652,405,31296
8652,405,31303
8652,427,33786
8652,436,34561
8652,448,35325
8652,448,35335
8652,474,37344
8652,2,150
8652,15,1265
8652,20,1706
8652,20,1709
8652,25,2033
8652,25,2058
8652,26,2112
8652,26,2138
8652,27,2231
8652,29,2344
8652,30,2440
8652,34,2712
8652,34,2729
8652,36,2829
8652,38,3035
8652,39,3104
8652,39,3129
8652,39,3131
8652,40,3180
8652,45,3595
8652,45,3596
8652,47,3770
8652,47,3790
8652,48,3864
8652,49,3933
8652,50,4047
8652,54,4360
8652,54,4372
8652,55,4441
8652,59,4789
8652,60,4872
8652,61,4910
8652,62,5011
8652,62,5026
8652,65,5251
8652,66,5363
8652,67,5443
8652,75,6075
8652,75,6103
8652,76,6207
8652,77,6254
8652,79,6429
8652,89,7082
8652,90,7168
8652,92,7332
8652,94,7481
8652,97,7710
8652,100,7898
8652,144,11910
8652,144,11932
8658,380,29271
8658,390,29947
8658,394,30245
8658,408,31439
8658,409,31513
8658,432,33296
8652,107,8439
8652,108,8510
8652,119,9640
8652,119,9645
8652,122,9967
8652,129,10691
8652,130,10772
8652,134,11118
8652,134,11134
8652,142,11757
8652,155,12697
8652,155,12708
8652,166,13548
8652,170,13886
8652,188,15295
8652,205,16415
8652,211,16924
8652,219,17467
8652,222,17725
8652,225,17919
8652,225,17929
8652,225,17940
8652,231,18350
8652,250,19660
8652,260,20382
8652,264,20701
8652,280,21894
8652,283,22087
8652,283,22106
8652,295,23018
8652,295,23022
8652,311,24225
8652,316,24667
8652,331,25795
8652,345,26888
8652,354,27591
8652,354,27616
8652,357,27833
8652,399,30722
8652,401,30854
8652,404,31187
8652,414,32000
8652,414,32007
8652,419,32389
8652,432,34208
8652,432,34234
8652,434,34395
8652,434,34407
8652,442,34927
8652,455,35835
8652,460,36253
8652,462,36426
8652,463,36503
8652,463,36510
8652,472,37182
8652,111,8679
8652,111,8681
8652,128,10598
8652,136,11271
8652,154,12614
8652,154,12628
8652,159,12990
8652,175,14228
8652,181,14779
8652,190,15472
8652,209,16727
8652,228,18150
8652,232,18409
8652,237,18744
8652,270,21178
8652,277,21649
8652,300,23368
8652,302,23526
8652,302,23541
8652,308,24017
8652,308,24031
8652,318,24822
8652,322,25168
8652,334,26025
8652,344,26785
8652,352,27444
8652,353,27545
8652,353,27552
8652,390,30054
8652,402,30990
8652,412,31842
8652,418,32324
8652,425,33625
8652,429,33966
8652,429,33976
8652,429,33979
8652,431,34135
8652,431,34142
8652,435,34495
8652,443,34975
8652,444,35057
8652,445,35130
8652,445,35132
8652,453,35719
8652,456,35918
8652,457,36015
8652,461,36348
8652,464,36587
8652,471,37126
8652,480,37738
8596,10,904
8596,16,1503
8596,20,1880
8596,20,1886
8596,20,1890
8596,24,2241
8596,34,3168
8596,34,3175
8596,37,3462
8596,37,3468
8596,38,3564
8596,40,3718
8596,45,4200
8596,56,5221
8596,61,5690
8596,90,8333
8596,90,8354
8596,93,8627
8596,96,8905
8596,96,8914
8596,96,8919
8596,107,9908
8596,107,9911
8596,107,9914
8596,113,10456
8596,120,11091
8596,120,11095
8596,142,13118
8596,148,13695
8596,148,13705
8596,175,16335
8596,211,19618
8596,226,21004
8596,280,26002
8596,312,28891
8596,358,33206
8596,368,34041
8596,457,42008
8679,299,25344
8679,299,25347
8679,299,25351
8679,318,27531
8679,335,29810
8679,335,29834
8679,339,30322
8679,339,30339
8679,340,30404
8679,355,32330
8679,364,33397
8679,364,33398
8679,367,33786
8679,368,33899
8679,368,33937
8679,382,35605
8679,391,36706
8679,396,37324
8679,413,39366
8679,413,39381
8679,413,39382
8679,413,39419
8679,418,40015
8679,424,40712
8679,424,40716
8679,447,43710
8679,454,44524
8679,454,44531
8679,454,44551
8679,480,47676
8596,63,5870
8596,80,7478
8596,117,10814
8596,123,11386
8596,172,16046
8596,184,17137
8596,193,17931
8596,193,17933
8596,217,20151
8596,221,20519
8596,221,20520
8596,228,21155
8596,241,22399
8596,245,22761
8596,272,25226
8596,301,27867
8596,309,28632
8596,320,29650
8596,353,32673
8596,369,34114
8596,369,34119
8596,380,35075
8596,389,35903
8596,400,36859
8596,400,36870
8596,421,38804
8596,426,39277
8596,465,42741
8596,466,42812
8596,476,43716
8596,476,43718
8596,491,45086
8679,317,27394
8679,329,29060
8679,331,29303
8679,352,31977
8679,352,31988
8679,366,33648
8679,372,34397
8679,372,34403
8679,408,38834
8679,444,43322
8679,451,44210
8679,460,45256
8679,460,45282
8596,13,1216
8596,19,1788
8596,29,2704
8596,36,3370
8596,58,5413
8596,65,6060
8596,71,6626
8596,71,6627
8596,73,6818
8596,95,8820
8596,95,8831
8596,108,9998
8596,132,12179
8596,146,13511
8596,183,17050
8596,183,17052
8596,213,19792
8596,224,20816
8596,224,20819
8596,303,28047
8596,332,30755
8596,356,32945
8596,376,34729
8596,409,37596
8596,430,39655
8596,443,40789
8596,451,41488
8596,477,43808
8596,488,44817
8596,488,44826
8596,495,45446
8596,495,45448
8596,495,45459
8596,495,45465
8596,496,45558
8679,401,37923
8679,417,39895
8679,421,40386
8679,421,40417
8679,442,42981
8679,449,43899
8679,449,43965
8679,456,44740
8679,456,44753
8679,456,44808
8679,471,46494
8679,471,46551
8679,477,47325
8679,478,47398
8679,478,47404
8596,49,4596
8596,62,5789
8596,97,8995
8596,97,8999
8596,220,20433
8596,229,21235
8596,230,21351
8596,256,23774
8596,266,24708
8596,288,26708
8596,288,26715
8596,290,26863
8596,302,27959
8596,337,31245
8596,339,31440
8596,377,34828
8596,397,36594
8596,398,36687
8596,398,36698
8596,406,37344
8596,406,37345
8596,410,37719
8596,413,38024
8596,441,40619
8596,467,42890
8596,467,42894
8596,489,44922
8596,12,1121
8596,17,1601
8596,32,3002
8596,33,3096
8596,47,4391
8596,59,5505
8596,66,6129
8596,66,6132
8596,68,6310
8596,76,7091
8596,82,7647
8596,91,8426
8596,103,9576
8596,110,10165
8596,122,11266
8596,122,11288
8596,137,12641
8596,143,13217
8596,143,13226
8596,158,14641
8596,158,14651
8596,173,16143
8596,186,17308
8596,186,17317
8596,187,17413
8596,197,18308
8596,222,20616
8596,225,20932
8596,225,20933
8596,254,23622
8596,259,24073
8596,287,26620
8596,293,27128
8596,296,27396
8596,296,27399
8596,296,27400
8596,311,28815
8596,313,29024
8596,333,30850
8596,373,34476
8596,386,35640
8596,387,35723
8596,412,37917
8596,425,39171
8596,428,39432
8596,438,40344
8596,447,41089
8596,475,43634
8596,475,43647
8596,479,44001
8596,497,45624
8596,497,45641
8596,88,8168
8596,98,9098
8596,105,9732
8596,115,10631
8596,151,13986
8596,174,16245
8596,174,16246
8596,366,33860
8596,383,35356
8596,411,37828
8596,439,40432
8649,6,642
8649,6,658
8649,7,747
8649,13,1412
8649,13,1416
8649,13,1423
8649,13,1424
8649,13,1444
8649,17,1899
8649,18,2023
9480,120,8793
9480,123,9014
9480,129,9494
9480,133,9792
9480,146,10950
9480,146,10951
9480,159,12044
9480,168,12865
9480,169,12950
9480,176,13566
9480,187,14431
9480,187,14435
9480,187,14438
9480,188,14507
9482,11,832
9482,18,1409
9482,30,2390
9482,40,3272
9482,46,3765
9482,57,4693
9482,66,5432
9482,66,5441
9482,66,5459
9482,70,5806
9482,70,5843
9482,108,9090
9482,108,9105
9482,132,11201
9482,137,11629
9482,155,13156
9482,158,13452
9482,204,17300
9482,209,17679
9482,221,18472
9482,226,18779
9482,290,22709
9482,304,23679
9482,304,23710
9480,9,779
9480,9,783
9480,15,1269
9480,15,1270
9480,24,2013
9480,24,2027
9480,126,9255
9480,144,10763
9480,162,12311
9480,189,14593
9480,203,15767
9480,203,15772
9480,211,16491
9480,215,16844
9480,230,18094
9480,232,18279
9480,239,18880
9480,239,18891
9480,249,19727
9480,253,20042
9480,256,20269
9480,261,20734
9480,269,21391
9480,279,22176
9480,327,25001
9480,356,27191
9480,362,27680
9480,370,28350
9480,375,28722
9480,380,29152
9480,394,30410
9480,400,30857
9480,405,31320
9480,405,31335
9480,412,31924
9480,430,33220
9480,440,34047
9482,14,1061
9482,24,1917
9482,29,2317
9482,77,6449
9482,94,7889
9482,104,8744
9482,114,9601
9482,119,10061
9482,141,11968
9482,148,12561
9482,160,13601
9482,164,13957
9482,180,15305
9482,193,16376
9482,213,17924
9482,222,18533
9482,227,18842
9482,233,19246
9482,269,21368
9482,269,21380
9482,321,24919
9485,12,1120
9485,73,5406
9485,83,6088
9485,85,6219
9485,99,7213
9485,113,8260
9485,130,9585
9485,131,9641
9485,139,10273
9485,150,11096
9485,150,11111
9485,184,13852
9485,184,13859
9485,200,15177
9485,209,15946
9485,240,18503
9485,240,18508
9485,245,19000
9485,245,19003
9485,259,20126
9482,60,4978
9482,91,7607
9482,143,12136
9482,165,14008
9482,165,14051
9482,174,14784
9482,177,15094
9482,177,15107
9482,223,18625
9482,228,18918
9482,241,19728
9482,265,21132
9482,285,22337
9482,297,23198
9482,297,23216
9485,54,4139
9485,71,5278
9485,100,7263
9485,128,9413
9485,141,10432
9485,153,11325
9485,161,11966
9485,161,11981
9485,166,12380
9485,166,12381
9485,170,12693
9485,191,14430
9485,213,16294
9485,241,18633
9485,255,19838
9480,2,188
9480,11,936
9480,21,1755
9480,117,8476
9480,122,8948
9480,135,9994
9480,147,11014
9480,160,12121
9480,167,12745
9480,185,14279
9480,219,17164
9480,231,18198
9480,264,20997
9480,271,21563
9480,275,21868
9480,275,21869
9480,275,21882
9480,280,22259
9480,330,25208
9480,366,27993
9480,388,29862
9480,399,30782
9480,410,31756
9480,414,32109
9480,417,32375
9480,432,33379
9480,433,33490
9480,448,34628
9480,448,34643
9480,450,34822
9480,451,34887
9480,467,36170
9480,467,36177
9480,3,287
9480,6,542
9480,12,1033
9480,143,10668
9480,158,11953
9480,158,11962
9480,174,13396
9480,181,13947
9480,227,17854
9480,233,18371
9480,238,18803
9480,254,20126
9480,259,20540
9480,272,21659
9480,281,22350
9480,365,27946
9480,372,28500
9480,378,28992
9480,393,30311
9480,411,31838
9480,411,31848
9480,434,33562
9480,442,34217
9480,466,36097
9480,5,431
9480,20,1664
9480,22,1851
9480,118,8558
9480,130,9585
9480,136,10074
9480,155,11685
9480,172,13205
9480,195,15067
9480,206,16040
9480,218,17045
9480,218,17057
9480,218,17084
9480,250,19792
9480,250,19808
9480,324,24756
9480,324,24768
9480,331,25281
9480,364,27853
9480,373,28583
9480,379,29085
9480,381,29223
9480,385,29623
9480,395,30464
9480,407,31514
9480,415,32219
9480,418,32454
9480,437,33784
9480,437,33801
9480,441,34152
9480,471,36478
9480,471,36500
9481,19,1427
9481,51,3918
9481,78,5528
9481,96,6881
9481,96,6888
9481,112,8004
9481,112,8008
9481,121,8756
9481,121,8784
9481,122,8831
9481,142,10498
9481,146,10813
9481,147,10897
9481,152,11330
9481,152,11331
9481,156,11640
9481,162,12158
9481,168,12677
9481,199,15185
9481,201,15338
9481,201,15352
9481,215,16487
9481,220,16893
9481,221,16978
9481,239,18543
9481,248,19281
9481,274,21489
9481,281,22058
9481,287,22545
9481,287,22552
9481,295,23258
9481,331,26366
9481,337,26859
9481,343,27379
9481,352,28178
9481,357,28628
9481,357,28662
9481,364,29186
9481,364,29217
9481,389,31346
9481,395,31874
9481,395,31879
9481,402,32500
9481,430,34864
9481,454,36904
9481,462,37587
9544,227,19584
9544,251,20976
9544,257,21358
9544,258,21435
9544,268,22041
9544,273,22320
9544,278,22617
9544,287,23144
9544,287,23148
9544,288,23209
9544,293,23545
9544,306,24375
9544,316,24981
9544,321,25312
9544,323,25443
9544,340,26535
9544,350,27163
9544,361,27797
9544,382,29126
9544,399,30196
9544,399,30203
9544,400,30292
9544,402,30428
9544,442,32857
9544,471,34647
9544,479,35194
9544,286,23091
9544,312,24735
9544,320,25246
9544,322,25381
9544,345,26863
9544,347,26984
9544,381,29060
9544,396,30002
9544,396,30011
9544,401,30338
9544,407,30699
9544,408,30760
9544,412,31026
9544,417,31383
9544,431,32183
9544,439,32687
9544,449,33280
9544,455,33663
9544,456,33734
9544,466,34364
9544,470,34586
9544,475,34935
9556,4,252
9556,5,365
9556,8,589
9557,15,958
9557,25,1773
9557,32,2365
9557,38,2857
9557,38,2858
9557,58,4543
9542,344,24135
9542,344,24141
9542,349,24511
9542,370,26026
9542,443,31027
9542,443,31046
9542,453,31833
9544,11,944
9544,11,966
9544,11,991
9544,18,1582
9544,18,1587
9544,18,1595
9544,35,3041
9544,35,3060
9544,40,3490
9544,45,3951
9544,45,3953
9544,46,4056
9544,52,4424
9544,52,4450
9544,65,5461
9544,65,5507
9544,75,6417
9544,86,7334
9544,96,8280
9544,96,8290
9544,96,8312
9544,98,8453
9544,98,8505
9544,104,8986
9544,143,12452
9544,143,12486
9544,143,12492
9544,164,14420
9544,164,14438
9544,183,16110
9544,185,16306
9544,185,16352
9544,192,16845
9544,194,17030
9544,194,17063
9544,205,18021
9544,215,18795
9544,220,19115
9544,232,19873
9544,233,19929
9544,267,21989
9544,284,22979
9544,291,23413
9544,342,26673
9544,398,30138
9544,398,30146
9542,420,29244
9542,425,29668
9542,460,32148
9542,460,32157
9544,63,5333
9544,81,6897
9544,85,7251
9544,106,9187
9544,115,9970
9544,115,9998
9544,120,10442
9544,120,10443
9544,151,13267
9544,171,15088
9544,175,15454
9544,189,16615
9544,223,19278
9544,223,19304
9544,256,21282
9544,271,22204
9544,289,23285
9544,297,23791
9544,304,24257
9544,318,25109
9544,336,26261
9544,341,26604
9544,346,26939
9544,358,27618
9544,476,35000
9542,9,565
9542,14,888
9542,34,2143
9542,41,2624
9542,46,2967
9542,55,3695
9542,70,4868
9542,81,5660
9542,88,6124
9542,100,6929
9542,114,7864
9542,116,8015
9542,145,9827
9542,145,9828
9542,160,10772
9542,160,10773
9542,189,12743
9542,199,13445
9542,215,14590
9542,227,15466
9542,231,15779
9542,232,15852
9542,248,16961
9542,248,16978
9542,255,17526
9542,255,17534
9542,255,17540
9542,273,18913
9542,283,19693
9542,283,19694
9542,301,20994
9542,315,21941
9542,318,22216
9542,319,22281
9542,335,23475
9542,336,23544
9542,338,23698
9542,345,24215
9542,345,24219
9542,361,25412
9542,371,26124
9544,260,21547
9544,265,21868
9544,274,22373
9542,61,4195
9542,61,4200
9542,84,5860
9542,84,5879
9542,86,5989
9542,86,5995
9542,101,7009
9542,109,7556
9542,118,8120
9542,120,8261
9542,142,9607
9542,142,9626
9542,197,13344
9542,218,14837
9542,259,17834
9542,269,18589
9542,269,18609
9542,292,20347
9542,305,21295
9542,306,21377
9542,320,22364
9542,355,24956
9542,364,25614
9542,396,27986
9542,437,30560
9542,437,30577
9542,446,31246
9542,446,31254
9542,452,31712
9542,479,33349
9544,13,1132
9544,13,1149
9544,13,1170
9544,24,2076
9544,29,2510
9544,32,2810
9544,32,2813
9544,47,4116
9544,47,4118
9544,87,7447
9544,87,7469
9544,92,7909
9544,92,7912
9544,97,8395
9544,102,8819
9544,102,8837
9544,102,8841
9544,114,9904
9544,119,10360
9542,5,277
9542,5,287
9542,12,749
9542,19,1198
9542,26,1631
9542,53,3525
9542,57,3864
9542,64,4399
9542,68,4700
9542,85,5933
9542,87,6066
9542,92,6382
9542,94,6506
9542,95,6605
9542,96,6677
9542,106,7326
9542,117,8064
9542,159,10708
9542,159,10714
9542,163,10974
9542,164,11047
9542,165,11116
9542,174,11706
9542,174,11719
9542,174,11720
9542,177,11878
9542,195,13197
9542,195,13198
9542,196,13256
9542,196,13270
9542,210,14243
9544,142,12371
9544,150,13172
9544,155,13583
9544,157,13804
9544,167,14715
9544,201,17659
9544,218,18974
9542,8,495
9542,36,2287
9542,54,3649
9542,75,5233
9542,90,6239
9542,97,6723
9542,97,6728
9542,99,6862
9542,99,6870
9542,99,6878
9542,115,7938
9542,143,9695
9542,173,11650
9542,207,14021
9546,6,325
9546,6,335
9546,6,338
9546,18,1075
9546,28,1667
9546,40,2369
9546,45,2730
9546,48,2915
9550,17,1257
9550,17,1268
9550,18,1331
9550,67,4164
9550,76,4681
9542,3,169
9542,10,618
9542,28,1772
9542,30,1876
9542,37,2356
9542,52,3469
9542,229,15610
9542,234,16023
9542,262,18080
9542,309,21550
9542,326,22781
9542,326,22786
9542,333,23325
9542,347,24363
9542,352,24750
9542,389,27398
9542,389,27413
9542,393,27767
9542,393,27778
9542,421,29307
9542,440,30801
9542,471,32808
9542,471,32822
9542,478,33258
9544,10,866
9544,31,2685
9544,41,3577
9544,68,5758
9544,82,7027
9544,111,9642
9544,112,9717
9544,112,9736
9544,117,10153
9544,139,12097
9544,149,13074
9544,165,14543
9544,191,16788
9544,200,17531
9544,207,18158
9544,207,18167
8638,192,20013
8638,390,42217
8638,471,51355
8672,56,6390
8672,56,6391
8672,139,15953
8675,120,12526
8675,120,12531
8679,261,21823
8679,325,28494
8679,389,36412
8679,389,36413
8679,389,36443
8679,423,40643
8679,423,40645
8679,441,42836
8684,67,8056
8684,78,9234
8684,105,12384
8684,105,12409
8684,108,12694
8684,431,47025
8684,433,47263
8685,293,30559
8686,231,24090
8686,277,28709
8710,89,8568
8723,196,27993
8723,224,31814
8723,224,31827
8723,280,39820
8740,409,41151
9481,141,10397
9481,242,18785
9508,78,8027
9508,81,8313
9508,81,8329
9508,160,16294
9508,160,16319
9509,38,2637
9509,96,8203
9509,110,9643
9509,273,26013
9509,413,40006
9509,413,40015
9509,413,40023
9509,413,40038
9509,413,40047
9509,417,40377
9511,26,2067
9511,133,11905
9511,189,17547
9542,180,12091
9544,168,14781
9544,168,14808
8613,9,661
8638,40,3994
8638,40,4045
8638,43,4338
8638,43,4339
8638,120,12017
8638,352,37930
8667,319,26893
8672,92,10580
8672,103,11801
8672,115,13191
8675,102,10704
8675,102,10724
8679,176,14139
8679,326,28684
8679,403,38176
8684,71,8448
8684,76,8999
8684,76,9043
8684,184,19744
8684,184,19768
8684,213,22936
8684,333,36265
8684,382,41490
8684,452,49418
8684,452,49421
8685,31,3187
8685,290,30218
8723,94,13841
8723,171,24496
8723,171,24504
8723,250,35538
8723,250,35576
9481,175,13239
9481,217,16662
9481,226,17412
9508,121,12186
9508,130,13170
9508,166,16830
9509,159,14526
9509,159,14529
9509,227,21411
9509,305,29091
9509,305,29099
9509,319,30477
9509,408,39461
9509,408,39462
9511,37,3035
9514,176,13255
8586,431,38568
8607,115,10326
8638,278,29707
8638,285,30414
8638,345,37149
8638,345,37157
8638,345,37167
8638,417,45209
8638,417,45248
8638,424,46036
8638,424,46072
8667,223,17253
8667,223,17274
8667,227,17613
8667,329,28056
8679,132,10568
8679,211,17194
8679,248,20528
8679,248,20534
8679,248,20538
8679,263,22030
8679,322,28143
8684,353,38372
8684,353,38375
8684,397,43242
8685,40,4217
8685,40,4221
8686,271,28106
8686,271,28124
8686,271,28133
8723,19,2956
8723,19,2973
8723,165,23671
8723,336,47139
8766,23,2934
9481,20,1513
9481,416,33678
9481,416,33691
9508,77,7948
9509,142,12833
9509,310,29586
9509,398,38523
9511,74,6403
9511,74,6405
9535,55,3799
9535,55,3815
9542,454,31895
9542,454,31904
8638,117,11723
8638,205,21499
8638,321,34491
8638,321,34565
8638,480,52336
8638,480,52346
8667,243,18802
8667,243,18822
8672,98,11199
8672,148,16959
8675,106,11174
8679,74,6326
8679,188,15168
8679,188,15189
8679,254,21051
8679,254,21076
8679,445,43434
8679,445,43454
8679,445,43457
8684,151,16882
8684,152,16979
8684,198,21279
8684,198,21287
8684,198,21322
8684,198,21335
8684,232,25007
8684,247,26765
8723,75,11114
8723,153,22125
9481,400,32325
9493,46,3640
9493,46,3656
9493,46,3661
9508,107,10898
9509,153,13886
9509,203,18989
9509,246,23265
9509,269,25603
9509,269,25619
9509,311,29700
9509,446,43186
9511,188,17445
9515,58,4828
9535,250,17388
9535,250,17411
9542,290,20167
9564,5,672
9564,58,5176
8638,85,8263
8638,85,8306
8638,85,8327
8638,96,9493
8638,180,18699
8638,308,33055
8638,308,33058
8638,353,37985
8638,353,38005
8638,360,38771
8638,360,38795
8638,409,44291
8638,409,44331
8667,306,25340
8667,315,26432
8667,315,26455
8667,315,26457
8667,336,28912
8679,23,1787
8679,48,4073
8679,99,8117
8679,99,8145
8679,99,8175
8679,107,8650
8684,28,3581
8684,28,3630
8684,300,32703
8684,336,36571
8684,336,36607
8684,381,41398
8684,381,41401
8684,386,41948
8684,386,41959
8684,386,41970
8684,393,42769
8684,393,42818
8684,393,42825
8685,187,19577
8686,376,39285
8723,216,30718
8723,216,30745
8723,249,35437
8723,290,41204
8723,290,41245
8740,281,27916
8740,281,27922
9508,95,9701
9508,95,9709
9509,157,14342
9509,183,16969
9509,267,25366
9509,267,25404
9509,329,31430
9509,370,35533
9511,97,8483
9535,75,5183
9564,70,6244
9564,389,29037
8607,66,6037
8638,164,16892
8638,164,16951
8638,279,29760
8638,279,29779
8638,466,50706
8667,266,20781
8672,18,2049
8672,125,14308
8675,28,3139
8675,28,3142
8675,28,3184
8679,31,2385
8679,31,2391
8679,31,2399
8679,31,2401
8679,41,3328
8679,41,3350
8679,197,16018
8679,197,16021
8679,199,16172
8679,199,16174
8679,215,17611
8679,215,17624
8679,264,22109
8679,264,22121
8679,264,22122
8679,266,22268
8679,319,27670
8679,319,27687
8679,373,34519
8684,241,26043
8684,241,26072
8684,313,34040
8684,343,37250
8684,449,49077
8684,449,49079
8684,449,49082
8684,449,49090
8685,114,11999
8685,123,12928
8685,123,12964
8685,123,12979
8686,417,43842
8686,417,43865
8723,130,19015
8723,324,45476
8723,324,45479
8723,324,45505
9481,23,1741
9481,143,10559
9481,271,21248
9481,271,21272
9492,114,8783
9493,149,11129
9493,149,11144
9493,149,11150
9509,164,15024
9509,164,15044
9509,294,28152
9509,390,37637
9511,16,1146
9511,16,1190
9511,182,16817
9513,9,880
9564,55,4935
9564,72,6387
9564,86,7498
8638,41,4118
8638,41,4160
8638,41,4165
8638,111,11097
8638,111,11138
8638,191,19883
8638,191,19905
8638,271,28925
8638,271,28969
8638,271,28987
8638,392,42372
8638,428,46525
8638,450,48853
8675,239,27295
8679,37,2898
8679,37,2909
8679,37,2911
8679,37,2922
8679,274,23110
8684,32,4006
8684,99,11619
8684,173,18796
8684,177,19059
8684,249,26953
8684,249,26962
8684,307,33427
8684,307,33459
8684,328,35724
8684,368,40093
8684,368,40094
8685,92,9737
8685,92,9748
8686,422,44333
8686,422,44361
8723,12,1972
8723,12,1991
8723,88,12933
8723,149,21587
8723,272,38658
8723,272,38681
8723,272,38689
8740,393,39597
8740,393,39613
9508,22,2761
9508,142,14366
9508,142,14370
9509,36,2432
9509,116,10214
9509,116,10225
9509,160,14663
9509,266,25303
9509,268,25473
9509,268,25475
9511,131,11730
9513,135,13350
9513,135,13370
9535,407,28495
9544,14,1221
8638,93,9116
8638,178,18480
8638,230,24363
8638,259,27602
8638,259,27641
8638,288,30749
8638,288,30750
8638,288,30788
8672,111,12725
8672,173,19920
8675,35,3915
8675,35,3931
8675,35,3942
8679,27,2114
8679,27,2116
8679,68,5876
8679,146,11727
8679,146,11748
8679,187,15078
8679,357,32549
8679,357,32556
8679,357,32564
8684,15,2117
8684,15,2133
8684,51,6163
8684,94,11049
8684,94,11078
8684,154,17132
8684,256,27750
8684,256,27757
8684,256,27761
8684,256,27762
8684,256,27765
8684,257,27884
8684,257,27931
8684,288,31329
8685,91,9652
8686,123,12662
8686,123,12671
8686,123,12692
8710,131,12982
8710,131,12983
8723,83,12281
8723,93,13662
8723,102,15019
8723,102,15033
8723,102,15056
8723,102,15059
8723,121,17693
8723,121,17711
8723,134,19578
8723,134,19581
8723,134,19582
8723,139,20264
8723,343,48044
8740,245,24166
8740,325,32642
9493,28,2272
9509,210,19720
9509,261,24820
9509,423,41007
9511,53,4518
9511,85,7409
9511,85,7429
9513,86,8764
9513,167,16466
9513,167,16504
9514,138,10774
9535,104,7204
9564,257,17530
8638,273,29188
8638,283,30213
8638,361,38878
8638,361,38910
8638,361,38915
8672,31,3584
8675,24,2675
8675,24,2676
8675,24,2705
8675,112,11756
8675,234,26680
8679,161,12909
8679,180,14476
8679,184,14842
8679,190,15413
8679,342,30684
8679,360,32949
8679,360,32962
8679,375,34732
8679,375,34740
8679,404,38303
8679,404,38360
8681,381,31167
8681,387,31685
8685,25,2512
8685,25,2517
8685,225,23533
8723,195,27830
8723,298,42380
8723,298,42404
8723,347,48640
8740,57,5521
8740,168,16246
8740,201,19504
8740,201,19505
8740,299,29898
8740,299,29900
9481,184,13964
9508,37,4186
9508,37,4192
9508,37,4198
9508,184,18582
9508,215,21746
9509,244,23056
9509,480,46054
9511,121,10751
9514,194,14863
9514,194,14876
9535,178,12294
9542,271,18730
9564,304,21563
9564,304,21566
9564,371,27357
9564,371,27375
8607,64,5826
8638,169,17501
8667,263,20566
8667,263,20574
8672,86,9878
8675,150,16291
8679,29,2274
8679,108,8750
8684,139,15825
8684,139,15831
8684,140,15926
8684,140,15940
8684,181,19465
8684,239,25783
8684,239,25819
8684,352,38261
8684,361,39289
8684,385,41838
8686,199,20568
8686,229,23896
8723,26,3967
8723,26,4010
8723,114,16767
8723,170,24384
8723,209,29729
8723,283,40255
8723,334,46782
8740,120,11622
8740,120,11623
8740,120,11630
8740,164,15831
8740,259,25665
8766,233,28672
8766,233,28683
9481,219,16828
9481,250,19482
9481,377,30315
9481,419,33960
9493,1,10
9508,84,8621
9508,170,17223
9509,59,4771
9509,59,4776
9509,218,20546
9509,394,38104
9509,394,38131
9513,141,13966
9514,207,16138
9538,3,432
9538,11,920
9538,11,925
9538,11,929
9538,15,1157
9538,17,1297
9538,17,1302
9538,23,1682
9538,23,1704
9538,26,1885
9538,31,2225
9538,33,2339
9538,33,2342
9538,38,2677
9538,39,2738
9538,43,3003
9538,49,3409
9538,52,3592
9538,58,3969
9538,63,4273
9538,64,4329
9538,65,4388
9541,11,999
9541,19,1569
9541,51,3685
9541,51,3696
9541,62,4407
9541,62,4423
9541,63,4473
9541,65,4596
9541,72,5056
9541,91,6349
9541,117,8031
9541,120,8203
9541,130,8857
9541,130,8860
9517,16,1393
9517,26,2279
9517,31,2747
9517,33,2907
9517,41,3584
9517,61,5278
9517,61,5296
9517,65,5631
9517,75,6499
9517,80,6868
9517,88,7554
9517,100,8597
9517,100,8599
9517,110,9438
9517,110,9439
9517,120,10339
9517,164,14011
9517,164,14022
9517,171,14576
9517,171,14617
9517,177,15121
9517,210,17891
9517,230,19609
9517,230,19610
9517,248,21178
9517,265,22589
9517,290,24601
9517,295,25089
9517,300,25508
9517,325,27681
9517,346,29418
9517,368,31271
9517,368,31281
9517,368,31293
9517,378,32123
9517,388,33031
9517,392,33381
9517,392,33391
9517,393,33457
9517,396,33751
9517,396,33755
9517,398,33930
9517,410,35043
9517,410,35053
9538,5,551
9538,53,3648
9538,53,3665
9517,13,1106
9517,34,2972
9517,69,5999
9517,89,7625
9517,105,9023
9517,115,9911
9517,127,10975
9517,133,11574
9517,147,12651
9517,147,12679
9517,158,13552
9517,173,14778
9517,182,15556
9517,203,17355
9517,203,17361
9517,203,17368
9517,203,17381
9517,217,18518
9517,217,18550
9517,239,20359
9517,241,20569
9517,253,21604
9517,253,21624
9517,253,21649
9517,268,22845
9517,268,22852
9517,268,22856
9517,274,23351
9517,284,24075
9517,293,24870
9517,297,25299
9517,310,26371
9517,310,26391
9517,310,26399
9517,315,26842
9517,320,27266
9517,344,29211
9517,344,29222
9517,345,29327
9517,355,30141
9517,355,30145
9517,381,32375
9517,402,34303
9517,402,34326
9517,404,34473
9517,409,34944
8607,67,6131
8638,173,17951
8638,182,18933
8638,395,42742
8638,395,42758
8667,331,28246
8667,331,28294
8672,100,11462
8675,19,2063
8675,70,7308
8675,167,18367
8675,227,25796
8675,237,27067
8679,72,6193
8679,77,6614
8679,109,8800
8679,109,8819
8679,172,13731
8679,172,13748
8684,47,5684
8684,47,5714
8684,113,13226
8684,161,17755
8684,476,52273
8684,476,52300
8684,480,52727
8685,109,11665
8685,124,13066
8685,276,29031
8685,276,29038
8685,276,29046
8710,103,10103
8723,6,1084
8723,6,1085
8723,6,1090
8723,81,11978
8740,396,39925
8766,36,4637
9493,185,13881
9508,125,12613
9508,125,12624
9508,126,12728
9508,126,12745
9508,126,12756
9509,47,3579
9509,81,6981
9509,81,7004
9509,219,20650
9509,333,31842
9509,428,41460
9509,428,41504
9511,61,5234
9515,10,627
9535,312,21716
9535,312,21719
8638,159,16344
8638,256,27219
8638,256,27228
8638,261,27813
8638,261,27820
8638,379,40988
8667,221,17091
8672,178,20519
8672,178,20530
8672,180,20725
8672,180,20745
8675,47,5277
8675,62,6548
8675,127,13423
8675,127,13461
8679,52,4510
8679,53,4632
8679,53,4633
8679,53,4640
8679,198,16078
8679,350,31692
8679,350,31710
8679,452,44333
8684,159,17560
8684,174,18899
8684,199,21401
8684,199,21407
8684,201,21621
8684,301,32796
8684,438,47818
8684,438,47857
8686,107,11042
8686,280,29119
8686,280,29133
8686,280,29137
8723,55,8262
8723,208,29579
8723,261,37124
8723,288,40922
8723,288,40923
8723,288,40925
8723,288,40937
8723,288,40956
8723,288,40978
8723,292,41521
8740,213,20788
9481,8,589
9481,125,9049
9508,38,4291
9508,40,4487
9508,156,15890
9509,270,25683
9509,353,33792
9509,404,39074
9509,425,41225
9516,3,390
9516,3,411
9544,113,9791
9564,379,28072
8638,264,28157
8638,281,29971
8638,281,29973
8638,281,30001
8638,364,39197
8638,364,39200
8638,445,48287
8667,343,29699
8672,109,12528
8672,154,17686
8679,34,2618
8679,70,6066
8684,35,4361
8684,127,14629
8684,132,15148
8684,172,18745
8684,172,18753
8684,413,45058
8684,444,48498
8685,182,19024
8686,255,26601
8686,272,28206
8723,140,20417
8723,158,22808
8723,194,27676
8723,194,27704
8723,212,30168
8723,254,36099
8739,15,1597
9493,191,14330
9508,65,6810
9508,65,6812
9508,65,6820
9509,119,10493
9511,62,5296
9511,202,19018
9515,54,4442
9535,28,1972
9535,78,5398
9564,299,21153
8638,10,1055
8638,228,24142
8667,210,16385
8675,39,4373
8675,39,4374
8679,71,6127
8679,138,11016
8679,209,17063
8679,242,20020
8679,306,26012
8684,20,2699
8684,38,4675
8684,104,12312
8684,293,31877
8684,293,31916
8684,315,34231
8684,445,48638
8684,478,52508
8685,133,13945
8723,98,14426
8723,98,14470
8723,277,39353
8723,277,39373
8723,277,39393
8723,354,49566
8723,354,49582
8739,12,1298
8739,12,1302
8739,12,1307
8740,335,33648
9481,27,2011
9481,27,2024
9481,27,2031
9481,157,11756
9509,76,6506
9509,131,11702
9509,156,14200
9509,156,14211
9509,243,23003
9511,120,10605
9515,39,3121
9515,41,3293
9515,41,3304
9542,261,18018
8638,67,6657
8638,67,6666
8638,158,16229
8638,158,16257
8638,330,35508
8638,334,35864
8638,334,35888
8638,334,35897
8638,371,40000
8667,295,24111
8667,295,24169
8667,338,29145
8672,134,15388
8675,56,6009
8675,56,6011
8679,222,18184
8679,222,18186
8679,222,18188
8679,239,19805
8679,239,19806
8679,239,19810
8679,394,37056
8679,394,37076
8679,416,39759
8684,23,3028
8684,23,3089
8686,66,6770
8686,66,6778
8686,66,6781
8723,71,10542
8723,221,31407
8723,265,37671
8723,265,37739
8723,285,40550
8723,285,40553
8723,327,45833
8723,353,49462
9481,120,8673
9492,105,8099
9508,87,8953
9508,87,8971
9508,145,14707
9508,155,15725
9508,155,15736
9508,210,21264
9509,313,29871
9509,396,38314
9511,14,978
9511,72,6248
9542,251,17205
8638,270,28824
8638,270,28843
8638,270,28862
8638,365,39326
8638,462,50264
8667,246,19030
8667,246,19063
8675,63,6637
8675,63,6671
8675,71,7411
8679,459,45144
8684,62,7366
8684,214,23052
8684,305,33219
8684,305,33245
8684,351,38126
8684,351,38128
8685,49,5178
8685,57,5948
8685,126,13321
8685,255,26722
8685,280,29318
8686,16,1520
8686,105,10866
8686,184,18896
8686,184,18897
8710,46,4008
8723,10,1698
8723,60,8973
8723,60,9007
8723,63,9466
8723,63,9467
8723,278,39551
9481,203,15511
9481,203,15534
9481,378,30396
9509,73,6181
9509,256,24317
9509,256,24318
9509,256,24322
9509,275,26208
9509,332,31756
9509,410,39679
9509,422,40913
9511,65,5586
9513,164,16165
9544,64,5372
8638,57,5678
8638,244,25846
8638,416,45139
8638,418,45375
8638,461,50154
8672,135,15471
8672,135,15478
8675,118,12239
8675,118,12245
8675,118,12265
8675,118,12274
8675,118,12285
8675,158,17286
8675,158,17298
8679,19,1448
8679,19,1484
8679,19,1487
8679,204,16631
8679,204,16649
8679,205,16683
8679,227,18773
8684,53,6367
8684,53,6403
8684,110,12857
8684,212,22847
8684,236,25440
8684,236,25452
8684,236,25454
8684,399,43449
8684,399,43507
8684,436,47646
8685,80,8403
8685,80,8432
8685,80,8434
8686,221,22931
8686,221,22985
8686,221,22987
8723,29,4363
8723,270,38439
8723,335,46955
8740,344,34598
8766,3,319
8766,7,833
9508,66,6880
9508,66,6911
9508,200,20217
9511,29,2349
9514,73,6185
9542,190,12823
9542,363,25557
9564,26,2460
9564,26,2481
8613,10,742
8638,106,10555
8638,106,10574
8667,222,17188
8667,228,17714
8667,285,22960
8672,119,13655
8675,131,13905
8679,36,2805
8679,36,2826
8679,100,8256
8679,142,11403
8679,142,11467
8679,257,21309
8684,295,32090
8684,295,32140
8684,432,47134
8685,34,3486
8685,60,6258
8685,222,23238
8723,174,24964
8723,184,26240
8723,184,26275
8723,188,26834
8723,200,28403
8723,201,28598
8766,274,33897
9481,339,27036
9508,31,3645
9509,192,17877
9509,309,29526
9511,145,12997
9511,145,13006
9511,145,13008
9511,200,18754
9511,224,21443
9513,193,18584
9535,280,19466
9535,280,19467
9542,343,24081
9564,307,21781
9564,307,21814
9564,401,30128
9564,401,30140
8638,190,19789
8638,212,22279
8638,212,22307
8638,212,22316
8638,212,22330
8638,340,36520
8638,340,36573
8638,410,44414
8667,340,29343
8667,340,29369
8672,121,13880
8672,127,14570
8675,37,4166
8679,128,10239
8679,171,13626
8679,171,13673
8679,206,16786
8679,233,19173
8679,334,29671
8679,334,29672
8679,334,29679
8679,334,29724
8679,334,29734
8679,472,46616
8684,141,16078
8684,170,18561
8684,415,45245
8684,415,45259
8684,415,45273
8685,83,8702
8685,83,8761
8685,217,22718
8685,217,22730
8686,349,36691
8710,129,12792
8723,72,10712
8723,147,21299
8723,147,21337
8723,251,35702
8723,348,48729
8723,348,48765
8723,348,48774
8739,2,385
8739,2,388
8740,382,38503
8740,395,39797
8766,25,3171
9481,136,9999
9481,433,35137
9492,5,290
9508,143,14492
9508,182,18338
9509,320,30602
9511,143,12829
9511,176,16173
9515,47,3836
9564,106,8865
9564,106,8899
8590,213,20379
8590,219,20961
8590,224,21460
8590,227,21721
8590,238,22872
8590,244,23500
8590,251,24232
8590,254,24545
8590,254,24550
8590,262,25390
8590,284,27598
8590,287,27902
8590,288,27990
8590,292,28398
8590,302,29427
8590,305,29704
8590,315,30737
8590,324,31679
8590,325,31817
8590,326,31898
8590,347,34069
8590,352,34544
8590,353,34628
8590,355,34872
8590,362,35539
8590,365,35830
8590,368,36085
8590,370,36283
8590,373,36586
8590,387,37826
8590,391,38241
8590,391,38243
8590,397,38839
8590,403,39450
8590,412,40368
8590,413,40484
8590,422,41398
8590,425,41710
8590,429,42084
8590,434,42622
8590,472,46490
8590,474,46760
8590,54,4947
8590,59,5441
8590,100,9388
8590,122,11442
8590,122,11448
8590,162,15443
8590,180,17172
8590,187,17818
8590,190,18138
8590,190,18144
8590,203,19387
8590,216,20664
8590,228,21840
8590,230,22033
8590,236,22670
8590,236,22676
8590,246,23719
8590,246,23733
8590,260,25155
8590,261,25265
8590,261,25273
8590,276,26763
8590,280,27171
8590,280,27174
8590,285,27713
8590,289,28094
8590,289,28103
8590,290,28186
8590,308,30021
8590,312,30445
8590,321,31376
8590,327,32014
8590,345,33864
8590,356,34985
8590,366,35901
8590,369,36195
8590,386,37711
8590,388,37918
8590,388,37929
8590,404,39556
8590,414,40583
8590,415,40684
8590,415,40701
8590,417,40903
8590,426,41793
8590,428,41986
8590,431,42306
8590,431,42307
8590,431,42319
8590,440,43231
8590,445,43736
8590,452,44437
8590,452,44457
8590,14,1433
8590,18,1781
8590,18,1782
8590,24,2264
8590,33,3084
8590,39,3593
8590,47,4365
8590,97,9110
8590,102,9626
8590,125,11717
8590,134,12622
8590,160,15227
8590,165,15735
8590,169,16110
8590,173,16503
8590,173,16517
8590,178,16953
8590,178,16954
8590,179,17041
8590,199,18982
8590,200,19069
8590,200,19096
8590,215,20543
8590,215,20564
8590,237,22767
8590,243,23407
8590,253,24436
8590,253,24453
8590,311,30321
8590,311,30322
8590,320,31275
8590,332,32558
8590,354,34762
8590,361,35455
8590,361,35472
8590,361,35476
8590,401,39236
8590,401,39243
8590,409,40067
8590,436,42822
8590,471,46384
8590,477,46967
8590,4,430
8590,46,4281
8590,55,5037
8590,90,8489
8590,90,8493
8590,113,10614
8590,120,11254
8590,120,11263
8590,132,12405
8590,132,12409
8590,143,13499
8590,143,13501
8590,186,17731
8758,280,30358
8758,285,31004
8758,289,31525
8758,289,31529
8758,290,31647
8758,300,32939
8758,300,32967
8758,302,33198
8758,302,33204
8758,303,33309
8758,311,34289
8758,322,35652
8758,322,35669
8758,355,39763
8758,357,39977
8758,382,42958
8758,395,44386
8758,403,45340
8758,410,46232
8758,410,46233
8758,413,46612
8758,430,48892
8609,11,1271
8609,29,2671
8609,36,3172
8609,48,4070
8609,48,4079
8609,52,4371
8609,63,5040
8609,63,5051
8611,11,614
8611,21,1310
8614,8,721
8614,15,1277
8614,17,1405
8614,17,1419
8614,19,1561
8614,31,2381
8614,47,3466
8614,78,5658
8615,8,494
8615,9,560
8615,17,1096
8615,18,1181
8615,22,1444
8615,23,1551
8615,27,1822
8615,27,1830
8615,37,2536
8615,38,2618
8615,46,3206
8617,39,2854
8617,44,3213
8609,15,1580
8609,15,1604
8609,38,3327
8609,46,3931
8609,47,4021
8609,50,4252
8611,42,2793
8611,52,3556
8611,52,3571
8611,52,3582
8614,13,1143
8614,13,1144
8614,51,3774
8614,69,5020
8614,72,5220
8615,5,278
8615,6,339
8615,14,899
8615,19,1235
8615,21,1372
8615,34,2324
8615,49,3404
8617,3,240
8609,41,3610
8609,42,3675
8609,58,4775
8612,21,1583
8612,21,1584
8612,21,1611
8614,14,1199
8614,16,1331
8614,16,1337
8614,16,1343
8614,16,1345
8614,46,3397
8614,67,4874
8614,73,5314
8614,77,5588
8615,15,966
8615,15,967
8615,28,1888
8615,28,1909
8615,31,2109
8615,40,2778
8615,40,2784
8615,45,3123
8615,48,3329
8625,2,97
8625,8,609
8625,9,664
8625,9,681
8625,9,691
8625,17,1246
8625,24,1799
8625,34,2619
8625,35,2687
8711,3,524
8711,7,1000
8711,8,1146
8711,15,2776
8711,20,3484
8711,24,4028
8711,24,4064
8711,25,4238
8711,25,4292
8711,26,4406
8711,28,4716
8590,221,21151
8590,239,22991
8590,241,23171
8590,304,29611
8590,309,30115
8590,309,30122
8590,334,32749
8590,343,33670
8590,346,33945
8590,357,35072
8590,357,35074
8590,380,37164
8590,400,39162
8590,406,39771
8590,407,39881
8590,423,41503
8590,446,43826
8590,446,43827
8590,453,44555
8590,455,44766
8590,473,46630
8612,1,37
8612,2,100
8612,18,1375
8612,18,1377
8612,26,2037
8625,3,169
8625,5,366
8625,7,515
8625,10,773
8625,13,915
8625,29,2231
8625,31,2356
8625,36,2781
8711,2,393
8711,5,769
8711,12,1948
8711,21,3626
8711,27,4570
8611,17,1053
8611,22,1396
8611,22,1400
8611,36,2362
8611,36,2364
8611,36,2367
8611,54,3727
8614,61,4455
8614,65,4740
8614,70,5079
8614,76,5501
8614,76,5510
8617,5,415
8617,7,555
8617,10,796
8617,12,910
8617,27,2052
8617,27,2062
8617,31,2365
8617,31,2374
8617,33,2511
8617,48,3505
8617,49,3569
8617,51,3699
8617,52,3751
8617,52,3753
8617,53,3818
8617,54,3902
8617,56,4050
8617,56,4068
8617,56,4072
8617,58,4214
8617,58,4232
8617,59,4272
8617,59,4296
8617,60,4355
8617,66,4816
8617,66,4821
8611,13,756
8611,13,763
8611,15,896
8611,18,1113
8611,38,2503
8611,40,2646
8611,45,3075
8611,46,3155
8611,55,3799
8611,55,3801
8611,56,3903
8611,56,3905
8614,9,797
8614,9,798
8614,9,809
8614,9,817
8614,18,1504
8614,26,1979
8614,30,2320
8614,33,2517
8614,33,2519
8614,48,3536
8614,50,3684
8614,54,3971
8614,62,4540
8614,64,4690
8614,68,4939
8614,74,5389
8615,50,3495
8615,50,3509
8638,32,3256
8638,32,3297
8638,163,16771
8638,163,16827
8638,213,22405
8638,213,22439
8638,247,26204
8667,334,28642
8667,334,28658
8672,114,13073
8675,14,1520
8675,53,5717
8675,58,6173
8679,45,3785
8679,193,15701
8679,200,16264
8679,313,26907
8679,313,26938
8684,56,6720
8684,56,6752
8684,56,6760
8684,96,11287
8684,96,11318
8684,260,28201
8684,260,28205
8684,260,28216
8684,260,28232
8684,349,37885
8684,390,42444
8684,390,42447
8684,391,42543
8686,29,2906
8686,29,2910
8686,81,8381
8686,264,27453
8723,105,15441
8723,105,15452
8723,144,20979
8723,148,21446
8723,148,21481
8723,241,34281
8723,241,34295
8723,241,34319
8723,273,38816
8723,344,48191
8723,344,48197
8740,322,32299
9481,165,12409
9509,211,19819
9509,211,19824
9511,80,6952
9511,80,6988
9511,161,14539
9511,169,15401
9515,7,449
9535,5,301
8586,459,41054
8607,23,2185
8638,77,7510
8638,267,28514
8638,328,35265
8638,328,35281
8638,328,35305
8638,338,36292
8638,467,50828
8679,2,98
8679,2,136
8679,78,6673
8679,164,13095
8679,438,42501
8684,3,753
8684,158,17490
8684,326,35516
8684,469,51417
8684,469,51418
8686,293,30580
8686,293,30581
8686,293,30589
8723,23,3573
8723,120,17573
8723,266,37869
8723,301,42778
8723,301,42845
8723,357,50053
8740,219,21420
8740,332,33314
8766,256,31561
8766,256,31577
9481,76,5336
9481,126,9120
9481,126,9157
9481,435,35332
9481,459,37297
9481,463,37663
9481,463,37668
9493,103,7696
9508,19,2475
9509,152,13771
9509,187,17336
9509,187,17366
9509,209,19601
9509,346,33099
9509,365,35041
9509,400,38631
9511,79,6885
9511,166,15097
9514,211,16485
9515,13,862
9544,101,8745
9564,14,1488
8638,2,162
8638,347,37336
8638,347,37338
8638,377,40738
8638,452,49076
8667,280,22395
8672,166,19097
8672,166,19137
8675,75,7882
8675,242,27642
8675,242,27697
8679,62,5410
8679,62,5432
8679,271,22752
8679,336,29910
8679,354,32177
8679,415,39651
8684,12,1756
8684,149,16727
8685,231,24176
8685,231,24186
8685,231,24208
8685,231,24216
8685,231,24219
8686,198,20455
8686,198,20496
8686,198,20503
8686,244,25561
8686,276,28635
8686,276,28637
8686,276,28640
8686,311,32320
8686,331,34565
8710,41,3448
8723,78,11521
8723,78,11553
8723,113,16582
8723,113,16591
8723,113,16603
8723,143,20806
8723,143,20822
8766,20,2521
9492,112,8619
9492,112,8631
9492,112,8641
9508,92,9435
9508,174,17608
9509,139,12507
9509,296,28308
9509,296,28311
9509,296,28324
9511,124,11052
9511,124,11079
9535,126,8632
9535,126,8654
9535,190,13139
9535,307,21396
9564,15,1566
8607,131,11844
8638,102,10136
8638,128,12782
8638,456,49519
8667,304,25110
8667,326,27729
8667,326,27747
8672,74,8497
8675,161,17611
8675,164,17959
8675,164,17995
8675,164,18013
8675,192,21422
8675,192,21479
8679,20,1562
8679,81,6931
8679,145,11661
8679,370,34131
8679,370,34137
8679,420,40241
8679,420,40276
8684,243,26270
8684,243,26297
8684,259,28126
8684,389,42297
8685,16,1532
8685,18,1786
8686,227,23699
8686,227,23726
8686,241,25245
8686,241,25255
8686,241,25266
8686,241,25271
8723,22,3412
8723,22,3421
8723,183,26093
8723,271,38567
8740,224,21942
8740,310,31048
8740,310,31049
8740,392,39496
8740,408,41060
9493,169,12695
9509,69,5779
9509,122,10793
9509,200,18736
9509,226,21353
9509,226,21362
9509,411,39769
9509,411,39789
9509,411,39807
9513,131,12977
9513,160,15744
9542,276,19138
8607,145,13126
8638,92,9031
8638,92,9038
8638,92,9043
8638,200,20883
8638,200,20903
8638,200,20917
8638,227,24036
8638,323,34751
8667,323,27377
8672,37,4283
8672,129,14786
8672,129,14820
8675,33,3710
8675,80,8389
8675,154,16772
8675,154,16775
8675,154,16797
8679,43,3583
8679,186,15023
8679,186,15042
8679,327,28810
8679,385,35997
8679,395,37160
8679,395,37216
8684,14,2015
8684,183,19646
8684,183,19657
8684,242,26162
8684,242,26168
8684,242,26201
8684,338,36769
8684,451,49342
8685,297,30955
8685,297,31013
8685,297,31018
8686,118,12174
8710,72,6716
8710,97,9446
8723,243,34555
8723,295,41906
8723,295,41932
8723,295,41944
8766,32,4093
9481,279,21903
9508,11,1714
9508,122,12303
9509,91,7704
9509,91,7710
9509,130,11541
9509,130,11569
9509,130,11570
9509,134,11961
9509,161,14760
9511,96,8407
9513,155,15303
9517,7,594
9517,7,603
9542,295,20578
9544,9,751
9544,9,773
8638,206,21641
8638,296,31654
8638,420,45563
8638,420,45584
8638,426,46311
8667,261,20383
8672,155,17799
8672,176,20301
8672,177,20395
8675,16,1780
8675,160,17520
8675,160,17559
8675,187,20864
8679,21,1650
8679,97,8023
8679,97,8024
8679,97,8036
8679,97,8054
8679,160,12810
8679,160,12817
8679,160,12834
8684,321,35004
8684,406,44237
8684,406,44249
8685,188,19651
8685,188,19655
8685,188,19658
8685,188,19674
8685,198,20722
8685,198,20756
8685,198,20758
8685,198,20774
8685,261,27395
8686,247,25814
8686,265,27550
8686,265,27567
8686,265,27570
8686,265,27572
8723,17,2690
8723,101,14901
8723,156,22551
8723,217,30847
8766,10,1219
8766,10,1232
8766,219,27039
9508,137,13926
9509,168,15494
9509,331,31623
9535,118,8134
9535,222,15484
9535,234,16312
8607,68,6216
8638,138,13930
8638,138,13933
8638,207,21769
8638,249,26437
8638,250,26546
8638,439,47667
8672,27,3058
8672,27,3118
8672,54,6235
8672,60,6898
8672,60,6916
8672,158,18134
8679,12,918
8679,12,972
8679,105,8553
8679,446,43528
8679,446,43553
8684,136,15552
8684,136,15560
8684,265,28737
8684,265,28753
8684,265,28794
8684,378,41016
8723,32,4825
8723,110,16152
8723,178,25365
8723,178,25375
8723,276,39198
8723,276,39205
8723,276,39227
8740,416,41831
8766,34,4368
9509,52,4065
9509,196,18281
9509,330,31525
9509,383,36931
9511,135,12112
9513,125,12431
9513,125,12438
9513,125,12450
9542,219,14905
8638,58,5820
8638,333,35763
8638,333,35765
8638,373,40244
8638,382,41260
8638,382,41309
8638,388,41985
8638,388,41999
8675,123,12925
8679,65,5620
8679,143,11496
8679,143,11515
8679,143,11531
8679,150,12042
8679,150,12044
8679,155,12446
8679,192,15590
8679,244,20161
8679,301,25596
8679,301,25634
8679,328,28911
8679,369,34022
8679,369,34056
8684,65,7808
8684,77,9102
8684,77,9125
8684,77,9128
8684,77,9132
8684,77,9152
8684,79,9376
8684,128,14705
8684,128,14708
8684,309,33612
8684,309,33617
8684,453,49522
8685,27,2746
8685,27,2762
8685,196,20506
8723,258,36681
8723,296,42126
8740,255,25245
8740,255,25249
8740,255,25255
9481,160,11991
9492,66,5063
9493,49,3882
9508,112,11281
9508,113,11371
9508,162,16492
9508,206,20778
9509,106,9234
9511,122,10872
9511,139,12482
9515,36,2852
9535,163,11218
9544,19,1681
9544,118,10235
8638,3,338
8638,8,816
8638,8,848
8638,143,14538
8638,143,14539
8638,143,14569
8638,359,38644
8667,316,26568
8672,118,13565
8675,138,14755
8679,95,7941
8679,212,17285
8679,235,19307
8679,298,25242
8679,298,25278
8679,469,46305
8684,70,8363
8684,70,8386
8684,121,14019
8684,121,14026
8684,357,38840
8684,362,39438
8684,367,39995
8685,26,2617
8685,26,2618
8686,160,16561
8723,73,10851
8723,275,39061
8723,275,39062
8723,275,39073
8723,275,39093
8740,287,28551
8740,287,28576
8740,354,35631
8766,33,4232
8766,33,4236
9493,11,887
9493,160,11942
9493,211,15834
9493,211,15835
9508,44,4835
9508,123,12433
9508,217,21942
9509,175,16178
9509,175,16207
9509,336,32095
9509,395,38217
9509,414,40150
9509,443,42838
9509,443,42857
9509,443,42869
8638,183,19027
8638,183,19076
8638,183,19079
8638,292,31201
8638,292,31234
8638,303,32451
8638,303,32454
8638,331,35576
8667,230,17839
8675,21,2357
8675,132,14038
8675,132,14039
8679,47,3971
8679,79,6777
8679,79,6780
8679,228,18850
8679,476,47128
8684,188,20225
8684,209,22521
8684,209,22553
8684,221,23797
8684,221,23799
8684,221,23834
8684,394,42885
8684,394,42901
8684,394,42926
8685,274,28839
8686,173,17793
8686,173,17827
8686,173,17846
8723,74,10972
8723,74,10979
8723,74,11012
8723,74,11014
8723,163,23377
8723,163,23420
8723,252,35827
8723,252,35828
8723,252,35832
8723,252,35868
8723,259,36825
8723,259,36855
8723,267,38016
8723,267,38021
8723,267,38025
8766,38,4884
8766,38,4886
9493,217,16301
9508,63,6633
9509,208,19498
9509,208,19511
9511,41,3426
9511,146,13091
9511,146,13094
9511,163,14745
9515,42,3368
9506,10,878
9506,11,970
9506,20,1829
9506,26,2431
9506,27,2542
9506,31,2952
9506,31,2991
9506,40,3968
9506,41,4113
9506,45,4460
9506,66,6681
9506,69,6970
9506,76,7652
9506,77,7781
9506,77,7791
9510,2,117
9510,9,737
9510,17,1438
9510,18,1500
9510,35,2753
9510,36,2823
9510,40,3168
9510,41,3219
9510,43,3413
9510,48,3822
9510,49,3887
9510,56,4492
9510,61,4855
9510,64,5124
9510,67,5391
9510,68,5448
9510,71,5727
9510,77,6309
9510,84,6946
9510,84,6981
9510,86,7132
9510,88,7322
9510,90,7504
9510,90,7505
9510,90,7516
9510,95,7992
9510,98,8241
9510,98,8276
9510,100,8443
9510,101,8507
9510,108,9177
9512,4,377
9512,25,2629
9512,49,5295
9512,52,5606
9512,1,54
9512,6,582
9512,7,711
9512,10,984
9512,15,1526
9512,18,1815
9512,21,2143
9512,22,2258
9512,26,2709
9512,27,2831
9512,29,3073
9512,32,3415
9512,36,3794
9512,38,4029
9512,42,4489
9512,42,4493
9512,45,4801
9512,45,4823
9512,45,4839
9512,46,4896
9512,47,5013
9512,48,5154
9512,48,5158
9512,50,5372
9512,51,5495
9512,53,5689
9512,53,5700
9512,55,5934
9512,61,6520
9512,61,6565
9512,64,6849
9512,65,6982
9512,67,7150
9512,68,7289
9512,72,7686
9512,72,7703
9512,78,8300
9512,78,8327
9512,85,9047
9512,86,9119
9512,86,9123
9512,88,9354
9512,90,9582
9512,106,11283
9512,108,11472
9512,109,11598
9512,112,11933
9512,112,11949
9512,114,12131
9512,114,12139
8597,5,461
8597,23,2128
8597,41,3778
8597,41,3790
8597,63,5842
8597,72,6626
8597,72,6636
8597,106,9565
8597,106,9572
8597,136,12238
8597,160,14264
8597,167,14875
8597,168,14979
8597,199,17611
8597,206,18293
8597,219,19485
8597,229,20402
8597,237,21162
8597,239,21327
8597,241,21521
8597,253,22594
8597,308,27540
8681,17,2367
8681,23,3158
8681,23,3179
8681,26,3545
8681,26,3553
8681,77,8149
8681,119,10992
8681,137,12294
8681,144,12804
8681,144,12820
8681,196,16499
8681,217,17933
8681,217,17939
8681,227,18789
8681,238,19654
8681,238,19657
8681,238,19658
8681,245,20216
8681,245,20244
8681,267,22041
8681,275,22703
8681,275,22704
8681,286,23706
8681,300,24814
8681,306,25288
8681,306,25290
8681,306,25291
8681,333,27156
8681,339,27626
8681,357,29104
8681,357,29129
8681,357,29155
8681,375,30674
8681,388,31745
8681,388,31770
8681,391,31973
8681,402,32841
8681,421,34333
8681,432,35209
8597,7,646
8597,8,730
8597,17,1563
8597,21,1958
8597,49,4565
8597,52,4863
8597,77,7121
8597,86,7894
8597,93,8502
8597,102,9265
8597,102,9276
8597,104,9452
8597,110,9932
8597,110,9944
8597,111,10020
8597,130,11705
8597,165,14681
8597,169,15062
8597,169,15064
8597,171,15256
8597,171,15257
8597,176,15621
8597,203,17997
8597,231,20571
8597,242,21616
8597,248,22144
8597,248,22152
8597,260,23303
8597,269,24129
8597,272,24423
8597,279,25075
8597,293,26318
8597,307,27426
8597,307,27449
8634,171,11579
8634,178,12336
8634,297,18120
8634,314,19976
8597,138,12439
8597,265,23765
8597,266,23861
8597,266,23874
8597,271,24329
8597,276,24812
8597,306,27314
8681,3,634
8681,3,683
8681,8,1172
8681,14,1943
8681,16,2213
8681,20,2800
8681,27,3699
8681,34,4676
8681,34,4692
8681,34,4705
8681,57,6479
8681,64,7005
8681,64,7020
8681,66,7169
8681,71,7595
8681,75,7951
8681,80,8417
8681,80,8427
8681,83,8650
8681,128,11661
8681,128,11672
8681,128,11693
8681,128,11699
8681,138,12355
8681,138,12357
8681,142,12629
8681,154,13615
8681,155,13677
8681,155,13686
8681,166,14493
8681,166,14496
8681,169,14697
8681,179,15283
8681,185,15699
8681,199,16655
8681,206,17060
8681,219,18155
8681,220,18187
8681,220,18204
8681,220,18208
8681,230,18992
8681,230,19023
8681,236,19520
8681,249,20539
8681,249,20558
8681,249,20560
8681,249,20563
8681,249,20565
8681,249,20574
8681,249,20580
8681,250,20616
8681,268,22125
8681,283,23396
8681,283,23408
8681,290,23976
8681,304,25126
8681,309,25519
8681,317,26193
8681,340,27756
8681,340,27760
8681,340,27776
8681,346,28258
8681,360,29369
8681,360,29399
8681,370,30313
8681,376,30760
8681,395,32300
8681,401,32709
8681,401,32720
8681,411,33511
8681,411,33512
8681,411,33535
8597,39,3571
8597,39,3586
8597,55,5156
8597,73,6733
8597,112,10124
8597,113,10204
8597,113,10208
8597,157,13966
8597,162,14434
8597,172,15333
8597,185,16376
8597,185,16380
8597,192,16990
8597,192,16996
8597,275,24705
8597,275,24708
8597,282,25365
8681,12,1663
8681,12,1665
8681,12,1687
8681,24,3288
8681,125,11459
8681,127,11585
8681,132,11914
8681,132,11921
8681,132,11922
8681,136,12188
8681,145,12906
8681,148,13130
8681,148,13147
8681,161,14192
8681,161,14195
8681,165,14423
8681,173,14918
8681,176,15083
8681,186,15807
8681,188,15933
8681,188,15938
8681,214,17693
8681,226,18686
8681,226,18725
8681,235,19407
8681,235,19465
8681,243,20060
8681,243,20065
8681,272,22468
8681,272,22490
8681,294,24259
8681,297,24485
8681,297,24524
8681,297,24533
8681,301,24909
8681,302,24946
8681,302,24982
8681,312,25778
8681,312,25815
8681,315,26045
8681,315,26065
8681,321,26546
8681,321,26553
8681,338,27583
8681,341,27819
8681,345,28139
8681,351,28643
8681,358,29212
8681,372,30430
8681,382,31287
8681,393,32113
8681,393,32127
8681,393,32149
8681,399,32619
8681,406,33141
8681,410,33437
8681,412,33595
8681,412,33618
8681,420,34217
8681,422,34389
8681,422,34431
8681,5,858
8681,15,2111
8681,18,2500
8681,19,2614
8681,19,2679
8681,25,3448
8681,30,4135
8681,41,5072
8681,41,5073
8681,45,5576
8681,45,5586
8681,49,5984
8681,49,6021
8681,62,6833
8681,65,7066
8681,65,7092
8681,72,7676
8681,113,10540
8681,113,10557
8681,116,10775
8681,133,11986
8681,147,13034
8681,147,13040
8681,147,13041
8681,147,13043
8681,150,13278
8681,157,13865
8681,157,13867
8681,157,13877
8681,157,13880
8681,157,13888
8681,164,14386
8681,167,14547
8681,170,14724
8681,190,16076
8681,193,16298
8681,193,16300
8681,198,16596
8681,201,16752
8681,207,17148
8681,210,17405
8681,221,18279
8681,221,18292
8681,221,18295
8681,221,18311
8681,223,18491
8681,232,19172
8681,239,19715
8681,239,19747
8681,242,20008
8681,253,20899
8681,253,20905
8681,265,21908
8681,265,21933
8681,269,22251
8681,271,22380
8681,271,22405
8681,274,22614
8681,278,22988
8681,281,23245
8681,285,23603
8681,292,24156
8681,293,24194
8681,293,24204
8681,305,25168
8681,307,25383
8681,311,25706
8681,311,25740
8681,314,25940
8681,314,25942
8681,316,26128
8681,320,26477
8681,329,26874
8681,330,26922
8681,330,26940
8681,330,26970
8681,342,27919
8681,343,27996
8681,343,28003
8681,353,28808
8681,353,28843
8681,363,29656
8681,374,30594
8681,378,30900
8681,389,31800
8681,389,31808
8681,394,32194
8681,404,32937
8681,404,32944
8681,404,32966
8681,404,32967
8681,404,32990
8681,405,33017
8681,405,33018
8681,409,33356
8681,409,33390
8681,423,34500
8681,424,34539
8681,424,34561
8681,431,35109
8723,4,775
8723,7,1216
8723,7,1224
8723,7,1230
8723,7,1250
8681,2,495
8681,2,497
8681,21,2933
8681,21,2965
8681,22,3022
8681,22,3074
8681,42,5159
8681,42,5196
8681,44,5390
8681,44,5420
8681,118,10896
8681,120,11077
8681,124,11393
8681,124,11403
8681,124,11408
8681,134,12067
8681,135,12129
8681,135,12148
8681,141,12573
8681,151,13340
8681,152,13434
8681,152,13447
8681,153,13512
8681,168,14601
8681,171,14799
8681,171,14805
8681,191,16153
8681,209,17292
8681,213,17641
8681,218,18019
8681,224,18530
8681,228,18834
8681,228,18843
8681,231,19119
8681,233,19247
8681,233,19290
8681,241,19888
8681,241,19897
8681,241,19922
8681,246,20336
8681,247,20378
8681,248,20455
8681,248,20494
8681,248,20502
8681,276,22835
8681,282,23355
8681,295,24347
8681,303,25032
8681,303,25034
8681,310,25605
8681,310,25630
8681,313,25869
8681,313,25913
8681,319,26362
8681,334,27254
8681,334,27262
8681,334,27271
8681,337,27532
8681,344,28109
8681,349,28483
8681,352,28751
8681,355,28963
8681,361,29465
8681,361,29500
8681,364,29762
8681,364,29806
8681,369,30188
8681,369,30211
8681,369,30241
8681,373,30502
8681,373,30509
8681,373,30524
8681,379,31041
8681,380,31087
8681,380,31091
8681,383,31336
8681,397,32427
8681,398,32516
8681,398,32535
8681,408,33294
8681,408,33300
8681,408,33307
8681,408,33309
8681,413,33671
8681,413,33675
8681,413,33699
8681,413,33708
8681,414,33753
8681,414,33774
8681,414,33782
8681,426,34692
8681,430,35019
8744,22,2119
8744,22,2137
8744,35,3453
8744,36,3526
8744,36,3545
8744,37,3622
8744,37,3627
8744,43,4198
8744,47,4593
8744,48,4697
8744,57,5552
8744,57,5577
8744,73,7139
8744,73,7142
8744,76,7447
8744,78,7642
8744,81,7912
8744,95,9293
8744,105,10272
8744,107,10475
8744,110,10753
8744,113,11069
8744,116,11323
8744,124,12118
8744,125,12211
8744,125,12214
8744,130,12702
8744,137,13381
8744,152,14837
8744,154,15048
8744,161,15769
8744,169,16615
8744,170,16717
8744,181,17829
8744,189,18657
8744,192,18977
8744,198,19549
8744,198,19570
8744,205,20279
8744,210,20770
8744,213,21074
8744,224,22167
8744,230,22750
8744,230,22766
8744,238,23600
8744,239,23704
8744,254,25189
8744,257,25478
8744,263,26096
8744,264,26212
8744,273,27054
8744,273,27073
8744,273,27076
8744,11,1047
8744,18,1708
8744,24,2338
8744,25,2447
8744,25,2473
8744,53,5167
8744,53,5170
8744,53,5177
8744,56,5456
8744,59,5765
8744,80,7836
8744,85,8335
8744,88,8612
8744,89,8692
8744,89,8701
8744,89,8702
8744,91,8897
8744,103,10059
8744,103,10073
8744,109,10657
8744,109,10662
8744,126,12330
8744,131,12783
8744,136,13262
8744,136,13277
8744,151,14713
8744,151,14733
8744,158,15458
8744,159,15565
8744,185,18268
8744,203,20045
8744,206,20360
8744,212,20978
8744,217,21455
8744,221,21839
8744,223,22054
8744,225,22247
8744,234,23159
8744,237,23467
8744,237,23474
8744,248,24602
8744,266,26391
8744,276,27358
8744,276,27367
8601,13,1555
8601,17,1922
8601,22,2367
8601,35,3531
8601,38,3822
8601,41,4115
8601,43,4278
8601,44,4358
8601,46,4553
8601,47,4656
8601,48,4727
8601,48,4742
8601,51,4988
8601,51,5002
8601,51,5004
8601,55,5385
8601,61,5944
8601,63,6148
8601,64,6262
8601,72,7031
8601,72,7050
8601,76,7398
8601,79,7668
8601,82,7954
8601,88,8485
8601,88,8512
8601,93,8942
8601,93,8951
8601,95,9060
8601,98,9325
8601,104,9936
8601,106,10136
8601,115,10992
8601,115,10994
8601,121,11612
8601,128,12263
8601,133,12717
8601,161,15417
8601,162,15533
8601,175,16717
8601,177,16901
8601,188,17941
8601,193,18397
8601,194,18533
8601,204,19486
8601,210,20044
8601,217,20718
8601,218,20817
8601,224,21380
8601,224,21393
8601,224,21397
8600,9,1302
8600,10,1412
8600,11,1536
8600,13,1723
8600,21,2458
8600,36,3907
8600,37,3989
8600,40,4275
8600,48,5000
8600,58,5976
8600,61,6277
8600,65,6644
8600,68,6909
8600,86,8566
8600,92,9124
8600,96,9516
8600,96,9532
8600,104,10287
8600,106,10437
8600,114,11147
8600,115,11240
8600,117,11406
8600,117,11425
8600,119,11617
8600,120,11718
8600,125,12179
8600,126,12262
8600,130,12581
8600,133,12856
8601,40,4014
8601,49,4804
8601,56,5448
8601,71,6938
8601,85,8204
8601,90,8659
8601,135,12916
8601,158,15111
8601,163,15610
8601,168,16065
8601,168,16079
8601,178,17002
8600,5,925
8600,12,1641
8600,17,2094
8600,28,3133
8600,34,3731
8600,38,4090
8600,46,4800
8600,59,6059
8600,62,6356
8600,63,6455
8600,70,7102
8600,84,8362
8600,89,8867
8600,90,8936
8600,108,10614
8600,118,11497
8600,118,11502
8600,121,11814
8600,135,13030
8603,8,645
8603,8,652
8603,66,3078
8603,66,3096
8603,68,3288
8603,107,7010
8603,111,7395
8603,123,8563
8603,127,8940
8603,130,9197
8603,135,9677
8603,140,10121
8603,145,10582
8603,150,11000
8603,165,12398
8603,167,12578
8603,174,13253
8603,188,14511
8603,2,121
8603,3,218
8603,9,764
8603,63,2765
8603,65,2978
8603,70,3473
8603,70,3484
8603,105,6812
8603,105,6822
8603,109,7198
8603,109,7201
8603,136,9764
8603,138,9932
8603,138,9947
8603,138,9953
8603,146,10670
8603,147,10748
8603,152,11189
8603,154,11341
8603,159,11787
8603,162,12096
8603,163,12217
8603,166,12479
8603,176,13413
8603,186,14326
8603,187,14412
8603,189,14610
8602,160,15634
8602,160,15655
8602,169,16478
8602,177,17232
8602,187,18158
8602,208,20139
8602,220,21183
8602,234,22451
8602,243,23289
8602,250,23955
8602,250,23957
8602,260,24841
8602,267,25460
8602,268,25563
8602,278,26457
8657,2,375
8657,3,442
8657,3,443
8657,3,476
8657,3,484
8660,5,487
8660,6,565
8660,7,636
8660,9,802
8660,9,814
8660,10,885
8660,10,897
8744,2,187
8744,6,616
8744,12,1128
8744,16,1494
8744,16,1505
8744,49,4803
8602,26,2825
8602,26,2827
8602,28,3043
8602,36,3786
8602,36,3788
8602,36,3802
8602,37,3882
8602,56,5657
8602,56,5678
8602,63,6392
8602,64,6485
8602,79,7866
8602,88,8700
8602,88,8728
8602,98,9658
8602,123,12079
8602,123,12099
8602,133,13022
8602,150,14635
8602,157,15364
8602,159,15556
8602,165,16112
8602,168,16387
8602,168,16402
8602,172,16793
8602,184,17868
8602,184,17880
8602,189,18360
8602,209,20214
8602,213,20524
8602,214,20605
8602,218,20987
8602,222,21365
8602,231,22157
8602,231,22164
8602,261,24951
8602,277,26361
8602,2,476
8602,16,1890
8602,16,1898
8602,16,1920
8602,23,2550
8602,29,3135
8602,32,3411
8602,46,4713
8602,62,6302
8602,69,6945
8602,73,7351
8602,89,8802
8602,89,8819
8602,91,9000
8602,97,9577
8602,101,9935
8602,113,11062
8602,113,11063
8602,119,11720
8602,122,11992
8602,122,12001
8602,128,12561
8602,136,13304
8602,136,13306
8602,141,13771
8602,143,13967
8602,149,14525
8602,152,14858
8602,155,15153
8602,162,15809
8602,167,16300
8602,170,16610
8602,171,16700
8602,176,17144
8602,183,17767
8602,191,18553
8602,193,18746
8602,205,19836
8602,210,20318
8602,215,20704
8602,226,21729
8602,245,23465
8602,245,23474
8602,245,23486
8602,252,24108
8601,11,1364
8601,24,2576
8601,50,4912
8601,59,5744
8601,66,6455
8601,86,8299
8601,117,11204
8601,123,11792
8601,137,13103
8601,137,13105
8601,142,13587
8601,166,15887
8601,167,15989
8601,174,16608
8601,174,16623
8601,176,16824
8601,185,17672
8601,196,18697
8601,196,18702
8601,196,18707
8601,201,19175
8601,220,20999
8601,223,21313
8601,226,21579
8602,15,1791
8602,17,1989
8602,39,4068
8602,50,5094
8602,54,5491
8602,61,6197
8602,61,6198
8602,65,6573
8602,67,6770
8602,80,7963
8602,80,7965
8602,83,8246
8602,96,9503
8602,125,12264
9447,4,291
9447,5,386
9447,13,1176
9447,25,2269
9447,40,3709
9447,45,4179
9447,55,5027
9447,67,6177
9447,82,7509
9447,82,7514
9447,85,7773
9447,85,7777
9447,85,7788
9447,88,8023
9447,96,8735
9447,102,9274
9447,102,9288
9447,106,9677
9447,109,9946
9447,109,9947
9447,136,11980
9447,140,12321
9447,150,13223
9447,150,13226
9447,168,14876
9447,182,16184
9447,187,16642
9447,192,17043
9447,192,17048
9447,233,20609
9447,241,21327
9447,244,21631
9447,284,25218
9447,301,26714
9447,311,27539
9447,328,29022
9447,328,29031
9447,342,30204
9447,342,30225
9447,342,30239
9447,342,30245
9447,357,31713
9447,367,32644
9447,367,32647
9447,375,33438
9447,379,33848
9447,381,34016
9447,395,35342
9447,400,35772
9447,400,35790
9447,9,797
9447,26,2344
9447,31,2862
9447,32,2942
9447,41,3802
9447,43,3988
9448,86,7912
9448,86,7937
9448,102,9363
9448,115,10620
9448,115,10632
9448,125,11522
9448,136,12521
9448,153,13885
9448,180,16296
9448,180,16306
9448,190,17256
9448,201,18323
9448,207,18812
9448,221,20080
9448,222,20179
9448,222,20199
9448,233,21149
9448,256,23090
9448,261,23509
9448,266,24007
9448,297,26911
9448,305,27733
9448,318,28998
9448,326,29724
9448,326,29746
9448,343,31380
9448,343,31385
9448,349,32001
9448,355,32610
9448,356,32682
9448,366,33634
9448,366,33638
9448,372,34202
9448,387,35653
9448,387,35673
9448,399,36786
9448,399,36793
9448,403,37143
9448,403,37191
9448,417,38469
9448,425,39240
9448,434,40019
9448,436,40206
9448,452,41652
9448,453,41720
9448,460,42401
9448,464,42749
9448,464,42771
9448,467,43045
9448,468,43157
9448,472,43533
9448,472,43544
9448,477,44000
9448,11,956
9448,17,1499
9448,19,1704
9448,19,1715
9448,19,1716
9448,27,2486
9448,38,3369
9448,38,3394
9448,42,3718
9448,75,6884
9448,76,6967
9448,111,10237
9448,111,10256
9448,123,11336
9448,123,11347
9448,133,12227
9448,186,16850
9448,204,18579
9448,213,19377
9448,217,19742
9448,217,19755
9448,249,22500
9448,262,23590
9448,269,24248
9448,269,24279
9448,277,25039
9448,283,25580
9448,306,27817
9448,311,28298
9448,320,29177
9448,320,29187
9448,325,29636
9448,330,30133
9448,334,30519
9448,368,33827
9448,382,35210
9448,384,35375
9448,389,35832
9448,404,37235
9448,414,38221
9448,424,39127
9448,435,40101
9448,448,41262
9448,448,41271
9448,471,43410
9448,4,321
9448,7,584
9448,7,608
9448,12,1041
9448,18,1591
9448,31,2794
9448,44,3922
9448,91,8352
9448,92,8466
9448,92,8480
9448,97,8935
9448,108,9965
9448,121,11167
9448,128,11783
9448,128,11806
9448,134,12365
9448,137,12599
9448,154,13992
9448,154,13993
9448,169,15252
9448,184,16661
9448,184,16674
9448,187,16956
9448,187,16963
9448,196,17799
9448,196,17812
9448,208,18937
9448,218,19832
9448,227,20618
9448,308,28020
9448,335,30624
9448,339,31003
9448,339,31011
9448,346,31655
9448,346,31670
9448,361,33196
9448,390,35943
9448,405,37352
9448,405,37356
9448,415,38321
9448,419,38668
9448,427,39420
9448,445,41030
9448,449,41381
9448,466,42962
9448,470,43319
9448,478,44086
9448,3,225
9448,3,227
9448,25,2293
9448,25,2319
9448,33,2985
9448,47,4222
9448,72,6597
9448,77,7059
9448,107,9896
9448,118,10912
9448,120,11071
9448,132,12177
9448,179,16172
9448,194,17621
9448,198,18023
9448,214,19488
9448,244,22058
9448,257,23161
9448,257,23180
9448,257,23193
9448,271,24477
9448,321,29275
9448,327,29832
9448,337,30816
9448,340,31074
9448,340,31083
9448,358,32895
9448,358,32931
9448,360,33106
9448,374,34392
9448,385,35479
9448,385,35497
9448,396,36508
9448,402,37079
9448,438,40393
9448,444,40917
9448,451,41551
9448,463,42650
9448,469,43239
9448,474,43722
9448,13,1149
9448,22,2019
9448,50,4490
9448,50,4497
9448,51,4583
9448,68,6188
9448,68,6207
9448,73,6660
9448,73,6662
9448,84,7734
9448,84,7740
9448,87,8010
9448,104,9576
9448,104,9577
9448,106,9793
9448,112,10339
9448,119,10962
9448,143,13114
9448,161,14577
9448,166,15019
9448,178,16077
9448,205,18646
9448,205,18656
9448,224,20344
9448,224,20370
9448,238,21568
9448,241,21815
9448,274,24763
9448,279,25216
9448,342,31266
9448,342,31281
9448,342,31287
9448,347,31773
9448,352,32326
9449,87,8474
9449,97,9414
9449,98,9505
9449,105,10205
9449,114,11087
9449,131,12739
9449,131,12747
9449,142,13761
9449,170,16472
9449,172,16661
9449,174,16862
9449,217,20802
9449,225,21468
9449,225,21492
9449,234,22385
9449,6,498
9449,21,1846
9449,29,2595
9449,31,2807
9449,34,3092
9449,34,3103
9449,36,3299
9449,36,3329
9449,55,5223
9449,60,5763
9449,61,5864
9449,63,6048
9449,75,7271
9449,78,7577
9449,78,7583
9449,80,7777
9449,88,8555
9449,88,8574
9449,91,8859
9449,91,8864
9449,94,9128
9449,96,9307
9449,108,10447
9449,110,10691
9449,112,10862
9449,115,11181
9449,134,13022
9449,137,13265
9449,137,13278
9449,146,14158
9449,150,14563
9449,156,15083
9449,163,15787
9449,163,15815
9449,166,16087
9449,171,16589
9449,171,16594
9449,187,18022
9449,197,18937
9449,197,18942
9449,197,18959
9449,214,20533
9449,214,20538
9449,214,20541
9449,216,20731
9449,221,21175
9449,226,21587
9449,232,22196
9449,233,22307
9436,182,19887
9436,187,20653
9449,4,353
9449,8,671
9449,10,821
9449,13,1108
9449,20,1750
9449,27,2408
9449,32,2915
9449,35,3221
9449,54,5062
9449,54,5092
9449,54,5098
9449,56,5312
9449,66,6387
9449,67,6464
9449,67,6489
9449,71,6879
9449,72,6972
9449,76,7381
9449,85,8269
9449,93,9036
9449,100,9705
9449,113,10984
9449,120,11672
9449,123,11933
9449,132,12841
9449,140,13575
9449,144,13981
9449,147,14296
9449,149,14468
9449,162,15703
9449,164,15902
9449,168,16293
9449,169,16371
9449,176,17004
9449,176,17028
9449,178,17212
9449,178,17215
9449,196,18875
9449,198,19031
9449,205,19681
9449,205,19695
9449,213,20448
9449,219,20999
9449,224,21361
9449,228,21770
9449,230,21994
9449,235,22491
9447,10,895
9447,21,1872
9447,29,2639
9447,29,2663
9447,38,3524
9447,61,5579
9447,91,8282
9447,91,8294
9447,91,8297
9447,104,9452
9447,104,9455
9447,104,9487
9447,138,12129
9447,138,12151
9447,147,12960
9447,193,17121
9447,193,17166
9447,194,17236
9447,199,17635
9447,221,19461
9447,270,24074
9447,279,24790
9447,279,24793
9447,292,25918
9447,307,27159
9447,312,27621
9447,315,27904
9447,317,28064
9447,320,28335
9447,329,29130
9447,346,30620
9447,349,30912
9447,349,30925
9447,353,31279
9447,353,31309
9447,358,31830
9447,359,31916
9447,368,32760
9447,368,32785
9447,377,33653
9447,378,33754
9447,382,34131
9447,392,35053
9447,399,35695
9447,11,966
9447,11,974
9447,20,1808
9447,28,2561
9447,35,3233
9447,54,4921
9447,54,4938
9447,64,5885
9447,74,6791
9447,98,8938
9447,110,10036
9447,110,10052
9447,139,12224
9447,156,13761
9447,156,13762
9447,156,13777
9447,177,15693
9447,181,16076
9447,222,19556
9447,243,21523
9447,243,21526
9447,245,21710
9447,266,23732
9447,275,24477
9447,277,24626
9447,280,24859
9447,280,24889
9447,281,24976
9447,293,26009
9447,298,26459
9447,303,26859
9447,303,26869
9447,330,29206
9447,338,29820
9447,338,29835
9447,340,30009
9447,340,30042
9447,373,33208
9447,373,33227
9447,374,33305
9535,29,2029
9535,49,3380
9535,49,3392
9535,61,4219
9535,76,5252
9535,84,5854
9535,84,5883
9535,93,6466
9535,97,6734
9535,121,8332
9535,125,8565
9535,152,10494
9535,166,11421
9535,171,11781
9535,177,12220
9535,206,14318
9535,208,14480
9535,219,15257
9535,224,15621
9535,228,15894
9535,228,15898
9535,238,16543
9535,246,17118
9535,251,17460
9535,251,17474
9535,251,17477
9535,261,18183
9535,266,18520
9535,266,18528
9535,266,18533
9535,311,21673
9535,322,22449
9535,325,22634
9535,325,22636
9535,343,23964
9535,345,24092
9535,350,24440
9535,350,24473
9535,371,25965
9535,375,26251
9535,375,26255
9535,375,26256
9535,381,26678
9535,394,27592
9535,394,27602
9535,400,27994
9535,419,29233
9535,430,29974
9535,459,31870
9535,459,31888
9535,464,32224
9535,471,32655
9535,460,31935
9535,465,32279
9535,466,32346
9535,468,32467
9535,470,32596
9535,473,32757
9535,473,32758
9535,475,32898
9535,478,33093
9535,478,33094
9535,479,33174
9546,17,1009
9546,22,1324
9546,31,1845
9546,35,2081
9546,35,2088
9546,39,2325
9546,46,2773
9546,46,2786
9546,47,2855
9548,2,66
9548,3,159
9548,6,382
9550,12,952
9550,25,1734
9550,25,1736
9550,56,3552
9550,65,4040
9550,70,4313
9550,71,4376
9550,71,4382
9550,73,4506
9535,63,4363
9535,71,4939
9535,129,8838
9535,147,10136
9535,153,10547
9535,155,10696
9535,164,11292
9535,164,11294
9536,7,420
9536,7,429
9536,33,2105
9536,33,2111
9536,110,7287
9536,113,7467
9536,119,7908
9536,132,8728
9536,137,9070
9536,150,9874
9536,164,10764
9536,164,10773
9536,164,10784
9536,178,11714
9536,213,13910
9540,53,3367
9540,53,3381
9540,68,4366
9540,68,4369
9540,84,5364
9540,115,7615
9540,140,9309
9540,178,11967
9535,35,2424
9535,59,4084
9535,70,4855
9535,72,4992
9535,72,5020
9535,81,5652
9535,103,7145
9535,139,9577
9535,144,9911
9535,179,12347
9535,197,13679
9535,221,15385
9535,231,16083
9535,256,17809
9535,256,17813
9535,258,17954
9535,278,19345
9535,302,21062
9535,313,21783
9535,316,22020
9535,321,22396
9535,326,22723
9535,328,22867
9535,332,23130
9535,332,23145
9535,332,23147
9535,342,23892
9535,351,24520
9535,351,24539
9535,351,24542
9535,355,24866
9535,355,24879
9535,359,25166
9535,379,26530
9535,396,27739
9535,402,28127
9535,437,30413
9535,42,2888
9535,52,3599
9535,58,4003
9535,68,4733
9535,86,5997
9535,114,7857
9535,137,9433
9535,140,9646
9535,148,10205
9535,172,11850
9535,182,12568
9535,182,12592
9535,187,12936
9535,205,14241
9535,220,15334
9535,247,17195
9535,252,17526
9535,265,18461
9535,265,18462
9535,265,18467
9535,279,19381
9535,306,21310
9535,306,21311
9535,331,23066
9535,346,24149
9535,346,24166
9535,348,24315
9535,348,24324
9535,353,24705
9535,358,25094
9535,360,25216
9535,360,25232
9535,369,25820
9535,369,25826
9535,373,26098
9535,378,26480
9535,386,27025
9535,390,27304
9535,390,27320
9535,406,28423
9535,423,29496
9535,431,30032
9535,440,30639
9535,455,31611
9540,17,1097
9540,62,3945
9540,72,4613
9540,81,5183
9540,87,5561
9540,109,7215
9541,12,1039
9541,13,1133
9541,17,1437
9541,40,3023
9541,42,3164
9541,53,3828
9541,58,4175
9541,64,4525
9541,73,5113
9541,83,5830
9541,83,5848
9541,85,5975
9541,87,6085
9541,89,6218
9541,96,6686
9541,100,6921
9541,101,6996
9541,104,7181
9541,105,7260
9541,121,8290
9541,122,8343
9541,124,8468
9541,126,8597
9541,127,8661
9541,127,8664
9541,136,9234
9541,142,9585
9536,9,565
9536,20,1264
9536,24,1503
9536,71,4684
9536,71,4685
9536,86,5661
9536,106,7013
9536,139,9190
9536,141,9339
9536,141,9343
9536,171,11215
9536,185,12146
9536,193,12655
9536,209,13639
9536,209,13657
9536,215,14025
9536,225,14631
9536,225,14635
9536,233,15175
9540,18,1190
9540,30,1907
9540,32,2042
9540,32,2049
9540,66,4219
9540,70,4460
9540,70,4472
9540,92,5973
9540,118,7778
9540,118,7796
9540,133,8832
9540,138,9158
9540,142,9491
9540,153,10262
9540,160,10740
9540,165,11058
9540,165,11062
9540,179,12053
9540,184,12434
9540,185,12488
9536,4,216
9536,18,1141
9536,28,1778
9536,47,3029
9536,64,4158
9536,64,4159
9536,64,4167
9536,69,4521
9536,69,4544
9536,83,5441
9536,84,5497
9536,84,5511
9536,89,5892
9536,93,6164
9536,99,6567
9536,101,6671
9536,107,7088
9536,115,7637
9536,120,7952
9536,124,8235
9536,128,8458
9536,128,8476
9536,133,8791
9536,142,9409
9536,146,9644
9536,146,9656
9536,151,9943
9536,152,9999
9536,157,10330
9536,162,10623
9536,172,11295
9536,177,11644
9536,186,12215
9536,207,13537
9536,219,14293
9536,226,14713
9536,226,14715
9536,230,14976
9540,26,1634
9540,26,1642
9540,61,3881
9540,143,9547
9540,163,10927
9540,163,10931
9540,163,10936
9540,164,10995
9540,174,11676
9540,182,12249
9536,17,1050
9536,29,1829
9536,38,2451
9536,38,2457
9536,48,3087
9536,48,3100
9536,72,4745
9536,97,6444
9536,123,8172
9536,154,10131
9536,163,10715
9536,189,12391
9536,192,12597
9536,197,12899
9536,214,13982
9536,222,14487
9536,229,14913
9536,234,15242
9536,235,15285
9536,235,15308
9536,237,15411
9540,24,1529
9540,24,1531
9540,28,1778
9540,33,2089
9540,48,3058
9540,55,3503
9540,83,5302
9540,83,5311
9540,91,5870
9540,106,6991
9540,111,7339
9540,181,12177
9540,181,12183
9540,181,12186
9540,181,12188
8638,21,2159
8638,25,2532
8638,25,2580
8638,36,3631
8638,51,5095
8638,91,8936
8638,101,10051
8638,109,10855
8638,166,17113
8638,166,17115
8638,188,19597
8638,199,20804
8638,199,20808
8638,217,22925
8638,217,22930
8638,229,24283
8638,241,25617
8638,241,25619
8638,263,28081
8638,325,34914
8638,325,34936
8638,325,34977
8638,326,35080
8682,282,22889
8682,317,25809
8682,414,35923
8682,449,39804
8682,467,41817
8740,3,200
8740,3,221
8740,13,1161
8740,13,1162
8740,31,2851
8740,93,9161
8740,118,11428
8740,147,14150
8740,147,14152
8740,160,15390
8740,185,17920
8740,185,17921
8740,198,19194
8740,207,20154
8740,217,21188
8740,244,24038
8740,244,24051
8740,244,24065
8740,249,24590
8740,249,24594
8740,258,25558
8740,260,25759
8740,271,26850
8740,295,29460
8740,341,34280
8740,341,34284
8740,347,34926
8740,353,35498
8740,373,37562
8740,373,37574
8740,402,40526
8740,423,42590
8740,423,42592
8740,428,43083
8638,12,1228
8638,16,1633
8638,16,1636
8638,16,1641
8638,27,2776
8638,27,2779
8638,37,3768
8638,45,4531
8638,52,5218
8638,52,5232
8638,73,7171
8638,75,7363
8638,99,9767
8638,140,14215
8638,140,14221
8638,160,16453
8638,170,17586
8638,170,17608
8638,189,19699
8638,189,19706
8638,202,21150
8638,210,22089
8638,210,22108
8638,219,23145
8638,260,27709
8638,260,27730
8638,260,27753
8638,286,30496
8638,286,30515
8638,293,31307
8638,301,32226
8638,301,32237
8638,343,36875
8638,343,36889
8638,348,37482
8638,349,37566
8638,349,37571
8638,349,37578
8638,370,39929
8638,414,44855
8638,414,44906
8682,241,19710
8682,241,19736
8684,16,2186
8684,16,2203
8684,39,4782
8684,46,5575
8684,46,5579
8684,46,5607
8684,57,6840
8684,73,8688
8684,109,12768
8684,123,14228
8684,123,14230
8684,123,14251
8684,130,14902
8684,130,14913
8684,130,14923
8684,142,16192
8684,142,16203
8684,144,16336
8740,8,689
8740,8,694
8740,58,5618
8740,62,6047
8740,127,12332
8740,127,12338
8740,138,13319
8740,171,16560
8740,215,20978
8740,227,22269
8740,251,24804
8740,256,25355
8740,264,26153
8740,300,30013
8740,327,32807
8740,327,32809
8740,352,35402
8740,355,35703
8740,355,35706
8740,379,38211
8740,400,40317
8740,400,40332
8740,400,40342
8740,411,41346
8740,411,41351
8682,219,17530
8682,228,18597
8682,228,18634
8682,228,18647
8682,240,19657
8682,255,20850
8682,255,20872
8682,257,21008
8682,281,22782
8682,281,22785
8682,286,23167
8682,286,23207
8682,292,23697
8682,325,26471
8682,335,27418
8682,339,27884
8682,366,30508
8682,366,30525
8682,377,31692
8682,377,31729
8682,400,34360
8682,406,35051
8682,409,35394
8682,411,35569
8682,417,36211
8682,417,36221
8682,417,36232
8682,435,38209
8682,435,38221
8682,435,38222
8682,440,38769
8682,450,39914
8682,464,41494
8740,28,2570
8740,49,4623
8740,54,5181
8740,54,5185
8740,54,5194
8740,60,5821
8740,67,6577
8740,85,8360
8740,97,9498
8740,105,10176
8740,119,11534
8740,126,12231
8740,142,13738
8740,153,14728
8740,156,15011
8740,156,15012
8740,159,15311
8740,161,15491
8740,254,25135
8740,254,25151
8740,254,25154
8740,272,26965
8740,282,28022
8740,282,28040
8740,358,36021
8740,362,36412
8740,362,36418
8740,362,36419
8740,362,36430
8638,15,1515
8638,33,3386
8638,59,5912
8638,59,5934
8682,275,22263
8682,275,22315
8682,284,23012
8682,284,23043
8682,291,23586
8682,295,23888
8682,312,25390
8682,322,26262
8682,324,26413
8682,337,27623
8682,346,28517
8682,352,29142
8682,360,29875
8682,372,31207
8682,428,37436
8682,428,37449
8682,428,37458
8682,428,37464
8682,441,38865
8682,441,38866
8682,441,38897
8682,445,39341
8682,445,39346
8682,445,39348
8682,461,41121
8682,468,41895
8682,477,42856
8682,477,42883
8740,15,1346
8740,86,8436
8740,132,12804
8740,149,14356
8740,186,18028
8740,187,18151
8740,195,18868
8740,199,19305
8740,205,19944
8740,220,21526
8740,222,21758
8740,231,22715
8740,231,22717
8740,234,22976
8740,243,23950
8740,291,28987
8740,297,29655
8740,301,30086
8740,307,30715
8740,333,33452
8740,391,39411
8740,391,39413
8740,394,39718
8740,407,40940
8740,414,41634
8740,417,41940
8740,421,42372
8740,425,42782
8740,425,42791
8740,425,42803
8638,26,2640
8638,63,6278
8638,63,6281
8638,122,12238
8638,139,14096
8638,162,16705
8638,208,21879
8638,218,23033
8638,218,23056
8638,224,23742
8638,253,26856
8638,257,27373
8684,129,14827
8684,157,17367
8684,168,18307
8684,168,18315
8684,168,18329
8684,197,21213
8684,207,22327
8684,253,27409
8684,269,29201
8684,269,29207
8684,287,31196
8684,296,32251
8684,320,34889
8684,320,34914
8684,329,35846
8684,331,36072
8684,339,36929
8684,339,36968
8684,363,39495
8684,363,39504
8684,363,39537
8684,373,40606
8684,373,40621
8740,45,4226
8740,89,8731
8740,110,10672
8740,110,10678
8740,122,11836
8740,135,13078
8740,167,16146
8740,203,19716
8740,203,19740
8740,216,21082
8740,225,22057
8740,274,27156
8740,274,27181
8740,298,29793
8740,361,36315
8740,410,41252
8740,415,41718
8689,12,1038
8689,12,1049
8689,33,2982
8689,33,2990
8689,35,3152
8689,49,4327
8689,70,6320
8689,77,6966
8689,78,7043
8689,83,7543
8689,88,7973
8689,88,8011
8689,100,9104
8689,104,9465
8689,104,9498
8689,105,9571
8689,112,10208
8689,119,10840
8689,119,10852
8689,128,11656
8689,128,11675
8689,131,11967
8689,137,12542
8689,142,13054
8689,145,13287
8689,161,14848
8689,174,16113
8689,174,16125
8689,179,16567
8689,191,17613
8689,193,17794
8689,222,20486
8689,222,20498
8689,224,20635
8689,232,21422
8689,232,21432
8689,233,21507
8689,236,21767
8689,236,21791
8689,258,23742
8689,263,24190
8689,275,25267
8689,277,25473
8689,278,25541
8689,280,25732
8689,283,25982
8689,283,25983
8689,286,26233
8689,290,26620
8689,290,26649
8689,292,26791
8689,292,26818
8689,297,27246
8689,300,27541
8689,300,27542
8689,301,27616
8689,309,28355
8689,312,28605
8689,313,28687
8689,313,28688
8689,319,29220
8689,320,29332
8689,343,31406
8689,348,31907
8689,348,31924
8689,361,33137
8689,361,33157
8689,362,33245
8689,367,33690
8689,378,34587
8689,391,35752
8689,391,35787
8689,403,36885
8689,403,36919
8689,405,37085
8689,411,37597
8689,411,37606
8689,411,37632
8689,411,37636
8689,416,38050
8689,422,38568
8689,422,38593
8689,428,39147
8689,428,39158
8689,8,648
8689,67,5957
8689,67,5972
8689,67,5991
8689,79,7168
8689,81,7330
8689,81,7337
8689,86,7813
8689,90,8169
8689,97,8808
8689,97,8835
8689,121,11022
8689,121,11025
8689,121,11042
8689,125,11380
8689,125,11399
8689,125,11400
8689,135,12355
8689,140,12852
8689,140,12861
8689,140,12866
8689,154,14169
8689,160,14741
8689,160,14769
8689,165,15257
8689,165,15259
8689,166,15347
8689,166,15362
8689,166,15376
8689,171,15831
8689,183,16917
8689,187,17264
8689,192,17704
8689,196,18054
8689,200,18389
8689,221,20403
8689,221,20414
8689,239,22044
8689,243,22385
8689,243,22394
8689,246,22641
8689,264,24255
8689,264,24292
8689,266,24466
8689,274,25210
8689,279,25638
8689,289,26540
8689,302,27707
8689,310,28446
8689,323,29602
8689,327,29976
8689,333,30482
8689,337,30885
8689,338,31010
8689,339,31084
8689,346,31673
8689,347,31779
8689,347,31820
8689,347,31821
8689,349,32013
8689,356,32693
8689,356,32708
8689,359,32941
8689,359,32946
8689,360,33067
8689,363,33325
8689,370,33916
8689,372,34088
8689,374,34253
8689,374,34254
8689,377,34523
8689,377,34535
8689,401,36747
8689,412,37707
8689,412,37709
8689,415,37986
8689,419,38328
8689,419,38342
8689,427,39033
8689,431,39412
8686,278,28868
8686,283,29448
8686,284,29566
8686,284,29587
8686,287,29893
8686,289,30140
8686,290,30223
8686,290,30225
8686,294,30752
8686,297,31004
8686,305,31617
8686,307,31841
8686,310,32193
8686,317,32878
8686,317,32893
8686,321,33335
8686,321,33379
8686,322,33446
8686,327,34080
8686,328,34215
8686,333,34802
8686,333,34814
8686,336,35206
8686,337,35326
8686,337,35346
8686,338,35428
8686,338,35453
8686,338,35460
8686,340,35655
8686,344,36144
8686,351,36866
8686,354,37235
8686,360,37806
8686,364,38273
8686,367,38560
8686,367,38595
8686,378,39554
8686,384,40273
8686,384,40324
8686,385,40428
8686,407,42766
8686,407,42805
8686,408,42902
8686,411,43213
8686,411,43216
8686,414,43535
8686,420,44123
8686,420,44140
8686,430,45151
8686,433,45474
8686,433,45525
8686,437,45963
8686,442,46409
8686,444,46609
8686,444,46614
8686,445,46664
8686,445,46669
8686,454,47554
8686,454,47561
8686,462,48435
8686,466,48754
8686,471,49280
8686,472,49352
8686,472,49370
8686,472,49389
8686,473,49486
8686,476,49774
8686,479,50052
8686,342,35841
8686,353,37070
8686,353,37080
8686,353,37090
8686,353,37117
8686,355,37367
8686,357,37549
8686,366,38424
8686,403,42421
8686,404,42498
8686,412,43299
8686,412,43311
8686,412,43327
8686,413,43429
8686,413,43458
8686,416,43729
8686,416,43774
8686,418,43944
8686,421,44272
8686,425,44658
8686,431,45273
8686,434,45580
8686,434,45601
8686,435,45700
8686,435,45705
8686,436,45795
8686,438,46008
8686,438,46048
8686,439,46110
8686,439,46143
8686,439,46145
8686,441,46311
8686,443,46485
8686,443,46515
8686,447,46898
8686,461,48319
8686,467,48877
8686,467,48897
8686,469,49088
8686,469,49094
8686,470,49206
8689,3,214
8689,9,727
8689,10,832
8689,10,850
8689,24,2175
8689,27,2456
8689,34,3087
8689,37,3334
8689,38,3436
8689,40,3586
8689,40,3594
8689,57,5023
8689,57,5045
8689,63,5601
8689,63,5603
8689,72,6486
8689,80,7239
8689,89,8080
8689,89,8098
8689,89,8109
8689,92,8371
8689,102,9273
8689,107,9764
8689,111,10143
8689,124,11312
8689,134,12262
8689,139,12759
8689,150,13796
8689,164,15169
8689,164,15171
8689,169,15644
8689,169,15658
8689,184,17002
8689,190,17511
8689,198,18220
8689,198,18227
8689,216,19923
8689,217,20009
8689,217,20016
8689,217,20045
8658,5,568
8658,30,2598
8658,30,2606
8658,36,3176
8658,36,3194
8658,36,3198
8658,73,6424
8658,94,8069
8658,104,8992
8658,104,9001
8658,105,9047
8658,112,9544
8658,117,9961
8658,117,9977
8658,117,9984
8658,129,10769
8658,148,12165
8658,148,12173
8658,154,12603
8658,155,12694
8658,162,13221
8658,163,13306
8658,172,13967
8658,186,15042
8658,231,18388
8658,237,18878
8658,239,19023
8658,242,19215
8658,243,19277
8658,246,19478
8658,247,19545
8658,251,19839
8658,267,20956
8658,269,21094
8658,269,21096
8658,274,21458
8658,283,22113
8658,289,22566
8658,289,22597
8658,309,24038
8658,315,24523
8658,346,26785
8658,369,28441
8658,374,28788
8658,388,29779
8658,396,30430
8658,416,32072
8658,416,32076
8658,437,33621
8658,459,34955
8658,7,752
8658,14,1388
8658,17,1783
8658,22,2107
8658,28,2485
8658,28,2489
8658,37,3255
8658,48,4262
8658,56,4970
8658,56,4972
8658,61,5370
8658,61,5387
8658,108,9283
8658,110,9411
8658,113,9618
8658,151,12386
8658,168,13668
8658,168,13684
8658,178,14442
8658,195,15728
8658,195,15742
8658,196,15805
8658,196,15810
8658,207,16604
8658,238,18950
8658,238,18958
8658,248,19616
8658,248,19630
8658,252,19913
8658,255,20096
8658,261,20499
8658,276,21601
8658,277,21669
8658,278,21740
8658,281,21976
8658,288,22481
8658,313,24355
8658,313,24356
8658,333,25874
8658,339,26327
8658,357,27637
8658,358,27716
8658,367,28311
8658,381,29328
8658,381,29334
8658,381,29335
8658,383,29446
8658,393,30173
8658,397,30511
8658,406,31282
8658,417,32179
8658,418,32258
8658,418,32259
8658,433,33351
8658,435,33491
8658,475,35933
8689,4,295
8689,5,399
8689,11,937
8689,39,3500
8689,53,4670
8689,53,4692
8689,61,5416
8689,65,5799
8689,68,6058
8689,68,6065
8689,68,6088
8689,69,6212
8689,73,6583
8689,73,6607
8689,73,6620
8689,73,6622
8689,82,7429
8689,87,7890
8689,93,8455
8689,93,8472
8689,96,8739
8689,98,8910
8689,99,9014
8689,101,9178
8689,108,9862
8689,118,10765
8689,118,10766
8689,118,10778
8689,120,10943
8689,127,11555
8689,127,11564
8689,127,11574
8689,127,11576
8689,130,11862
8689,132,12053
8689,132,12083
8689,133,12163
8689,136,12461
8689,136,12465
8689,138,12626
8689,138,12638
8689,141,12940
8689,141,12949
8689,141,12954
8689,143,13110
8689,153,14075
8689,158,14541
8689,159,14652
8689,167,15434
8689,167,15450
8689,167,15456
8689,178,16484
8689,181,16751
8689,185,17109
8689,185,17111
8689,213,19654
8689,213,19659
8689,223,20552
8689,227,20942
8689,227,20959
8689,234,21611
8689,240,22133
8689,251,23136
8689,253,23322
8689,262,24096
8689,269,24738
8689,291,26722
8689,299,27481
8689,307,28163
8689,311,28507
8689,311,28509
8689,311,28510
8689,311,28523
8689,311,28528
8689,311,28542
8689,317,29020
8689,317,29045
8689,322,29487
8689,332,30378
8689,332,30387
8689,332,30388
8689,332,30405
8689,342,31307
8689,344,31487
8689,365,33481
8689,365,33513
8689,366,33592
8689,393,35932
8689,394,36063
8689,404,36982
8689,404,36993
8689,404,37020
8689,417,38164
8689,417,38167
8689,434,39693
8689,435,39769
8689,435,39785
8689,440,40243
8689,440,40244
8658,4,485
8658,4,486
8658,16,1636
8658,21,2029
8658,29,2543
8658,31,2671
8658,32,2739
8658,65,5672
8658,91,7821
8658,93,7978
8658,109,9345
8658,125,10502
8658,125,10513
8658,166,13553
8658,175,14197
8658,175,14198
8658,187,15121
8658,189,15265
8658,204,16402
8658,204,16419
8658,219,17481
8658,219,17496
8689,148,13557
8689,162,14931
8689,162,14960
8689,168,15561
8689,168,15573
8689,172,15924
8689,172,15928
8689,176,16284
8689,176,16299
8689,186,17164
8689,186,17181
8689,194,17866
8689,199,18291
8689,214,19732
8689,229,21134
8689,229,21149
8689,231,21324
8689,237,21879
8689,242,22287
8689,260,23948
8689,268,24624
8689,276,25366
8689,276,25396
8689,287,26350
8689,296,27164
8689,305,27990
8689,305,27992
8689,316,28942
8689,316,28944
8689,316,28946
8689,316,28974
8689,325,29794
8689,325,29800
8689,351,32187
8689,396,36259
8689,396,36265
8689,396,36275
8689,396,36277
8689,396,36296
8689,396,36297
8689,397,36374
8689,402,36817
8689,420,38439
8689,423,38672
8689,429,39200
8689,437,39945
8658,23,2157
8658,23,2158
8658,34,3006
8658,35,3080
8658,35,3093
8658,39,3472
8658,45,3996
8658,45,4019
8658,46,4107
8658,52,4616
8658,53,4722
8658,60,5291
8658,69,6040
8658,72,6342
8658,72,6347
8658,97,8387
8658,97,8410
8658,98,8512
8658,99,8568
8658,100,8681
8658,120,10172
8658,158,12911
8658,158,12923
8658,164,13366
8658,164,13370
8658,171,13905
8658,176,14278
8658,177,14362
8658,177,14366
8658,190,15359
8658,199,16039
8658,205,16476
8658,205,16488
8658,218,17399
8658,245,19402
8658,259,20352
8658,264,20707
8658,264,20708
8658,264,20725
8658,286,22348
8658,303,23608
8658,308,23971
8658,316,24589
8658,336,26111
8658,342,26520
8658,365,28133
8658,392,30115
8658,392,30125
8658,395,30332
8658,422,32551
8658,426,32856
8658,438,33666
8658,464,35229
8658,464,35230
8658,465,35289
8658,471,35668
8658,478,36155
8652,18,1536
8652,22,1871
8652,57,4606
8652,58,4669
8652,58,4702
8652,80,6524
8652,86,6818
8652,86,6838
8658,130,10841
8658,131,10909
8658,131,10921
8658,156,12757
8658,161,13143
8658,174,14135
8658,181,14657
8658,181,14663
8658,181,14667
8658,181,14673
8658,202,16243
8658,202,16248
8658,214,17125
8658,244,19343
8658,263,20652
8658,290,22675
8658,292,22814
8658,301,23453
8658,306,23833
8658,310,24148
8658,318,24753
8658,319,24817
8658,320,24889
8658,320,24900
8658,321,24989
8658,337,26208
8658,344,26652
8658,350,27119
8658,350,27132
8658,353,27340
8658,361,27884
8658,373,28711
8658,379,29169
8658,384,29520
8658,407,31363
8658,419,32314
8658,419,32341
8658,434,33415
8658,455,34714
8658,474,35885
9482,31,2492
9482,36,2943
9482,41,3358
9482,41,3359
9482,41,3372
9482,47,3870
9482,65,5356
9482,65,5376
9482,65,5380
9482,75,6271
9482,121,10207
9482,128,10865
9482,136,11550
9482,136,11556
9482,187,15885
9482,212,17854
9482,212,17880
9482,218,18276
9482,218,18280
9482,225,18722
9482,253,20359
9482,291,22768
9482,291,22776
9482,296,23140
9485,13,1208
9485,13,1212
9485,23,1965
9485,46,3582
9485,51,3923
9485,70,5216
9485,84,6133
9485,127,9339
9485,135,9952
9485,135,9956
9485,144,10628
9485,149,11000
9485,149,11019
9485,149,11032
9485,154,11391
9485,157,11646
9485,171,12770
9485,174,13042
9485,182,13714
9485,188,14146
9485,206,15684
9485,212,16188
9485,212,16216
9485,237,18282
9485,252,19569
9485,252,19579
9482,13,1002
9482,28,2239
9482,74,6167
9482,96,8066
9482,96,8079
9482,96,8084
9482,105,8845
9482,140,11881
9482,168,14251
9482,175,14915
9482,175,14921
9482,179,15249
9482,188,15956
9482,191,16226
9482,242,19813
9482,270,21443
9482,276,21733
9482,295,23070
9482,295,23071
9485,34,2765
9485,49,3786
9485,69,5131
9485,90,6589
9485,112,8174
9485,143,10552
9485,162,12030
9485,181,13637
9485,185,13942
9485,205,15630
9485,222,16979
9485,224,17153
9485,264,20551
9473,533,45302
9473,533,45318
9473,533,45326
9473,533,45330
9473,548,46424
9473,570,48318
9473,575,48761
9473,609,51601
9473,609,51621
9473,614,52033
9473,621,52653
9483,4,216
9483,9,535
9483,10,615
9483,11,667
9483,13,804
9483,13,805
9483,16,995
9483,18,1104
9483,22,1391
9483,22,1393
9483,24,1506
9483,25,1587
9483,28,1793
9483,28,1802
9483,31,2017
9483,31,2019
9483,31,2027
9483,31,2042
9483,34,2229
9483,38,2516
9483,46,3034
9483,49,3264
9483,61,4106
9483,67,4501
9483,67,4503
9483,67,4515
9483,79,5284
9483,81,5438
9483,83,5546
9483,87,5805
9483,93,6227
9473,301,25987
9473,301,26017
9473,316,27304
9473,317,27419
9473,325,28132
9473,348,29938
9473,383,32740
9473,389,33161
9473,397,33853
9473,415,35526
9473,427,36627
9473,432,37189
9473,456,39248
9473,456,39258
9473,457,39329
9473,457,39341
9473,478,41117
9473,478,41121
9473,486,41787
9473,497,42722
9473,501,42989
9473,502,43104
9473,504,43278
9473,508,43645
9473,510,43803
9473,510,43830
9473,546,46258
9473,554,46957
9473,554,46978
9473,556,47130
9473,568,48170
9473,592,50194
9473,592,50202
9473,592,50203
9473,598,50660
9473,598,50663
9473,615,52145
9482,39,3179
9482,39,3185
9482,45,3690
9482,56,4607
9482,71,5940
9482,95,7972
9482,103,8664
9482,109,9182
9484,3,142
9484,3,149
9484,6,379
9484,13,865
9484,27,1846
9484,28,1900
9484,28,1916
9484,32,2171
9484,51,3413
9484,93,5444
9484,97,5711
9484,105,6346
9484,105,6380
9484,111,6835
9484,111,6848
9485,25,2117
9485,38,3043
9485,67,5014
9485,93,6784
9485,103,7467
9485,105,7615
9485,107,7766
9485,111,8060
9485,119,8710
9485,146,10782
9485,146,10796
9485,151,11163
9485,173,12950
9485,195,14749
9485,195,14762
9485,207,15777
9485,238,18355
9485,261,20298
9483,39,2568
9483,82,5484
9483,88,5890
9484,1,21
9484,4,229
9484,12,784
9484,14,942
9484,21,1418
9484,23,1563
9484,26,1777
9484,34,2286
9484,37,2461
9484,41,2729
9484,45,2982
9484,45,2988
9484,49,3271
9484,52,3475
9484,54,3611
9484,89,5179
9484,89,5184
9484,91,5309
9484,92,5377
9484,95,5575
9484,96,5629
9484,103,6192
9484,103,6195
9484,104,6272
9484,108,6621
9473,21,1588
9473,33,2508
9473,36,2780
9473,42,3227
9473,52,4264
9473,77,6359
9473,81,6703
9473,104,8674
9473,124,10389
9473,125,10490
9473,142,11993
9473,142,12006
9473,143,12122
9473,157,13211
9473,170,14258
9473,175,14739
9473,182,15299
9473,182,15317
9473,186,15637
9473,193,16244
9473,199,16776
9473,218,18629
9473,223,19047
9473,233,19935
9473,240,20611
9473,241,20682
9473,241,20702
9473,245,21044
9473,245,21057
9473,263,22630
9473,265,22805
9473,278,23995
9473,299,25835
9473,300,25888
9473,300,25910
9473,306,26449
9473,315,27215
9473,329,28461
9473,349,30053
9473,361,30813
9473,368,31445
9473,368,31453
9473,19,1373
9473,39,2972
9473,59,4785
9473,59,4809
9473,66,5431
9473,66,5454
9473,69,5669
9473,82,6825
9473,87,7260
9473,87,7264
9473,95,7930
9473,96,8009
9473,96,8015
9473,101,8411
9473,127,10622
9473,131,10970
9473,135,11310
9473,135,11320
9473,135,11323
9473,156,13144
9473,161,13582
9473,190,15984
9473,219,18735
9473,222,18950
9473,238,20411
9473,242,20779
9473,256,22025
9473,260,22394
9473,262,22557
9473,280,24196
9473,282,24351
9473,284,24540
9473,287,24810
9473,296,25590
9473,304,26288
9473,308,26628
9473,320,27688
9473,322,27878
9473,333,28809
9473,362,30875
9473,362,30885
9473,362,30901
9473,364,31047
9473,374,31951
9473,374,31956
9473,375,32038
9473,382,32638
9473,382,32644
9473,392,33393
9473,396,33762
9473,405,34529
9473,405,34531
9473,405,34535
9473,407,34702
9473,407,34703
9473,420,36021
9473,422,36192
9473,422,36207
9473,422,36219
9473,429,36852
9473,440,37867
9473,445,38303
9473,455,39163
9473,480,41309
9473,490,42098
9473,498,42791
9473,500,42944
9473,507,43553
9473,581,49252
9473,610,51705
9473,624,52920
9473,624,52943
9473,138,11603
9473,141,11911
9473,141,11912
9473,145,12275
9473,145,12293
9473,149,12645
9473,153,12866
9473,154,12977
9473,158,13341
9473,181,15230
9473,188,15826
9473,189,15906
9473,198,16673
9473,200,16874
9473,246,21150
9473,253,21785
9473,264,22738
9473,281,24263
9473,286,24698
9473,286,24707
9473,305,26351
9473,305,26352
9473,324,28035
9473,366,31273
9473,367,31364
9473,371,31696
9473,388,33061
9473,394,33606
9473,395,33700
9473,411,35067
9473,413,35273
9473,423,36323
9473,443,38110
9473,506,43449
9473,524,44660
9473,540,45783
9473,569,48238
9473,584,49501
9473,589,49934
9473,613,51954
9473,618,52383
9554,5,333
9554,6,387
9554,8,542
9554,11,741
9554,18,1236
9554,20,1355
9554,27,1834
9554,30,2027
9554,30,2035
9554,31,2126
9554,41,2792
9554,49,3381
9554,51,3531
9554,61,4275
9554,61,4281
9554,61,4282
9554,63,4424
9554,69,4792
9554,69,4796
9554,76,5249
9554,82,5670
9554,84,5819
9554,96,6699
9554,108,7500
9554,109,7548
9554,111,7719
9554,115,7981
9554,137,9512
9554,138,9574
9554,140,9761
9554,160,11135
9554,167,11660
9554,167,11661
9554,172,12003
9554,210,14180
9554,214,14429
9554,214,14446
9554,223,15032
9554,223,15041
9554,224,15133
9554,237,16011
9554,240,16227
9554,249,16914
9554,249,16917
9554,249,16924
9554,264,17944
9559,144,12208
9559,184,14883
9554,7,439
9554,13,886
9554,14,949
9554,22,1508
9554,23,1568
9554,24,1627
9554,32,2186
9554,34,2351
9554,44,3000
9554,44,3019
9554,44,3035
9554,50,3455
9554,53,3704
9554,57,3978
9554,67,4665
9554,73,5068
9554,77,5320
9554,81,5609
9554,97,6741
9554,104,7184
9554,107,7405
9554,112,7762
9554,112,7776
9554,127,8811
9554,129,8950
9554,131,9084
9554,134,9294
9554,135,9374
9554,135,9384
9554,135,9394
9554,158,10974
9554,158,10983
9554,158,10988
9554,169,11810
9554,205,13800
9554,212,14297
9554,215,14489
9554,235,15849
9554,239,16131
9554,239,16141
9554,239,16168
9554,258,17513
9554,261,17725
9554,261,17735
9554,266,18091
9554,266,18096
9554,266,18121
9554,273,18591
9552,5,381
9552,9,676
9552,13,942
9552,16,1148
9552,25,1797
9552,25,1813
9552,25,1819
9552,26,1895
9552,34,2510
9552,39,2842
9552,39,2872
9552,42,3058
9552,43,3131
9552,43,3136
9552,43,3146
9552,51,3727
9552,71,5262
9555,10,826
9555,17,1298
9555,17,1303
9555,30,2181
9555,30,2184
9555,35,2527
9555,35,2549
9555,37,2694
9555,73,5409
9555,76,5616
9555,89,6561
9555,89,6583
9555,89,6589
9555,112,8313
9557,12,698
9557,12,704
9557,13,792
9557,14,868
9557,18,1244
9557,31,2246
9557,35,2605
9557,37,2769
9557,39,2933
9557,49,3750
9557,57,4455
9557,57,4457
9557,71,5642
9557,71,5651
9557,73,5833
9557,73,5843
9552,18,1267
9552,28,2040
9552,30,2187
9552,31,2253
9552,32,2339
9552,38,2804
9552,63,4648
9552,72,5355
9552,75,5587
9552,79,5862
9552,79,5869
9555,9,728
9555,27,1968
9555,28,2011
9555,28,2049
9555,40,2956
9555,52,3861
9555,69,5099
9555,77,5701
9555,77,5705
9555,81,5983
9555,86,6358
9555,91,6674
9555,114,8475
9557,22,1533
9557,41,3092
9557,41,3106
9557,70,5548
9553,5,333
9553,19,1338
9553,31,2214
9553,35,2489
9553,36,2523
9553,36,2537
9553,41,2923
9553,62,4424
9553,70,4996
9553,77,5528
9553,77,5531
9553,77,5558
9553,81,5804
9553,85,6123
9553,88,6317
9553,112,8033
9553,144,10343
9553,153,10947
9553,153,10961
9553,166,11799
9555,115,8528
9555,165,12323
9559,35,2865
9559,47,3911
9559,52,4302
9559,59,4935
9559,79,6722
9559,113,9554
9559,113,9561
9559,113,9565
9562,45,3531
9562,74,5872
9562,79,6293
9562,79,6306
9562,134,10431
9552,1,34
9552,6,449
9552,37,2730
9552,37,2734
9552,41,3002
9552,68,5064
9552,77,5754
9553,25,1778
9553,42,3000
9553,57,4065
9553,58,4152
9553,66,4704
9553,66,4714
9553,72,5151
9553,72,5153
9553,111,7931
9553,122,8770
9553,125,9004
9553,131,9402
9555,11,899
9555,15,1145
9555,16,1233
9555,26,1884
9555,26,1891
9555,34,2455
9555,34,2461
9555,38,2815
9555,43,3180
9555,43,3187
9555,43,3188
9555,51,3762
9555,57,4221
9555,59,4367
9555,60,4427
9555,63,4638
9555,72,5325
9555,75,5546
9555,78,5768
9555,82,6039
9555,96,7052
9555,111,8211
9555,111,8215
9555,125,9271
9555,128,9508
9555,129,9575
9555,141,10471
9555,152,11312
9557,50,3855
9557,60,4674
9557,60,4676
9557,86,6713
9553,2,102
9553,8,544
9553,11,728
9553,22,1549
9553,26,1846
9553,28,1949
9553,38,2676
9553,50,3574
9553,65,4614
9553,65,4639
9553,69,4923
9553,69,4928
9553,75,5350
9553,75,5381
9553,83,5964
9553,83,5980
9553,91,6539
9553,119,8539
9553,123,8872
9553,133,9554
9553,147,10532
9553,150,10735
9555,116,8632
9555,137,10200
9555,158,11794
9555,158,11804
9555,164,12227
9559,38,3145
9559,75,6314
9559,75,6321
9559,75,6341
9559,75,6342
9559,82,6997
9559,92,7738
9559,114,9646
9559,122,10279
9559,129,10882
9559,129,10890
9562,32,2431
9562,37,2846
9562,113,8646
9562,113,8652
9562,133,10335
9553,23,1624
9553,27,1897
9553,44,3123
9553,44,3155
9553,49,3504
9553,49,3506
9553,59,4219
9553,71,5071
9553,73,5205
9553,109,7792
9553,109,7798
9553,114,8171
9553,114,8194
9553,120,8628
9553,129,9269
9553,129,9271
9553,129,9274
9553,154,11029
9553,165,11729
9555,132,9795
9555,136,10108
9555,140,10423
9555,156,11677
9555,157,11720
9559,27,2180
9559,53,4385
9559,60,5014
9559,72,6024
9559,87,7327
9559,87,7355
9559,105,8904
9559,132,11171
9562,23,1748
9562,108,8219
9562,108,8220
9562,116,8882
9562,126,9743
9554,9,597
9554,17,1146
9554,35,2396
9554,40,2732
9554,52,3631
9554,74,5131
9554,74,5148
9554,78,5399
9554,85,5902
9554,93,6474
9554,94,6549
9554,102,7034
9554,117,8137
9554,117,8143
9554,120,8340
9554,120,8365
9554,120,8377
9554,126,8772
9554,165,11534
9554,176,12255
9554,226,15248
9554,247,16754
9554,247,16773
9554,251,17063
9554,272,18506
9554,272,18516
9559,63,5246
9559,149,12615
9559,150,12684
9559,150,12705
9559,181,14627
9553,53,3765
9553,53,3767
9553,56,3997
9553,74,5295
9553,127,9118
9553,127,9138
9553,132,9495
9553,138,9917
9553,138,9940
9553,142,10184
9553,151,10812
9553,155,11121
9553,161,11474
9553,161,11504
9559,1,41
9559,32,2593
9559,33,2696
9559,64,5347
9559,68,5671
9559,74,6235
9559,89,7473
9559,139,11774
9562,35,2687
9562,44,3411
9562,72,5693
9562,80,6362
9562,80,6376
9562,85,6807
9562,107,8149
9562,109,8323
9562,112,8562
9562,115,8827
9562,118,9061
9562,124,9572
9562,127,9797
9562,131,10168
8595,3,290
8595,7,682
8595,17,1612
8595,20,1875
8595,21,1962
8595,21,1971
8595,45,4229
8595,82,7623
8595,88,8187
8595,94,8756
8595,94,8772
8595,161,14741
8595,161,14744
8595,172,15725
8595,172,15727
8595,172,15730
8677,21,1355
8677,65,4138
8677,145,9501
8677,165,10934
8677,173,11425
8677,177,11753
8677,180,11949
8677,180,11969
8677,190,12730
8677,190,12737
8677,201,13483
8677,201,13496
8677,208,13982
8677,215,14455
8677,222,14964
8677,223,15036
8677,227,15350
8677,232,15661
8677,236,15953
8677,237,16018
8677,239,16154
8677,241,16287
8677,245,16552
8595,12,1167
8595,19,1789
8595,19,1802
8595,28,2625
8595,42,3962
8595,43,4034
8595,43,4056
8595,44,4143
8595,46,4335
8595,49,4666
8595,51,4842
8595,51,4847
8595,52,4933
8595,52,4940
8595,56,5293
8595,62,5824
8595,64,6017
8595,66,6188
8595,66,6196
8595,67,6286
8595,70,6542
8595,70,6544
8595,75,6976
8595,90,8398
8595,96,8951
8595,97,9046
8595,103,9557
8595,112,10344
8595,113,10430
8595,120,11063
8595,143,13105
8595,145,13278
8595,145,13284
8595,147,13470
8595,163,14964
8595,163,14966
8595,177,16163
8595,179,16368
8595,181,16535
8595,186,16976
8595,193,17599
8595,193,17603
8595,197,18019
8595,204,18660
8595,206,18860
8595,211,19338
8595,212,19410
8629,111,8726
8629,113,8920
8629,114,9002
8629,115,9083
8629,121,9488
8629,141,10976
8629,145,11249
8629,147,11404
8629,147,11430
8629,158,12295
8629,160,12433
8629,160,12437
8629,169,13150
8629,169,13159
8629,172,13421
8629,174,13569
8629,174,13581
8629,174,13590
8629,180,14105
8629,186,14546
8629,186,14556
8629,189,14807
8629,190,14869
8629,190,14870
8629,190,14881
8629,194,15141
8677,5,307
8677,5,312
8677,6,401
8677,7,457
8677,7,465
8677,10,646
8677,15,1001
8677,19,1237
8677,30,1878
8677,31,1950
8677,31,1959
8677,36,2235
8677,36,2236
8677,45,2762
8677,45,2765
8677,49,3025
8677,53,3258
8677,53,3263
8677,54,3327
8677,54,3335
8677,59,3698
8677,62,3910
8677,91,5915
8677,91,5923
8677,92,5982
8677,109,7071
8677,109,7085
8677,109,7091
8677,113,7345
8677,121,7894
8677,121,7902
8677,126,8226
8677,137,8961
8677,137,8966
8677,146,9586
8677,169,11188
8677,176,11680
8677,176,11681
8677,200,13402
8677,200,13403
8677,202,13557
8677,2,110
8677,16,1045
8677,24,1528
8677,26,1648
8677,26,1658
8677,26,1659
8677,27,1710
8677,27,1713
8677,44,2704
8677,47,2895
8677,69,4401
8677,70,4473
8677,83,5348
8677,87,5646
8677,102,6633
8677,111,7215
8677,114,7414
8677,117,7620
8677,117,7638
8677,123,8033
8677,134,8763
8677,142,9323
8677,143,9379
8677,143,9382
8677,147,9647
8677,157,10319
8677,164,10845
8677,171,11318
8677,178,11829
8677,182,12157
8677,186,12427
8677,192,12845
8677,193,12926
8677,224,15113
8677,230,15555
8677,234,15797
8677,234,15801
8677,243,16419
8613,16,1183
8613,16,1201
8613,16,1203
8613,28,2101
8613,29,2157
8613,29,2161
8613,29,2171
8613,35,2622
8613,37,2782
8613,39,2922
8613,39,2950
8613,46,3498
8613,67,4990
8613,67,4999
8613,100,7426
8613,107,8007
8613,107,8029
8613,136,9431
8613,138,9591
8613,141,9828
8613,147,10267
8613,148,10343
8613,151,10511
8613,173,12237
8629,4,218
8629,21,1507
8629,23,1675
8629,23,1677
8629,31,2299
8629,32,2380
8629,42,3229
8629,45,3474
8629,50,3847
8629,65,5038
8629,91,7092
8629,91,7108
8629,91,7110
8629,99,7761
8629,104,8160
8629,112,8830
8629,133,10429
8629,139,10816
8629,148,11468
8629,148,11502
8629,153,11871
8629,164,12752
8629,164,12761
8629,170,13225
8629,171,13294
8629,184,14394
8629,192,15024
8629,2,95
8629,3,147
8629,3,151
8629,29,2127
8629,36,2675
8629,36,2713
8629,43,3307
8629,47,3633
8629,53,4079
8629,56,4322
8629,57,4389
8629,58,4475
8629,58,4506
8629,61,4718
8629,66,5077
8629,69,5299
8629,73,5615
8629,79,6085
8629,84,6525
8629,84,6542
8629,84,6543
8629,86,6700
8629,93,7295
8629,95,7430
8629,96,7517
8629,97,7590
8629,97,7609
8629,98,7688
8629,100,7862
8629,101,7939
8629,106,8299
8629,109,8587
8629,109,8592
8629,125,9819
8629,125,9830
8629,132,10351
8629,138,10725
8629,140,10879
8629,140,10893
8629,143,11099
8629,143,11134
8629,144,11178
8629,150,11618
8629,152,11775
8629,155,12011
8629,156,12132
8629,156,12134
8629,157,12200
8629,163,12676
8629,165,12820
8629,165,12837
8629,166,12947
8629,176,13741
8629,176,13743
8629,176,13760
8629,177,13829
8629,178,13905
8629,182,14245
8629,183,14334
8629,183,14338
8629,185,14485
8629,187,14629
8629,188,14701
8629,188,14704
8607,22,2074
8607,22,2081
8607,25,2365
8607,51,4626
8607,53,4820
8607,69,6288
8607,69,6301
8607,70,6374
8607,70,6375
8607,81,7377
8607,81,7390
8607,93,8377
8607,93,8390
8607,97,8714
8607,97,8725
8607,117,10533
8607,120,10796
8607,124,11146
8607,124,11168
8607,128,11534
8607,128,11548
8607,128,11555
8607,132,11948
8607,135,12200
8607,137,12403
8607,157,14239
8613,12,874
8613,44,3318
8613,44,3322
8613,45,3395
8613,65,4841
8613,88,6514
8613,89,6568
8613,96,7150
8613,97,7244
8613,101,7524
8613,133,9215
8613,133,9223
8629,72,5541
8607,16,1560
8607,18,1767
8607,30,2740
8607,50,4537
8607,56,5082
8607,57,5171
8607,105,9449
8607,108,9703
8607,118,10614
8607,146,13213
8607,146,13215
8613,3,202
8613,20,1504
8613,30,2217
8613,30,2225
8613,32,2388
8613,38,2862
8613,41,3076
8613,42,3190
8613,42,3192
8613,42,3194
8613,52,3936
8613,70,5208
8613,82,6075
8613,94,7004
8613,102,7594
8613,131,9031
8613,171,12051
8613,171,12057
8629,27,1986
8629,34,2544
8629,46,3534
8629,46,3565
8629,54,4172
8629,87,6756
8629,87,6779
8629,90,7014
8629,90,7029
8607,28,2561
8607,55,5004
8607,72,6569
8607,88,7920
8607,119,10713
8607,125,11265
8607,134,12112
8607,155,14037
8710,37,2990
8710,42,3563
8710,53,4691
8710,62,5629
8710,62,5641
8710,71,6593
8710,71,6595
8710,85,8112
8710,88,8433
8710,88,8445
8710,102,10009
8710,109,10720
8710,116,11465
8710,118,11680
8710,120,11895
8710,127,12560
8710,128,12682
8710,130,12889
8710,135,13432
8710,140,13957
8710,142,14167
8710,143,14296
8638,300,32143
8638,300,32157
8638,304,32562
8638,304,32580
8638,304,32581
8638,305,32669
8638,305,32715
8638,355,38248
8638,405,43849
8638,474,51661
8667,292,23787
8672,17,1872
8672,17,1922
8679,94,7899
8679,94,7900
8679,189,15264
8679,189,15268
8679,189,15315
8679,249,20582
8679,295,24936
8679,348,31416
8681,429,34927
8684,8,1272
8684,8,1288
8684,8,1289
8684,8,1295
8684,8,1300
8684,195,20947
8684,272,29577
8685,69,7192
8685,69,7193
8685,69,7229
8685,69,7244
8686,257,26807
8686,257,26808
8686,316,32732
8686,343,35995
8686,343,36008
8723,9,1532
8723,112,16422
8723,112,16467
8723,112,16473
8723,127,18548
8723,127,18595
8723,127,18604
8723,127,18608
8723,141,20554
8723,141,20559
8723,173,24795
8738,350,35264
8740,288,28657
9492,18,1297
9493,294,22012
9493,294,22033
9493,294,22049
9509,179,16572
9509,202,18902
9509,222,20941
9509,222,20989
9509,384,37021
9509,430,41683
9511,70,6070
9511,70,6103
9511,164,14837
9511,164,14855
9511,211,20044
9564,51,4529
9564,296,20900
9564,296,20905
8638,397,42961
8672,140,16045
8672,152,17402
8672,152,17405
8675,43,4802
8675,43,4843
8675,92,9679
8675,92,9700
8679,7,525
8679,136,10911
8684,37,4564
8684,327,35605
8684,327,35606
8684,441,48136
8710,100,9793
8723,67,10002
8723,67,10030
8723,123,17962
8723,123,17997
8738,336,33972
8740,267,26457
8766,211,26123
9481,13,939
9481,13,950
9481,243,18856
9481,243,18874
9481,390,31436
9492,109,8437
9492,121,9333
9508,89,9124
9509,115,10122
9511,179,16494
9513,137,13549
9514,180,13607
9535,223,15564
8638,65,6474
8638,66,6535
8638,324,34826
8638,324,34852
8638,327,35144
8638,425,46135
8638,425,46190
8672,2,165
8672,2,183
8672,2,191
8672,124,14225
8672,133,15255
8679,124,9895
8679,124,9937
8679,240,19876
8679,273,22937
8681,366,29987
8684,54,6487
8684,54,6504
8684,160,17623
8684,204,21978
8684,348,37795
8684,348,37820
8684,426,46478
8684,426,46481
8684,448,48954
8684,448,48995
8685,107,11391
8723,16,2555
8723,16,2568
8723,34,5102
8723,34,5169
8723,187,26717
8723,248,35294
8723,256,36384
8723,256,36412
8723,346,48450
8740,148,14255
8740,148,14256
9493,68,5312
9493,68,5335
9508,148,15012
9509,82,7080
9509,274,26124
9509,478,45855
9511,63,5419
9511,192,17847
9511,192,17850
9544,237,20168
8638,172,17867
8638,209,21964
8638,209,21970
8638,209,22008
8638,269,28705
8638,291,31115
8638,393,42504
8638,458,49757
8672,162,18653
8675,228,25927
8675,228,25954
8679,241,19932
8679,269,22508
8679,269,22547
8679,316,27260
8679,316,27311
8679,377,34968
8684,414,45115
8684,414,45174
8684,414,45184
8685,270,28387
8723,154,22255
8723,154,22283
8723,154,22310
8723,155,22424
8723,155,22438
8723,169,24221
8723,181,25787
8723,332,46517
8740,269,26660
8740,269,26667
8740,424,42679
9481,111,7962
9481,153,11375
9481,214,16399
9493,63,4879
9508,13,1872
9508,13,1903
9508,21,2665
9508,186,18739
9508,186,18745
9508,186,18789
9509,113,9931
9509,291,27846
9509,338,32301
9509,451,43648
9513,190,18277
9544,38,3317
8638,387,41861
8638,387,41885
8638,430,46718
8638,430,46731
8638,430,46751
8638,430,46805
8638,431,46851
8638,443,48061
8638,451,48944
8638,451,48992
8638,451,49001
8638,475,51789
8638,476,51865
8667,330,28208
8672,156,17942
8675,111,11648
8675,147,15887
8679,63,5459
8679,168,13372
8679,226,18630
8679,226,18649
8679,226,18656
8679,245,20231
8679,245,20248
8679,293,24623
8679,293,24634
8679,293,24638
8684,61,7268
8684,61,7270
8684,61,7278
8684,61,7301
8684,61,7311
8684,63,7550
8684,222,23977
8686,238,24952
8686,238,24953
8686,238,24974
8686,324,33665
8686,324,33698
8723,189,27006
8723,189,27019
8723,240,34169
8723,240,34181
8723,302,42961
8723,345,48333
8766,58,7404
9481,233,18022
9481,233,18031
9481,256,19982
9492,103,7940
9508,69,7187
9509,197,18387
9509,371,35667
9509,450,43529
9509,476,45674
9511,184,17026
9513,148,14618
9515,33,2558
9535,23,1595
9535,23,1613
8607,94,8460
8638,80,7857
8638,298,31939
8638,381,41196
8638,449,48740
8638,470,51207
8672,77,8849
8672,77,8855
8672,77,8880
8679,66,5721
8679,238,19724
8679,238,19728
8685,54,5648
8685,54,5661
8686,303,31370
8686,303,31406
8686,318,32964
8723,13,2140
8723,13,2157
8723,13,2162
8723,36,5411
8723,36,5424
8723,137,19987
8723,137,20026
8723,166,23828
8723,168,24129
8723,168,24130
8723,168,24132
8723,177,25244
8723,177,25257
8740,262,25957
8740,262,25966
8740,262,25967
8766,61,7752
9481,173,13054
9481,270,21197
9493,57,4455
9493,235,17633
9508,73,7577
9509,151,13707
9509,172,15863
9509,185,17160
9509,361,34609
9511,199,18611
9513,2,237
9514,149,11662
9514,149,11675
9544,69,5895
9544,69,5898
9564,16,1686
8638,20,2057
8638,20,2061
8638,50,5014
8638,50,5035
8638,411,44520
8638,473,51517
8638,473,51525
8667,254,19788
8667,337,28988
8672,141,16144
8672,141,16191
8679,30,2311
8679,30,2329
8679,202,16442
8679,202,16475
8679,202,16479
8684,25,3265
8684,25,3309
8684,66,7906
8684,122,14122
8684,122,14137
8684,124,14299
8684,124,14311
8684,237,25584
8684,319,34773
8684,323,35206
8684,359,39092
8685,120,12628
8685,120,12638
8685,230,24072
8685,230,24094
8685,230,24096
8710,137,13644
8723,92,13574
8723,164,23532
8723,182,25928
8723,182,25976
8723,223,31689
8723,223,31694
8723,287,40791
8723,287,40826
8740,128,12429
8740,211,20573
9481,12,871
9481,12,886
9481,303,23971
9492,24,1746
9508,3,894
9508,75,7737
9509,328,31354
9509,381,36738
9509,424,41143
9511,173,15844
9511,181,16687
9511,181,16693
9511,185,17120
9511,185,17122
9564,241,16172
9564,241,16195
8607,150,13620
8638,177,18335
8638,177,18395
8638,254,27028
8638,336,36073
8638,478,52128
8638,478,52131
8667,297,24327
8667,297,24333
8672,106,12168
8675,25,2816
8675,134,14284
8675,134,14288
8675,225,25524
8679,16,1244
8679,252,20836
8679,345,31062
8684,228,24523
8684,294,31973
8684,294,31981
8684,294,31982
8684,294,31991
8684,294,32013
8684,294,32027
8684,294,32029
8684,317,34495
8723,65,9727
8723,260,36945
9481,255,19918
9481,476,38803
9492,54,4129
9493,2,95
9493,2,96
9493,2,102
9493,2,128
9493,2,137
9508,76,7863
9508,80,8243
9508,152,15406
9509,37,2540
9509,37,2544
9509,324,30945
9509,324,31007
9509,324,31008
9509,368,35340
9509,433,41987
9509,438,42435
9511,35,2881
9511,35,2884
9511,52,4410
9513,90,9154
9513,90,9168
9513,97,9819
9542,285,19810
8638,31,3127
8638,31,3166
8638,84,8152
8638,141,14356
8638,240,25542
8667,277,21980
8667,277,21995
8672,52,5976
8672,52,5977
8672,52,5983
8672,94,10787
8672,128,14657
8672,128,14681
8675,84,8826
8675,124,13066
8675,180,20006
8675,241,27520
8675,241,27552
8675,241,27576
8675,241,27577
8679,1,11
8679,104,8455
8679,104,8483
8679,118,9424
8679,178,14299
8679,178,14306
8679,324,28399
8679,332,29427
8679,332,29477
8684,165,18067
8684,203,21860
8684,439,47924
8723,15,2440
8723,53,7932
8723,152,22036
8740,155,14919
8740,293,29210
9481,18,1336
9481,391,31573
9508,68,7119
9509,41,2992
9564,263,18033
8607,61,5546
8607,61,5567
8638,24,2427
8638,78,7575
8638,437,47419
8638,437,47433
8675,78,8238
8675,157,17132
8675,231,26312
8679,14,1115
8679,28,2165
8679,38,3027
8679,38,3052
8679,38,3057
8679,157,12659
8679,157,12666
8679,170,13539
8679,170,13575
8679,361,33018
8679,361,33047
8679,361,33061
8684,44,5341
8684,44,5367
8684,74,8806
8684,146,16529
8684,146,16558
8684,230,24758
8684,230,24765
8684,230,24800
8684,230,24811
8684,364,39602
8684,422,46065
8684,474,52017
8684,474,52028
8684,474,52036
8684,474,52064
8685,77,8076
8685,77,8080
8686,204,21108
8686,270,28039
8710,84,8008
8723,96,14163
8723,190,27170
8723,205,29159
8723,205,29182
8723,264,37541
8723,293,41665
9481,284,22288
9492,15,1015
9493,50,3934
9508,42,4676
9508,42,4689
9509,127,11242
9511,33,2727
9513,117,11645
9513,117,11659
9513,117,11679
8586,418,37410
8586,422,37753
8586,434,38835
8586,436,38976
8586,458,40920
8586,467,41745
8686,3,246
8686,5,467
8686,9,754
8686,10,831
8686,20,1936
8686,23,2250
8686,23,2259
8686,24,2408
8686,25,2465
8686,31,3079
8686,56,5691
8686,59,6057
8686,60,6154
8686,69,7073
8686,69,7096
8686,69,7114
8686,75,7730
8686,77,7920
8686,77,7959
8686,84,8678
8686,89,9174
8686,98,10075
8686,108,11168
8686,114,11765
8686,122,12595
8686,122,12597
8686,129,13246
8686,129,13270
8686,135,13891
8686,141,14493
8686,141,14526
8686,154,15908
8686,154,15912
8686,155,16024
8686,157,16300
8686,159,16464
8686,159,16490
8686,169,17346
8686,178,18247
8686,178,18250
8686,178,18307
8686,186,19135
8686,192,19782
8686,192,19799
8686,200,20677
8686,224,23317
8686,228,23791
8686,228,23807
8686,228,23828
8686,235,24639
8686,235,24647
8686,237,24833
8686,237,24871
8686,253,26442
8686,261,27176
8686,269,27938
8686,269,27944
8686,274,28393
8686,275,28477
8686,275,28482
8686,275,28514
8686,291,30370
8686,304,31510
8686,304,31528
8686,308,31961
8686,308,31962
8686,308,32011
8686,319,33165
8686,323,33590
8686,329,34298
8686,329,34320
8586,43,2010
8586,44,2093
8586,45,2215
8586,58,3505
8586,59,3612
8586,62,3899
8586,63,4014
8586,67,4383
8586,68,4472
8586,94,6862
8586,94,6865
8586,109,8337
8586,117,9032
8586,135,10600
8586,135,10603
8586,154,12379
8586,195,16255
8586,225,19174
8586,236,20267
8586,236,20268
8586,269,23607
8586,277,24383
8586,294,25936
8586,298,26321
8586,334,29546
8586,335,29646
8586,344,30541
8586,362,32304
8586,390,34969
8586,390,34974
8586,395,35458
8586,48,2516
8656,19,1721
8656,20,1783
8656,24,2132
8656,24,2140
8656,25,2232
8656,29,2544
8656,30,2660
8656,33,2939
8656,33,2965
8656,33,2973
8656,38,3456
8656,39,3537
8656,39,3568
8656,40,3620
8656,65,5915
8656,65,5936
8656,69,6292
8656,69,6294
8656,80,7322
8656,83,7638
8656,86,7936
8656,86,7937
8656,88,8129
8656,88,8136
8656,97,8959
8656,104,9599
8656,104,9628
8656,110,10168
8656,115,10636
8656,124,11525
8656,126,11715
8656,129,11982
8656,129,11987
8656,129,11991
8656,141,13118
8656,142,13188
8656,143,13328
8656,149,13827
8656,159,14779
8656,163,15194
8656,166,15513
8656,169,15765
8656,170,15893
8656,174,16229
8656,179,16685
8656,182,16978
8656,185,17250
8656,193,17970
8656,199,18471
8656,206,19114
8656,212,19513
8656,218,20041
8656,221,20334
8656,238,21988
8656,242,22396
8656,251,23176
8656,254,23455
8656,257,23760
8656,260,24020
8656,260,24034
8656,260,24051
8656,3,208
8656,3,248
8656,7,576
8656,8,674
8656,10,874
8656,13,1118
8656,13,1133
8656,18,1607
8656,23,2051
8656,31,2744
8656,35,3182
8656,52,4703
8656,56,5103
8656,57,5187
8656,63,5755
8656,67,6103
8656,74,6759
8656,77,7013
8656,77,7024
8656,77,7025
8656,78,7123
8656,85,7865
8656,89,8210
8656,92,8516
8656,103,9527
8656,105,9711
8656,109,10111
8656,112,10352
8656,120,11101
8656,131,12187
8656,131,12209
8656,135,12545
8656,135,12573
8656,147,13665
8656,155,14402
8656,167,15580
8656,167,15609
8656,171,15960
8656,172,16061
8656,173,16126
8656,177,16486
8656,178,16572
8656,178,16588
8656,181,16892
8656,189,17622
8656,191,17733
8656,191,17753
8656,194,18040
8656,194,18054
8656,194,18080
8656,198,18359
8656,200,18557
8656,200,18576
8656,200,18578
8656,200,18589
8656,202,18696
8656,205,18984
8656,205,19024
8656,211,19422
8656,222,20470
8656,223,20541
8656,223,20565
8656,224,20649
8656,245,22632
8656,250,23071
8656,250,23106
8656,253,23381
8656,255,23541
8656,258,23843
8656,2,130
8656,5,388
8656,9,763
8656,22,1990
8656,32,2836
8656,32,2852
8656,55,4967
8656,55,5010
8656,59,5360
8656,68,6209
8656,71,6484
8656,101,9358
8656,113,10443
8656,118,10911
8656,118,10953
8656,122,11315
8656,136,12630
8656,144,13377
8656,144,13389
8656,153,14220
8656,153,14221
8656,154,14347
8656,164,15307
8656,175,16298
8656,183,17053
8656,183,17063
8656,188,17529
8656,204,18910
8656,225,20770
8744,51,4989
8744,72,7027
8744,97,9532
8744,112,10960
8744,164,16097
8744,164,16100
8744,165,16204
8744,176,17343
8744,186,18351
8744,202,19966
8744,219,21662
8744,220,21746
8744,240,23793
8744,241,23892
8744,243,24119
8744,243,24139
8744,244,24214
8744,247,24509
8744,249,24693
8744,252,25020
8744,269,26664
8744,275,27270
8744,275,27275
8744,277,27467
8586,396,35539
8586,396,35540
8586,456,40753
8586,473,42207
8686,2,148
8686,17,1646
8686,22,2172
8686,26,2593
8686,32,3221
8686,47,4773
8686,47,4786
8686,48,4915
8686,51,5196
8686,54,5505
8686,70,7182
8686,76,7816
8686,76,7855
8686,79,8121
8686,79,8152
8686,82,8459
8686,83,8536
8686,83,8565
8686,85,8737
8686,85,8739
8686,88,9026
8686,88,9064
8686,91,9335
8686,92,9421
8686,92,9450
8686,100,10290
8686,100,10312
8686,102,10529
8686,110,11366
8686,112,11534
8686,112,11582
8686,116,11937
8686,116,11969
8686,121,12484
8686,128,13147
8686,130,13327
8686,134,13781
8686,139,14312
8686,142,14646
8686,142,14670
8686,149,15332
8686,149,15340
8686,150,15449
8686,150,15463
8686,153,15821
8686,163,16897
8686,166,17055
8686,171,17587
8686,177,18151
8686,182,18687
8686,182,18730
8686,183,18785
8686,183,18801
8686,183,18832
8686,189,19482
8686,190,19561
8686,190,19565
8686,190,19567
8686,193,19898
8686,193,19945
8686,209,21699
8686,222,23058
8686,250,26119
8686,273,28336
8686,292,30463
8686,292,30481
8686,292,30484
8586,173,14119
8586,189,15651
8586,196,16364
8586,205,17211
8586,205,17233
8586,210,17723
8586,232,19863
8586,278,24468
8586,326,28762
8586,326,28769
8586,328,28951
8586,329,29071
8586,354,31505
8586,354,31513
8586,354,31515
8586,361,32215
8586,371,33134
8586,371,33135
8586,392,35177
8586,392,35188
8586,405,36296
8586,426,38089
8586,432,38655
8586,432,38657
8586,471,42029
8586,480,42844
8586,480,42845
8686,4,351
8686,4,379
8686,33,3298
8686,33,3299
8686,53,5387
8686,53,5408
8686,53,5409
8686,53,5432
8686,55,5626
8686,67,6869
8686,67,6900
8686,72,7414
8686,94,9685
8686,99,10216
8686,103,10603
8686,103,10644
8686,106,10925
8686,111,11429
8686,111,11461
8686,133,13639
8686,133,13682
8686,137,14072
8686,137,14094
8686,137,14095
8686,138,14219
8686,167,17166
8686,167,17204
8686,176,18062
8686,203,20967
8686,203,20970
8686,226,23609
8686,234,24528
8686,245,25639
8686,245,25643
8686,245,25645
8686,248,25954
8686,251,26225
8686,258,26951
8686,259,27012
8686,259,27030
8586,50,2686
8586,57,3387
8586,133,10469
8586,139,10977
8586,192,15946
8586,198,16575
8586,211,17824
8586,216,18290
8586,216,18291
8586,224,19075
8586,224,19076
8586,237,20382
8586,286,25215
8586,286,25217
8586,286,25223
8586,287,25297
8586,321,28289
8586,323,28461
8586,323,28474
8586,330,29142
8586,365,32612
8586,367,32781
8586,383,34294
8586,384,34392
8586,391,35077
8586,393,35276
8586,417,37315
8586,424,37937
8586,65,4216
8586,100,7451
8586,100,7456
8586,100,7468
8586,106,8065
8586,119,9218
8586,124,9659
8586,130,10184
8586,130,10208
8586,136,10686
8586,136,10701
8586,141,11148
8586,144,11428
8586,155,12481
8586,168,13724
8586,176,14404
8586,179,14694
8586,183,15079
8586,191,15838
8586,193,16025
8586,193,16030
8586,208,17538
8586,212,17922
8586,215,18189
8586,219,18574
8586,219,18576
8586,256,22279
8586,270,23696
8586,275,24174
8586,275,24182
8586,280,24679
8586,280,24687
8586,283,24966
8586,316,27848
8586,327,28843
8586,327,28846
8586,364,32503
8586,364,32513
8586,373,33309
9495,2,357
9495,7,754
9495,7,756
9495,7,766
9495,17,1462
9495,44,3567
9495,44,3570
9495,44,3572
9495,55,4440
9495,64,5143
9495,69,5491
9495,88,7013
9495,106,8408
9495,118,9220
9495,133,10316
9495,133,10334
9495,148,11496
9495,153,11895
9495,206,14049
9495,206,14062
9495,212,14464
9495,215,14773
9495,230,16010
9495,247,17333
9495,256,17986
9495,256,18019
9495,268,18971
9495,275,19511
9495,279,19819
9495,308,22096
9495,313,22476
9495,333,23944
9495,333,23966
9495,339,24341
9495,353,25266
9495,361,25795
9495,439,30591
9495,439,30592
9495,439,30601
9495,458,31830
9495,470,32606
9495,478,33113
9495,3,412
9495,4,501
9495,32,2621
9495,33,2702
9495,45,3646
9495,45,3655
9495,67,5334
9495,68,5419
9495,105,8342
9495,122,9531
9495,122,9549
9495,144,11203
9495,149,11576
9495,149,11607
9495,151,11743
9495,157,12114
9495,157,12119
9495,210,14321
9495,213,14569
9495,241,16865
9495,274,19453
9495,274,19477
9495,286,20394
9495,332,23891
9495,332,23899
9495,342,24538
9495,354,25329
9495,386,27269
9495,393,27720
9495,422,29452
9495,432,30082
9495,454,31590
9495,457,31762
9495,480,33265
9495,75,5988
9495,90,7153
9495,103,8155
9495,103,8192
9495,109,8635
9495,121,9478
9495,130,10176
9495,139,10789
9495,139,10810
9495,152,11867
9495,211,14399
9495,211,14404
9495,222,15302
9495,254,17837
9495,257,18054
9495,267,18859
9495,267,18881
9495,277,19671
9495,281,19993
9495,281,20006
9495,283,20165
9495,284,20216
9495,299,21414
9495,310,22238
9495,314,22557
9495,316,22703
9495,323,23188
9495,325,23339
9495,327,23502
9495,329,23661
9495,334,24010
9495,345,24714
9495,348,24916
9495,360,25737
9495,360,25742
9495,362,25879
9495,366,26125
9495,370,26401
9495,373,26598
9495,385,27208
9495,387,27330
9495,387,27346
9495,390,27524
9495,434,30232
9495,459,31899
9495,20,1680
9495,47,3845
9495,54,4407
9495,57,4629
9495,59,4777
9495,59,4794
9495,59,4795
9495,66,5252
9495,71,5665
9495,100,7912
9495,115,8990
9495,125,9796
9495,136,10558
9495,140,10881
9495,146,11339
9495,146,11349
9495,154,12011
9495,158,12243
9495,203,13829
9495,208,14202
9495,239,16713
9495,243,17025
9495,271,19190
9495,272,19264
9495,326,23426
9495,336,24149
9495,372,26514
9495,372,26539
9495,421,29389
9495,425,29630
9495,425,29644
9495,430,29972
9495,431,29999
9495,448,31188
9495,450,31320
9495,455,31640
9495,460,31971
9495,468,32493
9495,471,32663
9495,476,32985
9498,4,185
9498,4,202
9498,20,1258
9498,20,1287
9498,31,1960
9498,39,2495
9498,48,3104
9498,48,3109
9498,138,8417
9498,155,9655
9498,155,9658
9498,156,9736
9498,160,10043
9498,161,10126
9498,250,16152
9498,256,16601
9498,283,18793
9498,283,18796
9498,283,18804
9498,306,20887
9498,326,22842
9498,326,22843
9498,326,22852
9498,326,22894
9498,343,24566
9498,362,26465
9498,382,28421
9498,384,28663
9498,408,31080
9498,408,31110
9498,464,35731
9498,467,35972
9498,474,36597
9495,424,29582
9495,436,30356
9495,438,30505
9495,442,30785
9495,475,32917
9498,8,457
9498,10,575
9498,15,910
9498,28,1775
9498,36,2304
9498,38,2414
9498,42,2677
9498,45,2878
9498,50,3233
9498,60,3866
9498,60,3898
9498,94,6090
9498,128,7751
9498,135,8213
9503,200,17811
9503,202,17981
9503,202,17989
9503,205,18199
9503,212,18693
9503,233,19893
9503,235,20080
9503,237,20259
9503,237,20272
9503,238,20330
9498,22,1401
9498,46,2964
9498,56,3619
9498,64,4165
9498,64,4166
9498,82,5369
9498,98,6309
9498,100,6441
9498,137,8351
9498,224,14042
9498,224,14050
9498,232,14687
9498,253,16374
9498,281,18630
9498,305,20781
9498,312,21498
9498,331,23371
9498,331,23398
9498,349,25194
9498,354,25683
9498,368,27062
9498,378,28020
9498,391,29381
9498,397,29936
9498,404,30674
9498,421,32172
9498,19,1215
9498,29,1841
9498,49,3170
9498,49,3189
9498,87,5638
9498,130,7874
9498,134,8156
9498,165,10385
9498,231,14610
9498,240,15324
9498,240,15339
9498,246,15840
9498,252,16299
9498,257,16671
9498,260,16934
9498,260,16937
9498,263,17170
9498,267,17494
9498,285,18959
9498,303,20540
9498,303,20549
9498,328,23061
9498,336,23867
9498,342,24468
9498,342,24479
9498,351,25388
9498,361,26340
9498,366,26867
9498,373,27525
9498,381,28312
9498,381,28347
9498,387,28907
9498,392,29479
9498,407,30990
9498,444,34042
9498,444,34059
9498,453,34805
9498,453,34826
9506,8,694
9506,13,1173
9506,13,1193
9506,17,1574
9506,18,1651
9506,18,1665
9506,21,1950
9506,21,1963
9506,22,2055
9506,23,2130
9506,28,2656
9506,29,2778
9506,32,3071
9506,34,3284
9506,38,3764
9506,39,3861
9506,43,4314
9506,49,4873
9506,49,4886
9506,51,5102
9506,53,5359
9506,59,5949
9506,62,6264
9506,67,6772
9506,78,7854
9506,78,7864
9506,81,8152
9506,82,8263
9506,82,8303
9506,83,8358
9506,83,8361
9510,1,23
9510,7,546
9510,11,912
9510,11,933
9510,12,991
9510,20,1665
9510,21,1741
9510,29,2278
9510,31,2453
9510,37,2916
9510,42,3311
9510,42,3319
9510,51,4057
9510,54,4284
9510,54,4304
9510,58,4627
9510,58,4642
9510,59,4711
9510,63,5044
9510,69,5554
9510,72,5839
9510,72,5844
9510,74,6008
9510,74,6010
9510,74,6020
9510,74,6039
9510,85,7064
9510,103,8709
9510,105,8886
9498,159,9956
9498,233,14735
9498,233,14763
9498,234,14834
9498,234,14835
9498,249,16068
9498,275,18167
9498,298,20048
9498,304,20676
9498,309,21157
9498,322,22451
9498,322,22462
9498,323,22562
9498,333,23537
9498,333,23578
9498,340,24282
9498,341,24384
9498,346,24861
9498,355,25760
9498,355,25766
9498,364,26685
9498,365,26773
9498,369,27158
9498,385,28744
9498,411,31395
9498,414,31596
9498,414,31599
9498,415,31676
9498,415,31691
9498,416,31744
9498,420,32085
9498,422,32236
9498,428,32755
9498,432,33058
9498,432,33064
9498,432,33085
9498,434,33259
9498,434,33260
9498,451,34657
9498,463,35615
9498,468,36046
9498,468,36047
9498,479,36980
9507,1,56
8597,42,3890
8597,51,4775
8597,51,4780
8597,57,5321
8597,61,5640
8597,67,6192
8597,76,6997
8597,94,8599
8597,126,11364
8597,178,15832
8597,267,23966
8597,273,24520
8597,294,26405
8634,115,5982
8634,115,6024
8634,118,6236
8634,121,6521
8634,126,7131
8634,136,7986
8634,151,9638
8634,159,10429
8634,161,10604
8634,169,11352
8634,169,11388
8634,175,11992
8634,175,12006
8634,283,16719
8634,305,18961
8634,305,18985
8634,312,19731
8634,316,20186
8634,316,20215
8597,22,2031
8597,115,10396
8597,119,10735
8597,121,10909
8597,121,10912
8597,122,11029
8597,159,14171
8597,173,15436
8597,175,15523
8597,175,15535
8597,194,17174
8597,200,17707
8597,204,18074
8597,235,20945
8597,252,22507
8597,259,23193
8597,261,23375
8634,117,6146
8634,125,6957
8634,132,7560
8634,148,9277
8634,149,9376
8634,168,11242
8634,174,11885
8634,285,16945
8634,308,19290
8634,309,19427
8634,309,19434
8557,227,10345
8557,253,11186
8557,281,12476
8557,284,12619
8557,311,13776
8557,340,15055
8557,344,15235
8557,356,15718
8557,380,16651
8557,428,18778
8557,435,19049
8557,439,19196
8557,449,19615
8557,470,20575
8557,471,20608
8634,5,436
8634,6,525
8634,7,644
8634,12,1126
8634,12,1140
8634,12,1155
8634,12,1166
8634,119,6327
8634,119,6337
8634,120,6417
8634,127,7228
8634,139,8310
8634,139,8317
8634,139,8335
8634,146,9026
8597,13,1174
8597,43,3979
8597,58,5397
8634,8,709
8634,15,1455
8634,18,1762
8634,128,7288
8634,133,7667
8634,133,7668
8634,135,7913
8634,135,7924
8634,141,8564
8634,141,8568
8634,150,9485
8634,153,9816
8634,155,10040
8634,158,10343
8634,163,10780
8634,166,11016
8634,166,11025
8634,166,11047
8634,170,11461
8634,179,12407
8634,284,16830
8634,287,17128
8634,287,17189
8634,290,17497
8634,304,18851
8634,306,19063
8634,311,19597
8634,311,19607
8634,311,19656
8634,315,20040
8557,11,771
8557,51,2582
8557,60,3000
8557,60,3003
8557,81,3899
8557,81,3914
8557,84,4042
8557,95,4543
8557,95,4549
8557,95,4571
8557,103,4892
8557,103,4909
8557,114,5396
8557,116,5476
8557,121,5659
8557,124,5808
8557,136,6323
8557,141,6608
8557,148,6956
8557,167,7760
8557,167,7781
8557,182,8449
8557,182,8463
8557,198,9169
8557,198,9177
8557,202,9343
8557,202,9366
8557,225,10253
8557,231,10527
8557,235,10686
8557,240,10891
8557,264,11667
8557,266,11766
8557,282,12508
8557,282,12515
8557,282,12531
8557,290,12902
8557,293,13008
8557,322,14229
8557,332,14712
8557,335,14812
8557,335,14834
8557,337,14924
8557,349,15460
8557,349,15486
8557,360,15827
8557,382,16746
8557,400,17526
8557,416,18207
8557,432,18932
8557,441,19301
8557,442,19325
8557,475,20811
8678,341,16266
8678,375,17875
8678,375,17896
8678,376,17955
8678,397,19486
8678,417,21030
8678,417,21054
8678,431,22138
8678,431,22167
8557,128,6011
8557,135,6285
8557,137,6425
8557,168,7799
8557,169,7869
8557,173,8041
8557,185,8584
8557,187,8645
8557,222,10095
8557,223,10143
8557,232,10565
8557,232,10587
8557,265,11728
8557,280,12392
8557,280,12393
8557,280,12420
8557,305,13550
8557,327,14454
8557,333,14729
8557,333,14731
8557,333,14733
8557,351,15546
8557,370,16191
8557,370,16220
8557,370,16224
8557,371,16269
8557,381,16691
8557,381,16708
8557,385,16869
8557,386,16929
8557,386,16930
8557,409,17906
8557,411,17988
8557,418,18308
8557,420,18403
8557,430,18846
8557,433,18988
8557,448,19570
8557,451,19729
8557,462,20227
8557,467,20422
8557,467,20441
8557,474,20739
8634,2,144
8634,3,227
8634,9,815
8634,11,1072
8634,16,1573
8634,22,2107
8634,22,2114
8634,22,2124
8557,2,375
8557,2,377
8557,7,596
8557,9,700
8557,10,734
8557,53,2678
8557,64,3171
8557,88,4226
8557,88,4238
8557,101,4823
8557,174,8111
8557,196,9070
8557,261,11530
8557,261,11538
8557,261,11540
8557,273,12081
8557,273,12089
8557,292,12975
8557,301,13356
8557,301,13373
8557,314,13913
8557,329,14552
8557,365,16000
8557,365,16006
8557,373,16354
8557,376,16468
8557,429,18804
8557,446,19496
8557,446,19503
8557,459,20077
8557,459,20079
8678,107,5609
8678,107,5611
8678,109,5697
8678,134,6701
8678,134,6705
8678,136,6784
8678,158,7745
8678,164,8037
8678,191,9260
8678,241,11431
8678,259,12284
8678,288,13732
8678,303,14521
8678,305,14597
8678,312,14941
8678,342,16331
8678,368,17538
8678,368,17545
8678,407,20244
8678,407,20246
8678,420,21278
8678,426,21773
8557,4,464
8557,52,2635
8557,54,2711
8557,94,4519
8557,96,4609
8557,96,4612
8557,106,5048
8557,109,5156
8557,109,5191
8557,139,6493
8557,145,6799
8557,155,7257
8557,171,7946
8557,184,8528
8557,184,8531
8557,192,8893
8557,205,9484
8557,205,9485
8557,236,10744
8557,242,10993
8557,260,11489
8557,262,11571
8557,262,11595
8557,267,11808
8557,270,11946
8557,283,12557
8557,285,12665
8557,318,14084
8557,375,16440
8678,110,5733
8678,110,5744
8678,114,5860
8678,163,7974
8678,206,9875
8678,217,10367
8678,244,11603
8678,244,11610
8678,282,13414
8678,350,16690
8678,366,17442
8678,380,18205
8678,404,20022
8557,34,1801
8557,44,2251
8557,59,2986
8557,73,3575
8557,111,5286
8557,111,5288
8557,113,5361
8678,21,1925
8678,119,6055
8678,132,6596
8678,140,6967
8678,152,7490
8678,156,7668
8678,170,8313
8678,177,8629
8678,189,9174
8678,199,9590
8678,203,9768
8678,210,10057
8678,246,11683
8678,246,11695
8678,252,11958
8678,252,11964
8678,287,13673
8678,308,14753
8678,314,15038
8678,345,16474
8678,348,16577
8678,385,18564
8678,411,20560
8678,429,21966
8724,124,17286
8724,134,18691
8724,134,18733
8724,141,19682
8724,148,20706
8557,17,1053
8557,47,2388
8557,47,2405
8557,55,2757
8557,74,3631
8557,99,4730
8557,122,5707
8557,122,5716
8557,122,5744
8557,131,6132
8557,131,6133
8557,131,6166
8557,142,6647
8557,228,10385
8557,258,11406
8557,278,12317
8557,278,12325
8557,294,13080
8557,326,14417
8557,334,14791
8557,347,15364
8557,347,15394
8557,408,17843
8557,415,18177
8557,461,20155
8678,25,2094
8678,37,2575
8678,83,4545
8678,92,4927
8678,92,4940
8678,165,8090
8678,165,8091
8678,169,8266
8678,183,8893
8678,183,8910
8678,233,11069
8678,247,11727
8678,263,12497
8678,292,13943
8678,302,14457
8678,335,16002
8678,346,16497
8678,370,17659
8678,381,18283
8678,424,21592
8678,439,22750
8724,153,21441
9474,7,922
9474,35,3314
9474,49,4452
9476,1,35
9476,8,708
9476,22,2062
9476,22,2086
9476,38,3581
9476,38,3606
9476,43,4084
9476,68,6465
9476,72,6862
9476,72,6885
9476,87,8298
9476,100,9496
9476,107,10177
9476,116,11072
9476,124,11805
9476,127,12034
9476,135,12776
9476,145,13486
9476,158,14664
9476,165,15309
9476,170,15716
9476,170,15722
9476,172,15861
9476,172,15875
9477,46,4486
9477,46,4489
9477,70,6581
9477,87,8001
9477,132,11942
9477,133,12033
9477,150,13544
9477,150,13547
9477,150,13556
9477,150,13558
9477,153,13841
9477,170,15224
9477,179,16050
9477,179,16063
9477,183,16395
9477,188,16838
9474,15,1616
9474,23,2307
9474,26,2562
9474,26,2572
9474,37,3485
9474,41,3834
9474,79,6845
9474,82,7079
9474,107,9044
9474,114,9648
9474,119,10110
9474,120,10179
9474,122,10346
9474,129,10934
9474,129,10940
9474,134,11327
9474,146,12370
9474,160,13579
9474,191,16272
9474,201,17098
9474,224,19016
9474,243,20773
9474,292,24844
9474,337,28655
9474,344,29282
9474,360,30607
9474,371,31564
9474,371,31580
9474,381,32518
9474,381,32539
9474,381,32560
9474,386,33018
9474,430,36652
9474,441,37591
9474,472,40241
9474,14,1536
9474,16,1728
9474,40,3735
9474,44,4061
9474,44,4074
9474,51,4634
9474,94,8033
9474,94,8043
9474,104,8809
9474,113,9560
9474,130,10993
9474,130,11014
9474,135,11390
9474,142,11994
9474,158,13382
9474,158,13407
9474,159,13482
9474,173,14733
9474,173,14748
9474,222,18807
9474,235,20068
9474,235,20102
9474,240,20533
9474,246,21004
9474,289,24578
9474,293,24907
9474,297,25229
9474,297,25240
9474,317,26949
9474,317,26952
9474,332,28233
9474,335,28489
9474,361,30711
9474,367,31171
9474,375,31943
9474,391,33437
9474,403,34426
9474,406,34667
9474,419,35733
9474,427,36381
9474,427,36403
9474,461,39294
9474,464,39524
9474,470,40068
9474,473,40351
9474,473,40356
9474,473,40380
9474,476,40671
9474,8,999
9474,11,1282
9474,36,3382
9474,76,6628
9474,81,7017
9474,88,7569
9474,91,7805
9474,109,9219
9474,163,13837
9474,168,14270
9474,174,14832
9474,178,15188
9474,178,15201
9474,183,15604
9474,183,15616
9474,197,16800
9474,212,17913
9474,212,17919
9474,212,17926
9474,234,19983
9474,238,20352
9474,329,27984
9474,348,29596
9474,358,30473
9474,384,32814
9474,399,34101
9474,404,34512
9474,414,35366
9474,440,37494
9474,440,37499
9474,459,39099
9474,459,39103
9474,469,39953
9474,477,40721
9474,479,40979
9452,89,8440
9452,96,9098
9452,114,10778
9452,121,11312
9452,126,11759
9452,127,11840
9452,127,11846
9452,131,12230
9452,134,12507
9452,138,12849
9452,138,12867
9452,138,12870
9452,139,12948
9452,145,13515
9452,152,14106
9452,161,14986
9452,167,15538
9452,167,15554
9452,173,16041
9452,188,17467
9452,195,18104
9452,198,18331
9452,198,18366
9452,202,18711
9452,203,18831
9452,207,19169
9452,220,20375
9452,231,21347
9452,244,22600
9452,263,24354
9452,281,26023
9452,288,26634
9452,294,27130
9452,294,27136
9452,315,28989
9452,324,29845
9452,335,30909
9452,338,31248
9452,346,32063
9452,379,35146
9452,409,38062
9452,409,38067
9452,419,39097
9452,427,39928
9452,435,40667
9452,435,40671
9452,439,41046
9452,459,42937
9452,459,42948
9452,474,44459
9452,477,44635
9452,477,44661
9452,239,22084
9452,259,23949
9452,292,26982
9452,297,27333
9452,297,27343
9452,306,28130
9452,312,28715
9452,312,28731
9452,329,30332
9452,329,30339
9452,359,33324
9452,374,34744
9452,382,35402
9452,398,37045
9452,398,37047
9452,404,37588
9452,404,37615
9452,415,38687
9452,424,39642
9452,433,40508
9452,448,41909
9452,454,42532
9452,471,44106
9452,471,44120
9476,15,1408
9476,15,1409
9476,18,1703
9476,25,2379
9476,61,5910
9476,61,5915
9476,77,7421
9477,8,1171
9477,18,2076
9477,28,2846
9477,28,2862
9477,38,3740
9477,38,3761
9477,58,5560
9477,72,6755
9477,83,7679
9477,107,9738
9477,120,10879
9477,151,13647
9477,166,14923
9476,4,318
9476,11,1022
9476,11,1054
9476,11,1055
9476,13,1222
9476,13,1251
9476,17,1629
9476,19,1817
9476,35,3303
9476,41,3903
9476,78,7495
9476,94,8923
9476,97,9202
9476,102,9688
9476,111,10585
9476,111,10609
9476,117,11178
9476,117,11179
9476,117,11188
9476,118,11248
9476,118,11283
9476,120,11437
9476,125,11877
9476,125,11883
9476,126,11949
9476,129,12231
9476,129,12233
9476,131,12409
9476,146,13555
9476,164,15210
9476,174,16048
9476,176,16191
9477,6,996
9477,23,2364
9477,24,2477
9477,27,2767
9477,31,3149
9477,35,3484
9477,37,3662
9477,54,5229
9477,78,7256
9477,108,9864
9477,141,12731
9477,141,12739
9477,156,14064
9477,165,14847
9477,189,16933
9476,10,937
9476,12,1115
9476,21,1972
9476,24,2299
9476,29,2758
9476,32,3035
9476,32,3058
9476,56,5411
9476,69,6589
9476,70,6689
9476,70,6712
9476,88,8356
9476,88,8373
9476,104,9871
9476,112,10696
9476,153,14199
9476,153,14200
9476,169,15657
9477,12,1539
9477,25,2558
9477,25,2589
9477,30,3056
9477,33,3314
9477,40,3953
9477,53,5133
9477,53,5170
9477,59,5639
9477,59,5654
9477,84,7762
9477,84,7779
9477,103,9390
9477,103,9411
9477,103,9418
9477,113,10342
9477,122,11060
9477,140,12633
9477,144,13015
9477,149,13461
9477,149,13469
9477,152,13741
9477,164,14744
9477,182,16311
9474,6,832
9474,6,841
9474,20,2071
9474,33,3130
9474,78,6786
9474,78,6801
9474,97,8278
9474,121,10272
9474,121,10277
9474,156,13208
9474,162,13759
9474,166,14096
9474,171,14557
9474,214,18093
9474,215,18191
9474,220,18607
9474,220,18656
9474,226,19249
9474,257,21997
9474,266,22707
9474,278,23644
9474,285,24249
9474,286,24337
9474,320,27205
9474,328,27900
9474,351,29857
9474,356,30316
9474,377,32177
9474,383,32709
9474,388,33166
9474,395,33752
9474,401,34261
9474,408,34856
9474,408,34857
9474,450,38350
9474,450,38353
9474,465,39600
9473,29,2153
9473,34,2598
9473,43,3319
9473,50,4051
9473,51,4140
9473,51,4153
9473,63,5139
9473,72,5900
9473,72,5910
9473,83,6901
9473,94,7874
9473,97,8104
9473,102,8501
9473,105,8742
9473,105,8768
9473,117,9768
9473,117,9785
9473,121,10173
9473,126,10546
9473,126,10567
9473,134,11227
9473,139,11701
9473,139,11713
9473,155,13042
9473,171,14362
9473,179,15050
9474,280,23818
9474,280,23845
9474,322,27386
9474,330,28047
9474,338,28738
9474,346,29442
9474,373,31778
9474,387,33112
9474,389,33245
9474,405,34591
9474,405,34593
9474,426,36317
9474,435,37085
9474,435,37100
9474,436,37164
9474,448,38186
9474,448,38209
9474,468,39905
9517,17,1489
9517,28,2444
9517,43,3778
9517,53,4589
9517,78,6764
9517,91,7803
9517,92,7887
9517,112,9649
9517,119,10283
9517,136,11809
9517,136,11835
9517,139,12092
9517,165,14113
9517,179,15308
9517,181,15467
9517,183,15638
9517,198,16906
9517,202,17267
9517,206,17524
9517,206,17550
9517,207,17593
9517,214,18246
9517,214,18251
9517,214,18262
9517,216,18461
9517,219,18703
9517,221,18873
9517,243,20715
9517,258,22029
9517,273,23233
9517,273,23249
9517,275,23418
9517,275,23422
9517,298,25373
9517,298,25374
9517,318,27084
9517,328,27971
9517,338,28718
9517,347,29487
9517,347,29492
9517,347,29502
9517,374,31774
9517,401,34210
9517,411,35128
9551,8,698
9551,25,1708
9551,41,2665
9551,41,2672
9551,54,3455
9551,60,3828
9551,81,5159
9551,119,7475
9551,130,8157
9551,150,9357
9551,154,9623
9551,167,10481
9551,184,11574
9551,199,12691
9551,207,13259
9551,223,14417
9551,226,14619
9551,245,15791
9551,277,17722
9551,303,19663
9551,314,20629
9554,233,15695
9554,233,15710
9554,250,17019
9554,269,18321
9554,274,18688
9551,14,1075
9551,14,1082
9551,19,1383
9551,23,1595
9551,27,1819
9551,27,1825
9551,32,2112
9551,32,2116
9551,42,2736
9551,42,2745
9551,62,3960
9551,90,5702
9551,105,6629
9551,109,6891
9551,115,7244
9551,117,7377
9551,118,7428
9551,123,7734
9551,126,7902
9551,159,9953
9551,164,10294
9551,187,11810
9551,191,12105
9551,191,12113
9551,194,12322
9551,208,13354
9551,216,13933
9551,273,17455
9551,273,17458
9551,275,17558
9551,282,18104
9551,284,18237
9551,323,21320
9551,328,21642
9551,332,21965
9551,332,21974
9551,341,22646
9551,341,22661
9551,11,872
9551,33,2184
9551,35,2319
9551,43,2799
9551,45,2928
9551,45,2934
9551,49,3157
9551,50,3230
9551,57,3634
9551,61,3900
9551,80,5110
9551,87,5508
9551,94,5941
9551,107,6757
9551,113,7117
9551,120,7553
9551,121,7604
9551,121,7608
9551,162,10145
9551,170,10668
9551,175,11001
9551,195,12417
9551,198,12602
9551,198,12616
9551,217,14020
9551,229,14738
9551,244,15740
9551,247,15906
9551,311,20349
9551,318,20931
9551,329,21766
9551,339,22503
9551,340,22553
9532,20,978
9532,50,3118
9532,50,3134
9532,76,5094
9551,132,8286
9551,139,8732
9551,149,9307
9551,149,9310
9551,172,10790
9551,177,11131
9551,186,11740
9551,188,11875
9551,236,15216
9551,276,17657
9551,285,18338
9551,312,20433
9551,312,20441
9563,6,755
9563,79,6730
9568,6,374
9568,10,610
9568,13,806
9568,14,858
9568,14,889
9568,27,1715
9568,27,1721
9568,31,2020
9568,34,2216
9532,30,1725
9532,32,1895
9532,52,3287
9532,54,3428
9532,54,3448
9532,68,4479
9532,69,4553
9532,72,4758
9532,72,4773
9532,72,4774
9532,81,5428
9532,86,5799
9563,7,870
9563,11,1118
9563,11,1124
9563,15,1444
9563,15,1464
9563,18,1705
9563,23,2110
9563,26,2329
9563,28,2487
9563,35,3007
9563,42,3616
9563,53,4536
9563,54,4614
9563,64,5414
9563,70,5977
9563,73,6249
9563,78,6631
9568,16,1017
9532,22,1102
9532,22,1122
9532,31,1813
9532,31,1820
9532,56,3597
9532,58,3758
9532,87,5878
9563,13,1267
9563,17,1629
9563,17,1636
9563,36,3056
9563,44,3759
9563,48,4105
9563,56,4787
9563,61,5207
9563,76,6465
9565,10,1232
9565,29,2804
9565,38,3443
9565,38,3461
9565,38,3462
9565,45,4133
9565,45,4147
9565,47,4376
9565,50,4608
9565,56,5180
9565,61,5601
9565,61,5612
9565,71,6520
9565,88,8021
9565,96,8827
9565,100,9177
9588,10,838
9588,12,1043
9588,19,1763
9588,20,1863
9588,28,2612
9588,41,3798
9588,41,3800
9588,49,4510
9588,49,4516
9588,51,4714
9588,53,4912
9588,65,6059
9588,65,6074
9588,68,6359
9565,7,948
9565,7,951
9565,8,1033
9565,12,1384
9565,14,1570
9565,14,1571
9565,20,2039
9565,25,2518
9565,25,2523
9565,25,2543
9565,32,3085
9565,40,3626
9565,40,3642
9565,46,4261
9565,48,4474
9565,48,4478
9565,49,4541
9565,52,4773
9565,63,5798
9565,65,5935
9565,65,5952
9565,92,8410
9565,92,8414
9565,93,8494
9565,95,8730
9565,99,9079
9588,4,283
9588,4,284
9588,13,1177
9588,16,1484
9588,17,1573
9588,31,2838
9588,39,3596
9588,44,4069
9588,44,4075
9588,45,4187
9588,55,5117
9588,59,5498
9588,63,5878
9588,67,6228
9588,71,6616
9588,71,6617
9588,72,6754
9588,73,6842
9588,82,7672
9588,85,7973
9588,85,7981
9588,86,8055
9588,88,8251
9588,88,8276
9588,97,9194
9588,98,9267
9566,4,343
9569,1,27
9569,17,1277
9569,26,1988
9569,30,2311
9569,31,2378
9569,31,2401
9569,32,2485
9569,34,2647
9569,37,2903
9569,42,3275
9569,45,3480
9588,14,1249
9588,25,2310
9588,29,2692
9588,32,2929
9588,50,4607
9588,50,4628
9588,58,5394
9588,76,7112
9588,87,8146
9566,1,46
9566,5,440
9566,6,514
9566,8,680
9566,10,888
9566,19,1633
9566,22,1930
9566,24,2147
9566,27,2452
9566,29,2631
9566,36,3267
9566,42,3881
9566,43,3950
9566,46,4221
9566,47,4269
9566,50,4560
9566,53,4837
9566,55,5044
9566,59,5384
9566,71,6368
9566,72,6471
9566,81,7227
9566,84,7502
9566,84,7535
9566,84,7537
9566,90,8039
9566,90,8043
9566,90,8069
9566,96,8583
9566,96,8589
9566,96,8594
9566,99,8874
9566,103,9231
9566,106,9461
9566,106,9484
9566,109,9768
9566,123,10945
9566,168,14354
9566,178,15093
9566,183,15445
9566,191,15976
9566,199,16544
9566,211,17412
9566,211,17416
9566,211,17419
9566,211,17425
9566,233,19066
9566,2,134
9566,2,147
9566,11,979
9566,21,1854
9566,26,2337
9566,31,2797
9566,31,2799
9566,32,2908
9566,33,2997
9566,34,3051
9566,34,3071
9566,35,3139
9566,35,3141
9566,39,3553
9566,57,5162
9566,58,5293
9566,63,5735
9566,70,6288
9566,74,6611
9566,78,6989
9566,82,7333
9566,86,7715
9566,101,9025
9566,105,9409
9566,107,9609
9566,113,10123
9566,125,11170
9566,128,11492
9566,130,11754
9566,131,11839
9566,151,13140
9566,153,13260
9566,156,13480
9566,163,13939
9566,164,14036
9566,165,14098
9566,166,14202
9566,171,14549
9566,185,15583
9566,186,15655
9566,188,15757
9566,197,16400
9566,203,16847
9566,210,17340
9566,232,18993
9566,232,19011
9566,253,20527
9517,3,231
9517,9,747
9517,23,2015
9517,32,2835
9517,51,4429
9517,67,5800
9517,67,5801
9517,67,5805
9517,72,6221
9517,85,7262
9517,85,7272
9517,86,7343
9517,87,7441
9517,114,9837
9517,114,9843
9517,118,10152
9517,121,10415
9517,123,10613
9517,143,12413
9517,161,13751
9517,209,17806
9517,213,18159
9517,218,18619
9517,223,19004
9517,270,23012
9517,279,23792
9517,279,23811
9517,281,23917
9517,286,24255
9517,286,24266
9517,286,24269
9517,289,24514
9517,321,27356
9517,349,29687
9517,362,30775
9517,367,31188
9517,382,32482
9513,3,312
9513,6,610
9513,6,621
9513,36,3560
9513,37,3670
9513,37,3679
9513,41,4066
9513,41,4098
9513,54,5408
9513,80,8198
9513,81,8309
9513,98,9939
9513,110,11014
9513,110,11039
9513,115,11426
9513,124,12305
9513,124,12309
9513,140,13873
9513,168,16577
9513,174,17164
9513,174,17168
9513,179,17666
9514,18,1555
9514,19,1674
9514,30,2580
9514,47,4022
9514,56,4752
9514,60,5097
9514,67,5630
9514,72,6075
9514,75,6375
9514,89,7631
9514,125,9679
9514,140,10923
9514,148,11578
9514,148,11579
9514,148,11586
9514,181,13675
9514,181,13681
9514,181,13714
9514,198,15245
9514,209,16334
9514,212,16587
9514,214,16788
9514,214,16800
9513,1,16
9513,1,31
9513,1,79
9513,5,509
9513,14,1399
9513,16,1643
9513,18,1799
9513,18,1801
9513,18,1832
9513,28,2764
9513,28,2770
9513,38,3759
9513,38,3760
9513,44,4378
9513,55,5545
9513,73,7408
9513,74,7538
9513,89,9078
9513,94,9514
9513,105,10528
9513,136,13466
9513,142,14051
9513,142,14067
9513,146,14470
9513,162,15973
9513,169,16656
9513,169,16668
9513,170,16796
9514,21,1817
9514,36,3103
9514,53,4527
9514,58,4934
9514,65,5441
9514,70,5902
9514,70,5910
9514,124,9613
9514,124,9623
9514,173,13021
9514,173,13034
9514,202,15630
9514,204,15817
9514,204,15832
9514,204,15836
9514,216,16961
9514,218,17127
9514,219,17192
9514,221,17398
9514,223,17520
9514,223,17527
9514,224,17607
9513,4,407
9513,7,684
9513,26,2595
9513,35,3475
9513,39,3873
9513,39,3891
9513,40,3995
9513,43,4281
9513,46,4547
9513,52,5189
9513,58,5896
9513,60,6080
9513,61,6175
9513,69,6996
9513,69,7004
9513,69,7033
9513,70,7120
9513,71,7194
9513,75,7643
9513,82,8382
9513,83,8470
9513,92,9349
9513,114,11364
9513,119,11835
9513,119,11847
9513,122,12125
9513,130,12909
9513,132,13082
9513,132,13090
9514,20,1749
9514,31,2666
9514,42,3541
9514,42,3553
9514,52,4395
9514,54,4604
9514,74,6283
9514,84,7171
9514,90,7700
9514,121,9384
9514,126,9789
9514,130,10109
9514,142,11090
9514,142,11096
9514,144,11275
9514,185,14004
9514,190,14510
8758,4,288
8758,17,1622
8758,27,2561
8758,27,2579
8758,28,2656
8758,37,3530
8758,57,5466
8758,73,7049
8758,91,8951
8758,108,10587
8758,121,11843
8758,122,11967
8758,122,11969
8758,135,13212
8758,143,14223
8758,143,14232
8758,143,14240
8758,161,16104
8758,162,16227
8758,164,16405
8758,175,17523
8758,177,17731
8758,177,17733
8758,181,18139
8758,186,18621
8758,193,19322
8758,200,20191
8758,214,22088
8758,221,22940
8758,221,22949
8758,244,25728
8758,255,27131
8758,255,27139
8758,258,27538
8758,261,27908
8758,264,28283
8758,269,28883
8758,6,501
8758,6,503
8758,13,1235
8758,24,2289
8758,24,2307
8758,30,2863
8758,33,3150
8758,38,3625
8758,43,4130
8758,50,4784
8758,53,5070
8758,54,5178
8758,56,5372
8758,58,5569
8758,62,5948
8758,70,6727
8758,71,6815
8758,72,6930
8758,92,9039
8758,110,10790
8758,116,11360
8758,119,11665
8758,125,12263
8758,136,13316
8758,138,13500
8758,138,13502
8758,138,13504
8758,159,15788
8758,159,15801
8758,159,15804
8758,169,16933
8758,171,17118
8758,171,17126
8758,182,18234
8758,182,18248
8758,184,18427
8758,184,18434
8758,191,19108
8758,197,19802
8758,213,21950
8758,223,23166
8758,223,23190
8758,228,23798
8758,245,25862
8758,247,26106
8758,248,26248
8758,249,26391
8758,263,28170
8667,6,364
8667,9,575
8667,14,916
8667,15,988
8667,21,1422
8667,21,1429
8667,23,1608
8667,25,1748
8667,25,1762
8667,33,2340
8667,33,2356
8667,43,3112
8667,55,4018
8667,57,4165
8667,57,4173
8667,61,4503
8667,63,4644
8667,69,5119
8667,105,7600
8667,111,8062
8667,116,8409
8667,121,8812
8667,126,9180
8667,126,9182
8667,130,9486
8667,131,9552
8667,134,9778
8667,140,10205
8667,142,10369
8667,158,11653
8667,186,14227
8667,188,14348
8667,193,14656
8667,209,16198
8667,220,17033
8667,220,17040
8667,226,17529
8667,258,20167
8667,265,20734
8667,279,22235
8667,293,23887
8667,296,24272
8672,10,1117
8672,29,3354
8672,32,3701
8672,41,4709
8672,41,4741
8672,43,4943
8672,43,4978
8672,50,5769
8672,55,6323
8667,7,446
8667,13,853
8667,17,1129
8667,24,1669
8667,26,1845
8667,36,2571
8667,40,2875
8667,40,2877
8667,40,2881
8667,60,4431
8667,75,5594
8667,77,5746
8667,101,7315
8667,110,7977
8667,124,9032
8667,127,9256
8667,127,9281
8667,129,9421
8667,132,9618
8667,132,9623
8667,138,10055
8667,161,11882
8667,178,13411
8667,182,13942
8667,187,14287
8667,194,14709
8667,195,14778
8667,198,15390
8667,198,15398
8667,204,15772
8667,212,16512
8667,212,16516
8667,248,19207
8667,248,19224
8667,269,21038
8667,283,22693
8667,286,23072
8672,4,403
8672,6,587
8672,26,2985
8672,36,4132
8672,36,4173
8672,36,4175
8672,44,5065
8672,45,5218
8758,216,22337
8758,229,23904
8758,229,23913
8758,251,26652
8758,252,26756
8684,180,19360
8684,180,19402
8684,180,19409
8684,191,20541
8684,191,20545
8684,194,20843
8684,194,20883
8684,210,22630
8684,210,22640
8684,210,22650
8684,238,25672
8684,238,25693
8684,244,26398
8684,244,26444
8684,248,26845
8684,248,26849
8684,248,26862
8684,248,26896
8684,264,28658
8684,268,29084
8684,268,29096
8684,274,29769
8684,299,32576
8684,299,32599
8684,304,33089
8684,312,33985
8684,322,35107
8684,322,35108
8684,322,35114
8684,337,36697
8684,337,36714
8684,347,37704
8684,347,37711
8684,350,38043
8684,365,39739
8684,365,39760
8684,365,39777
8684,366,39857
8684,366,39863
8684,369,40193
8684,379,41120
8684,379,41178
8684,388,42187
8684,392,42669
8684,398,43368
8684,398,43383
8684,400,43569
8684,400,43586
8684,400,43616
8684,401,43672
8684,401,43704
8684,407,44361
8684,407,44362
8684,407,44392
8684,417,45515
8684,421,45913
8684,421,45919
8684,423,46198
8684,446,48754
8684,447,48865
8684,450,49211
8684,455,49751
8684,455,49778
8684,473,51907
8684,475,52182
8684,475,52186
8684,479,52607
8758,51,4887
8758,87,8550
8758,90,8839
8758,97,9496
8758,97,9516
8758,103,10093
8758,156,15498
8758,168,16816
8758,170,17023
8758,178,17841
8758,208,21341
8758,222,23044
8758,222,23055
8758,236,24760
8758,250,26528
8758,250,26530
8667,10,640
8667,10,661
8667,10,668
8667,29,2052
8667,39,2814
8667,73,5442
8667,81,5981
8667,100,7226
8667,114,8279
8667,117,8509
8667,123,8971
8667,125,9110
8667,141,10291
8667,141,10292
8667,143,10409
8667,146,10640
8667,146,10642
8667,146,10652
8667,162,11947
8667,166,12288
8667,167,12367
8667,170,12661
8667,174,13001
8667,175,13081
8667,175,13107
8667,183,14005
8667,218,16908
8667,255,19886
8667,255,19911
8667,270,21133
8667,281,22488
8667,299,24553
8667,299,24605
8667,299,24610
8667,303,25011
8667,303,25029
8667,309,25700
8667,309,25708
8667,310,25841
8667,318,26793
8667,327,27818
8667,327,27821
8667,327,27882
8667,327,27883
8667,332,28395
8667,335,28738
8672,7,718
8672,7,729
8672,7,760
8672,8,844
8672,8,863
8672,9,955
8672,9,979
8672,14,1536
8672,19,2186
8672,22,2509
8672,39,4502
8672,39,4506
8672,40,4635
8672,40,4638
8672,59,6799
8672,78,8962
8672,82,9434
8672,84,9703
8672,85,9751
8672,96,10980
8672,96,11006
8672,105,12030
8672,108,12413
8672,108,12416
8672,113,12981
8557,12,824
8557,19,1168
8557,19,1169
8557,38,2002
8557,49,2473
8557,49,2498
8557,62,3109
8557,75,3679
8560,273,11969
8560,274,12005
8560,288,12646
8560,345,15044
8560,345,15064
8560,441,17978
8560,461,18619
8560,478,19157
8678,18,1725
8678,18,1735
8678,50,3142
8678,57,3427
8678,64,3725
8678,65,3771
8678,68,3898
8678,68,3921
8678,86,4659
8678,141,7007
8678,141,7025
8678,155,7618
8678,168,8219
8678,178,8670
8678,237,11280
8678,238,11333
8678,260,12337
8678,271,12888
8678,298,14271
8678,310,14849
8678,321,15404
8678,338,16132
8678,367,17481
8678,369,17593
8678,373,17798
8678,387,18717
8678,387,18718
8678,387,18753
8678,425,21685
8724,9,1059
8724,12,1513
8724,24,3243
8724,32,4378
8724,32,4413
8724,40,5586
8724,40,5606
8724,85,11764
8724,89,12374
8724,113,15750
8724,126,17627
8724,137,19131
8724,151,21149
8560,231,9995
8560,234,10105
8560,234,10123
8560,243,10500
8560,298,13095
8560,298,13110
8560,298,13119
8560,327,14366
8560,336,14684
8560,368,15826
8560,368,15833
8560,421,17408
8560,429,17622
8560,454,18373
8678,31,2347
8678,47,3001
8678,47,3019
8678,56,3383
8678,60,3562
8678,60,3567
8678,76,4261
8678,76,4266
8678,76,4272
8678,85,4620
8678,180,8752
8724,14,1807
8724,16,2059
8724,23,3064
8724,27,3622
8724,27,3631
8724,27,3634
8724,27,3668
8724,36,4977
8724,46,6395
8724,47,6541
8724,64,9005
8724,64,9011
8724,91,12650
8724,91,12666
8724,93,12932
8724,93,12937
8724,106,14767
8724,110,15317
8724,110,15370
8724,112,15627
8724,121,16912
8724,131,18274
8724,133,18583
8724,138,19218
8724,138,19226
8724,142,19849
8724,142,19851
8724,144,20167
8724,152,21300
8724,154,21544
8724,154,21547
8724,156,21856
8724,156,21859
8560,27,1125
8560,60,2559
8560,60,2565
8560,65,2771
8560,84,3489
8560,84,3492
8560,92,3854
8560,92,3861
8560,104,4363
8560,104,4385
8560,108,4548
8560,108,4549
8560,122,5121
8560,124,5191
8560,124,5202
8560,124,5220
8560,136,5712
8560,157,6632
8560,157,6639
8560,165,6987
8560,176,7487
8560,197,8437
8560,223,9585
8560,223,9589
8560,228,9845
8560,246,10658
8560,246,10676
8560,266,11649
8560,285,12555
8560,285,12560
8560,296,13037
8560,303,13337
8560,308,13590
8560,351,15284
8560,351,15285
8560,370,15898
8560,449,18222
8560,456,18440
8560,466,18774
8632,5,348
8632,6,435
8632,21,1655
8632,21,1657
8632,35,2760
8632,46,3665
8632,58,4635
8632,59,4703
8632,59,4704
8632,59,4713
8632,69,5550
8632,73,5955
8632,87,7291
8632,108,9115
8632,108,9123
8632,108,9131
8632,140,11940
8632,157,12961
8632,172,14117
8724,10,1240
8724,10,1243
8724,10,1249
8724,19,2454
8724,19,2509
8737,33,3279
8737,40,3994
8737,51,5163
8737,51,5167
8737,51,5169
8737,58,5869
8737,69,6993
8737,93,9528
8737,93,9544
8737,103,10572
8737,103,10573
8737,103,10579
8737,112,11506
8737,121,12454
8737,122,12557
8560,8,295
8560,11,422
8560,11,428
8560,70,2958
8560,87,3645
8560,142,5958
8560,170,7214
8560,179,7620
8560,183,7783
8560,183,7798
8560,229,9896
8560,259,11279
8560,259,11286
8560,259,11300
8560,322,14153
8560,324,14245
8560,324,14259
8560,340,14843
8560,342,14931
8560,373,15990
8560,418,17302
8560,425,17502
8560,436,17822
8560,436,17823
8560,436,17825
8560,436,17826
8560,451,18275
8560,451,18282
8560,455,18409
8560,472,18967
8630,131,8879
8630,131,8888
8630,131,8890
8630,158,10668
8630,215,14622
8632,174,14356
8632,174,14381
8678,38,2622
8678,38,2624
8678,41,2755
8678,41,2773
8678,51,3188
8678,62,3630
8678,62,3631
8678,62,3641
8678,62,3643
8724,5,547
8724,8,927
8724,25,3395
8724,29,3911
8724,30,4124
8724,43,6004
8724,66,9296
8724,78,10846
8724,80,11111
8724,82,11369
8724,82,11382
8724,95,13255
8724,95,13256
8724,132,18414
8724,132,18422
8724,132,18436
8724,132,18454
8560,233,10057
8560,233,10081
8560,255,11128
8560,261,11399
8560,261,11407
8560,269,11777
8560,269,11787
8560,282,12434
8560,291,12792
8560,291,12805
8560,299,13156
8560,300,13224
8560,355,15387
8560,355,15390
8560,358,15482
8560,358,15493
8560,380,16236
8560,380,16241
8560,407,17109
8560,422,17444
8560,422,17445
8560,428,17586
8560,428,17601
8560,460,18570
8560,460,18571
8560,474,19022
8630,85,5741
8630,85,5759
8630,85,5769
8630,87,5897
8630,106,7166
8630,106,7170
8630,132,8957
8630,132,8958
8630,138,9334
8630,147,9903
8632,19,1479
8632,48,3831
8632,68,5468
8632,72,5853
8632,72,5862
8632,77,6319
8632,86,7171
8632,86,7189
8632,86,7196
8632,86,7198
8632,94,7882
8632,132,11213
8632,137,11669
8632,137,11683
8632,152,12585
8724,11,1360
8724,11,1396
8724,39,5483
8724,41,5708
8724,41,5766
8724,71,9901
8724,76,10581
8724,88,12217
8724,88,12257
8724,101,14001
8724,101,14006
8724,101,14027
8724,119,16604
8724,139,19411
8737,23,2269
8737,25,2487
8737,36,3572
8737,36,3578
8737,55,5591
8737,64,6483
8737,64,6488
8737,92,9418
8737,101,10355
8737,118,12168
8737,124,12769
8560,13,500
8560,40,1733
8560,56,2396
8560,61,2601
8560,73,3065
8560,102,4279
8560,113,4713
8560,113,4732
8560,137,5730
8560,143,6007
8560,149,6259
8560,161,6799
8560,180,7656
8630,36,2333
8630,50,3346
8630,82,5533
8630,108,7309
8630,116,7887
8630,127,8588
8630,136,9221
8630,179,12191
8630,185,12596
8630,185,12599
8630,204,13872
8632,2,119
8632,20,1557
8632,20,1559
8632,28,2195
8632,28,2211
8632,28,2214
8632,44,3464
8632,44,3491
8632,53,4208
8632,95,7970
8632,128,10881
8632,128,10911
8632,135,11520
8724,20,2645
8724,31,4257
8724,34,4704
8724,77,10687
8724,87,12049
8724,102,14193
8737,5,418
8737,17,1664
8737,47,4746
8737,76,7728
8737,85,8676
8737,91,9322
8737,123,12680
8737,138,14125
8560,48,2099
8560,58,2477
8560,64,2713
8560,64,2714
8560,64,2717
8560,78,3237
8560,98,4109
8560,145,6086
8560,159,6718
8560,169,7144
8560,172,7279
8560,184,7831
8560,196,8381
8560,196,8390
8560,218,9367
8560,263,11489
8560,286,12587
8560,304,13405
8560,310,13672
8560,321,14131
8560,335,14630
8560,365,15736
8560,399,16873
8560,404,17019
8560,427,17561
8560,444,18071
8560,444,18073
8560,476,19075
8632,4,268
8632,55,4380
8632,64,5072
8632,78,6378
8632,78,6391
8632,78,6413
8632,82,6775
8632,115,9820
8632,165,13394
8632,173,14206
8632,173,14213
8724,15,1933
8737,12,1176
8737,27,2653
8737,56,5680
8737,56,5688
8737,102,10480
8737,102,10482
8737,115,11827
8560,47,2067
8560,52,2261
8560,52,2272
8560,63,2664
8560,63,2683
8560,86,3589
8560,112,4663
8560,126,5275
8560,158,6680
8560,178,7556
8560,219,9391
8560,252,10957
8560,252,10962
8560,257,11212
8560,271,11864
8560,271,11881
8630,4,213
8630,4,217
8630,15,952
8630,25,1574
8630,25,1588
8630,109,7384
8630,109,7385
8630,110,7462
8630,110,7469
8630,130,8803
8630,141,9535
8630,145,9783
8630,164,11116
8630,186,12659
8630,193,13143
8632,7,516
8632,27,2137
8632,91,7595
8632,122,10360
8632,125,10657
8632,170,13916
8632,170,13938
8737,57,5788
8737,57,5792
8737,63,6365
8737,110,11278
8737,120,12363
8737,135,13838
8737,144,14758
8557,8,651
8557,36,1920
8557,45,2307
8557,45,2313
8557,70,3387
8557,76,3719
8557,79,3828
8557,98,4681
8557,98,4702
8557,110,5209
8560,306,13527
8560,317,13949
8560,350,15263
8560,375,16059
8560,401,16933
8560,401,16941
8560,458,18491
8560,458,18496
8678,8,974
8678,17,1667
8678,108,5652
8678,108,5657
8678,121,6124
8678,121,6135
8678,126,6365
8678,167,8185
8678,167,8190
8678,184,8933
8678,184,8935
8678,211,10088
8678,224,10708
8678,230,10967
8678,290,13860
8678,294,14076
8678,343,16374
8678,371,17690
8678,413,20714
8678,415,20847
8678,415,20876
8678,432,22187
8724,13,1656
8724,13,1692
8724,35,4817
8724,35,4844
8724,38,5302
8724,74,10299
8724,74,10304
8724,84,11639
8724,92,12804
8724,92,12807
8724,92,12829
8724,94,13083
8724,94,13105
8724,117,16340
8724,127,17803
8724,140,19501
8724,140,19514
8724,140,19521
8724,155,21693
8724,155,21716
8557,16,995
8557,16,1015
8557,33,1749
8557,33,1751
8557,33,1757
8557,40,2087
8557,40,2093
8557,69,3342
8557,82,3959
8557,107,5067
8557,107,5070
8557,107,5078
8557,115,5443
8557,115,5454
8557,130,6094
8560,277,12146
8560,311,13706
8560,347,15116
8560,364,15701
8560,374,16032
8560,374,16034
8560,381,16264
8560,381,16279
8560,387,16469
8560,420,17367
8560,457,18450
8560,457,18471
8678,16,1587
8678,42,2795
8678,71,4050
8678,71,4051
8678,106,5573
8678,212,10130
8678,227,10835
8678,254,12045
8678,270,12861
8678,301,14418
8678,315,15073
8678,315,15092
8678,322,15443
8678,339,16172
8678,339,16197
8678,340,16235
8678,352,16779
8678,365,17382
8678,388,18836
8678,414,20759
8678,414,20762
8678,414,20769
8724,7,831
8724,17,2198
8724,26,3510
8724,26,3531
8724,33,4495
8724,90,12535
8724,98,13603
8724,98,13632
8724,114,15914
8724,129,18094
8724,143,19959
8724,143,20008
9491,6,575
9491,11,897
9491,27,1913
9491,39,2737
9491,46,3245
9491,64,4466
9491,64,4483
9491,64,4488
9491,71,4958
9491,105,7174
9491,116,7867
9491,116,7876
9491,137,9249
9491,137,9264
9491,174,11543
9491,185,12193
9491,190,12533
9491,197,12966
9491,197,12968
9491,197,12975
9491,197,12983
9491,210,13799
9491,210,13809
9491,210,13833
9491,224,14706
9491,232,15262
9491,268,17804
9491,281,18436
9491,297,19445
9491,315,20540
9491,339,22066
9491,359,23562
9491,379,25013
9491,397,26472
9491,397,26512
9491,416,28032
9491,416,28036
9491,416,28048
9491,426,28728
9491,431,29154
9491,450,30669
9491,460,31455
9491,475,32544
9491,477,32708
9491,132,8905
9491,182,12021
9491,189,12466
9491,194,12796
9491,195,12827
9491,219,14392
9491,241,15865
9491,241,15875
9491,241,15876
9491,257,17022
9491,257,17023
9491,260,17262
9491,285,18739
9491,285,18742
9491,317,20666
9491,344,22426
9491,381,25207
9491,390,25920
9491,394,26268
9491,428,28930
9491,428,28936
9491,433,29307
9491,468,32057
9491,468,32079
9491,473,32428
9495,5,599
9495,14,1253
9495,25,2093
9495,25,2107
9495,25,2114
9495,25,2130
9495,35,2886
9495,62,4995
9495,86,6882
9495,93,7402
9495,119,9322
9495,145,11262
9495,145,11277
9495,145,11283
9488,232,18440
9488,235,18688
9488,238,18900
9488,238,18914
9488,238,18926
9488,242,19279
9488,244,19431
9488,246,19553
9488,251,19916
9488,253,20059
9488,253,20090
9488,253,20095
9488,255,20211
9488,256,20304
9488,259,20516
9488,260,20626
9488,260,20627
9488,272,21522
9488,278,21971
9488,282,22299
9488,287,22659
9488,287,22700
9488,289,22868
9488,289,22872
9488,300,23706
9488,305,24073
9488,305,24108
9488,306,24206
9488,315,24919
9488,328,25893
9494,1,44
9496,2,582
9496,4,724
9496,5,796
9497,4,159
9497,14,797
9497,17,976
9497,19,1075
9497,19,1086
9497,22,1263
9497,22,1271
9497,22,1274
9497,30,1805
9497,32,1936
9497,35,2127
9497,38,2284
9497,40,2426
9497,46,2796
9497,47,2869
9497,52,3179
9497,53,3237
9497,54,3309
9497,63,3929
9497,66,4127
9492,1,30
9492,4,233
9492,6,368
9492,12,817
9492,14,945
9492,14,956
9492,14,976
9492,20,1461
9492,25,1798
9492,28,2056
9492,29,2160
9492,36,2692
9492,38,2867
9492,38,2871
9492,40,3003
9492,40,3011
9492,40,3017
9492,43,3218
9492,43,3231
9492,45,3391
9492,48,3630
9492,50,3795
9492,51,3919
9492,52,3952
9492,52,3963
9492,52,3965
9492,53,4033
9492,53,4062
9492,53,4070
9492,59,4509
9492,61,4652
9492,65,5006
9492,72,5546
9492,74,5699
9492,75,5777
9492,79,6112
9492,84,6469
9492,89,6887
9492,93,7185
9492,94,7265
9492,104,8011
9492,104,8016
9492,110,8497
9492,111,8554
9492,120,9214
9497,12,636
9497,25,1497
9497,44,2642
9497,65,4066
9493,3,208
9493,3,232
9493,9,682
9493,9,688
9493,10,765
9493,10,790
9493,27,2171
9493,45,3553
9493,47,3716
9493,52,4078
9493,64,4985
9493,79,5997
9493,81,6146
9493,82,6231
9493,82,6252
9493,89,6673
9493,89,6683
9493,90,6711
9493,90,6747
9493,102,7600
9493,108,8053
9493,112,8333
9493,114,8501
9493,117,8746
9493,119,8861
9493,130,9715
9493,131,9774
9493,131,9790
9493,131,9792
9493,140,10432
9493,140,10453
9493,141,10518
9493,142,10583
9493,154,11530
9493,161,12048
9493,164,12268
9493,171,12792
9493,173,12970
9493,173,12978
9493,173,12987
9493,180,13490
9493,192,14385
9493,200,15035
9493,203,15225
9493,207,15551
9493,209,15694
9493,221,16590
9493,221,16600
9493,232,17415
9493,234,17561
9493,234,17571
9493,253,19024
9493,253,19050
9493,254,19083
9493,272,20436
9493,284,21270
9493,288,21539
9493,308,23091
9493,317,23745
9493,317,23746
9493,26,2080
9493,35,2805
9493,35,2819
9493,38,3037
9493,38,3054
9493,40,3178
9493,44,3488
9493,55,4306
9493,55,4341
9493,58,4538
9493,69,5390
9493,70,5467
9493,70,5474
9493,87,6529
9493,91,6787
9493,93,6940
9493,93,6950
9493,96,7129
9493,105,7851
9493,110,8180
9493,128,9535
9493,136,10183
9493,148,11051
9493,159,11868
9493,168,12577
9493,172,12871
9493,172,12879
9493,187,14013
9493,188,14106
9493,189,14156
9493,193,14465
9493,195,14628
9493,195,14638
9493,202,15188
9493,213,15995
9493,218,16397
9493,220,16541
9493,230,17259
9493,260,19547
9493,260,19551
9493,286,21418
9493,300,22477
9493,301,22570
9493,310,23235
9493,310,23249
9491,20,1469
9491,20,1476
9491,29,2078
9491,80,5556
9491,80,5574
9491,110,7492
9491,113,7700
9491,126,8502
9491,126,8517
9491,130,8760
9491,135,9126
9491,146,9802
9491,163,10914
9491,193,12716
9491,193,12731
9491,220,14456
9491,220,14466
9491,227,14913
9491,227,14917
9491,245,16183
9491,253,16739
9491,253,16740
9491,253,16744
9491,263,17452
9491,290,19149
9491,309,20171
9491,309,20186
9491,319,20788
9491,325,21116
9491,333,21669
9491,343,22322
9491,343,22337
9491,360,23605
9491,364,23874
9491,391,26010
9491,406,27170
9493,210,15764
9493,223,16775
9493,229,17185
9493,255,19169
9493,270,20265
9493,280,20998
9493,296,22161
9493,296,22190
9493,302,22620
9491,4,438
9491,38,2682
9491,48,3345
9491,52,3627
9491,66,4629
9491,108,7364
9491,172,11451
9491,184,12160
9491,202,13318
9491,202,13339
9491,207,13630
9491,208,13699
9491,211,13907
9491,230,15113
9491,235,15468
9491,252,16679
9491,261,17339
9491,288,18970
9491,299,19578
9491,306,19998
9491,350,22876
9491,356,23303
9491,356,23334
9491,380,25108
9491,385,25522
9491,385,25547
9491,388,25764
9491,388,25787
9491,404,27052
9491,415,27913
9491,415,27960
9491,424,28576
9491,432,29241
9491,444,30181
9491,446,30324
9491,448,30500
9491,451,30713
9491,451,30741
9491,454,30983
9491,459,31406
9491,464,31713
9491,466,31906
9491,471,32285
9491,7,641
9491,18,1328
9491,18,1330
9491,21,1524
9491,22,1609
9491,28,1995
9491,28,1998
9491,42,2968
9491,49,3423
9491,50,3482
9491,51,3555
9491,75,5231
9491,86,5968
9491,90,6204
9491,96,6594
9491,106,7237
9491,112,7632
9491,122,8257
9491,122,8263
9491,161,10739
9491,167,11151
9491,183,12081
9491,188,12393
9491,192,12635
9491,192,12665
9491,205,13499
9491,206,13575
9491,215,14155
9491,222,14559
9491,222,14578
9491,240,15812
9491,255,16876
9491,255,16885
9491,321,20932
9491,331,21546
9491,342,22259
9491,342,22263
9491,347,22647
9491,357,23375
9491,357,23413
9491,363,23779
9491,395,26305
9491,398,26549
9491,410,27533
9491,413,27801
9491,413,27810
9491,427,28834
9491,429,28999
9491,429,29026
9491,445,30277
9491,445,30283
9491,453,30904
9491,458,31302
9491,458,31304
9491,472,32356
8606,69,6661
8606,108,10256
8606,111,10545
8606,112,10665
8606,119,11310
8606,130,12283
8606,130,12303
8606,137,12933
8606,141,13312
8606,141,13318
8606,142,13440
8606,143,13522
8606,147,13920
8606,147,13921
8606,172,16387
8606,172,16388
8606,179,17016
8606,179,17024
8606,182,17307
8606,188,17867
8606,195,18533
8606,204,19359
8606,209,19822
8606,219,20687
8606,226,21315
8606,233,21848
8606,250,23414
8606,250,23419
8606,262,24592
8606,269,25245
8606,278,26050
8606,293,27354
8606,293,27372
8606,295,27565
8606,306,28549
8606,310,28887
8606,331,30724
8606,331,30725
8606,336,31187
8606,338,31399
8608,284,26788
8608,302,28330
8608,302,28332
8608,317,29476
8608,349,32164
8608,349,32166
8606,3,484
8606,9,1072
8606,9,1079
8606,26,2636
8606,70,6759
8606,76,7317
8606,76,7318
8606,86,8208
8606,104,9878
8606,139,13111
8606,165,15754
8606,169,16107
8606,202,19150
8606,213,20189
8606,246,23053
8606,272,25482
8606,272,25483
8606,279,26118
8606,279,26128
8608,147,14122
8608,147,14126
8608,156,14966
8608,158,15136
8608,158,15143
8608,167,16001
8608,167,16013
8608,198,18895
8608,218,20677
8608,230,21709
8608,241,22683
8608,241,22684
8608,271,25575
8608,293,27581
8608,321,29765
8608,339,31406
8619,137,8435
8619,141,8746
8619,157,9859
8619,162,10248
8619,167,10599
8619,176,11315
8619,178,11440
8619,178,11462
8619,178,11466
8619,182,11783
8619,190,12374
8619,192,12502
8619,212,14001
8619,223,14907
8619,225,15062
8619,231,15472
8619,244,16426
8619,247,16664
8619,258,17466
8619,260,17609
8619,262,17738
8619,262,17739
8619,279,19028
8619,282,19234
8619,282,19241
8619,282,19252
8619,282,19254
8619,291,19918
8619,294,20151
8619,298,20429
8619,308,21166
8619,314,21601
8619,314,21622
8619,315,21702
8619,317,21863
8619,336,23292
8619,336,23299
8595,85,7910
8595,101,9379
8595,108,10002
8595,116,10702
8595,119,10956
8595,128,11795
8595,137,12579
8595,158,14482
8595,168,15382
8595,175,15994
8595,188,17152
8595,198,18113
8595,202,18458
8595,202,18462
8619,138,8503
8619,148,9248
8619,149,9346
8619,161,10173
8619,168,10692
8619,171,10925
8619,171,10946
8619,173,11060
8619,174,11142
8619,183,11840
8619,185,11987
8619,206,13537
8619,209,13769
8619,209,13789
8619,219,14578
8619,220,14656
8619,221,14727
8619,227,15194
8619,227,15201
8619,235,15772
8619,237,15922
8619,237,15928
8619,248,16718
8619,261,17670
8619,261,17671
8619,261,17677
8619,264,17913
8619,281,19174
8619,292,20001
8619,297,20346
8619,297,20368
8619,297,20378
8619,302,20721
8619,303,20795
8619,307,21075
8619,310,21283
8619,310,21296
8619,316,21776
8619,319,22003
8619,323,22313
8619,323,22316
8619,324,22382
8619,326,22535
8619,326,22546
8619,328,22675
8619,328,22694
8619,330,22834
8619,337,23363
8619,337,23374
8619,338,23435
8619,340,23591
8619,340,23600
8619,343,23815
8619,346,24063
8619,348,24200
8619,361,25251
8619,362,25331
8619,139,8589
8619,142,8802
8619,169,10763
8619,177,11369
8619,186,12075
8619,186,12086
8619,193,12602
8619,194,12653
8619,194,12658
8619,194,12659
8619,201,13151
8619,222,14827
8619,224,14983
8619,226,15126
8619,234,15700
8619,243,16331
8619,250,16867
8619,254,17175
8619,254,17177
8619,254,17179
8619,285,19482
8619,285,19488
8619,290,19826
8619,313,21532
8619,313,21539
8619,313,21543
8619,322,22251
8619,339,23517
8619,342,23741
8619,342,23746
8619,344,23908
8619,351,24442
8619,351,24447
8619,368,25766
8606,25,2529
8606,33,3281
8606,52,5026
8606,52,5041
8606,66,6386
8608,41,3849
8608,90,8636
8608,103,9815
8608,103,9820
8608,108,10292
8608,130,12437
8608,130,12440
8608,162,15549
8608,174,16670
8608,174,16671
8608,201,19151
8608,225,21249
8608,228,21537
8608,239,22504
8608,245,23090
8608,249,23457
8608,253,23849
8608,286,27009
8608,312,29139
8608,347,32000
8608,2,266
8608,2,270
8608,4,464
8608,5,557
8608,5,563
8608,7,749
8608,10,1032
8608,29,2752
8608,30,2853
8608,39,3661
8608,42,3947
8608,42,3954
8608,49,4639
8608,51,4824
8608,52,4937
8608,61,5825
8608,65,6203
8608,66,6299
8608,69,6575
8608,70,6668
8608,73,6963
8608,77,7348
8608,78,7428
8608,84,8025
8608,87,8341
8608,88,8432
8608,95,9123
8608,98,9380
8608,101,9633
8608,102,9750
8608,106,10122
8608,109,10394
8608,109,10400
8608,117,11205
8608,119,11381
8608,119,11387
8608,134,12856
8608,134,12869
8608,142,13647
8608,145,13955
8608,149,14318
8606,16,1658
8606,16,1669
8606,31,3101
8606,31,3102
8606,77,7407
8606,99,9393
8606,99,9401
8606,100,9496
8606,100,9497
8606,118,11212
8606,123,11677
8606,123,11679
8606,129,12191
8606,129,12200
8606,131,12371
8606,134,12632
8606,134,12658
8606,162,15420
8606,176,16734
8606,199,18907
8606,201,19093
8606,208,19726
8606,218,20602
8606,227,21419
8606,231,21773
8608,121,11576
8608,121,11578
8608,122,11672
8608,122,11677
8608,148,14234
8608,173,16576
8608,180,17182
8608,226,21350
8608,255,24041
8608,274,25856
8608,283,26679
8608,335,31016
8608,352,32440
8606,36,3573
8606,41,4046
8606,63,6079
8606,63,6094
8606,72,6935
8606,72,6938
8606,91,8688
8606,96,9121
8606,103,9785
8606,115,10925
8606,115,10942
8606,132,12469
8606,138,13016
8606,173,16462
8606,184,17488
8606,194,18418
8606,212,20076
8606,215,20350
8606,215,20351
8606,221,20868
8606,236,22156
8606,236,22162
8606,240,22488
8608,114,10896
8608,118,11284
8608,152,14597
8608,152,14607
8608,163,15635
8608,177,16920
8608,202,19245
8608,258,24343
8608,259,24431
8608,270,25487
8608,272,25657
8608,292,27483
8608,292,27489
8608,319,29633
8608,327,30287
8608,328,30391
8608,328,30395
8608,337,31205
8638,193,20139
8638,193,20195
8638,415,44982
8638,460,49991
8638,469,51090
8667,314,26345
8672,76,8742
8672,143,16384
8672,143,16406
8675,17,1858
8675,17,1884
8679,113,9052
8679,113,9067
8679,165,13123
8679,165,13127
8684,33,4103
8684,42,5122
8684,43,5243
8684,43,5248
8684,43,5272
8684,93,10949
8684,454,49652
8684,454,49677
8685,8,837
8685,20,1975
8685,45,4709
8685,136,14281
8685,219,22910
8685,219,22914
8685,219,22944
8723,116,17061
8723,116,17063
8723,136,19881
8723,157,22637
8723,157,22638
8723,157,22660
8723,159,22932
8740,230,22595
8740,230,22601
9508,105,10691
9508,105,10715
9508,211,21335
9509,254,24113
9509,342,32648
9509,342,32671
9509,342,32712
9509,366,35137
9509,367,35265
9511,155,13865
9511,155,13877
9511,155,13889
9511,187,17360
9513,152,15016
9515,34,2666
9535,109,7555
9535,454,31563
8638,4,438
8638,289,30884
8638,337,36211
8638,442,47952
8638,442,47977
8638,459,49895
8667,259,20239
8667,288,23315
8667,288,23330
8667,312,26098
8667,312,26112
8667,312,26114
8672,58,6650
8672,99,11311
8672,126,14418
8672,126,14435
8675,79,8308
8675,236,26933
8675,236,26940
8679,177,14174
8684,162,17808
8684,340,37077
8684,428,46722
8686,120,12357
8686,120,12359
8686,120,12368
8686,120,12384
8686,120,12387
8686,240,25139
8723,35,5286
8723,35,5315
8723,35,5326
8723,35,5330
8723,77,11409
8723,77,11412
8740,237,23299
8740,237,23306
8740,237,23309
8740,397,40029
8766,35,4478
8766,35,4502
8766,44,5683
9481,188,14353
9481,466,37931
9493,62,4826
9493,62,4829
9508,2,794
9508,202,20385
9508,202,20392
9509,56,4465
9509,101,8696
9509,108,9437
9509,177,16340
9509,177,16366
9509,195,18176
9509,247,23351
9509,247,23364
9509,276,26355
9511,175,16033
9511,175,16053
9514,174,13093
9544,37,3202
9544,37,3221
9544,61,5217
8638,90,8788
8638,119,11915
8638,119,11917
8638,130,13040
8638,130,13064
8638,130,13066
8638,167,17250
8638,406,43911
8638,479,52267
8667,262,20495
8667,313,26239
8667,325,27622
8675,22,2435
8675,22,2452
8675,22,2456
8679,292,24539
8681,403,32880
8684,5,975
8684,27,3466
8684,27,3492
8684,196,21120
8686,140,14400
8686,140,14415
8686,312,32439
8723,25,3851
8723,39,5868
8723,117,17198
8723,128,18731
8723,197,28160
8723,207,29425
8723,222,31558
8723,342,47885
8723,342,47892
8738,316,31926
8740,420,42249
8740,420,42257
8766,47,6048
8766,51,6543
8766,238,29321
8766,238,29328
8766,264,32557
9481,332,26436
9481,342,27300
9481,342,27301
9509,48,3622
9509,104,9044
9509,104,9058
9509,447,43256
9511,87,7600
9511,170,15499
9513,109,10929
9535,374,26186
9535,399,27927
9535,399,27928
8607,121,10875
8607,121,10882
8638,104,10329
8638,246,26059
8638,335,35969
8667,275,21616
8667,275,21666
8675,50,5534
8675,190,21229
8675,244,27901
8675,244,27928
8679,42,3457
8679,42,3463
8679,125,9996
8679,153,12283
8679,320,27813
8679,320,27838
8684,143,16240
8684,143,16243
8684,143,16255
8684,143,16256
8684,143,16281
8684,179,19239
8684,179,19270
8684,179,19277
8684,187,20093
8684,202,21768
8684,217,23408
8684,217,23419
8685,235,24598
8685,235,24608
8685,235,24623
8686,181,18601
8710,66,6096
8723,87,12822
8723,87,12837
8723,87,12839
8723,108,15862
8723,337,47262
8740,239,23521
8740,239,23530
9481,373,29954
9481,373,29992
9508,144,14631
9509,83,7216
9509,182,16842
9511,4,287
9511,129,11537
9513,165,16267
9513,165,16272
9564,386,28716
8607,13,1291
8607,13,1295
8638,116,11609
8638,116,11639
8638,168,17360
8638,220,23248
8638,220,23298
8667,250,19370
8672,46,5344
8672,48,5568
8672,48,5574
8672,81,9326
8672,123,14081
8672,123,14090
8672,123,14146
8679,134,10737
8679,255,21162
8684,9,1418
8684,220,23688
8684,220,23696
8686,432,45386
8686,440,46231
8686,440,46233
8686,440,46248
8723,131,19152
8723,244,34699
8723,274,38962
8723,274,38963
8723,274,38969
8740,116,11261
8740,427,42991
9481,34,2588
9481,134,9815
9508,161,16406
9508,219,22162
9508,219,22181
9509,50,3842
9509,125,11072
9509,126,11157
9509,241,22757
9509,241,22779
9509,264,25100
9509,347,33208
9513,177,17450
9535,211,14707
9535,211,14726
9535,393,27519
9564,66,5904
8638,356,38347
8638,407,44069
8638,408,44199
8638,432,46992
8638,438,47551
8638,438,47558
8638,464,50456
8638,464,50494
8675,137,14612
8675,171,18827
8675,171,18855
8675,171,18858
8675,247,28315
8679,158,12706
8679,250,20699
8679,386,36073
8679,386,36079
8679,386,36109
8684,11,1612
8684,235,25347
8684,235,25358
8684,298,32464
8684,404,44065
8685,73,7669
8685,73,7687
8685,73,7698
8686,170,17486
8686,170,17491
8686,170,17497
8723,225,31994
8740,311,31163
9481,5,370
9481,94,6756
9481,338,26965
9481,396,31977
9508,5,1061
9508,35,4018
9508,36,4079
9508,167,16912
9509,188,17454
9509,343,32773
9509,426,41312
9564,100,8419
9564,104,8688
9564,104,8727
8638,272,29122
8638,282,30076
8638,346,37240
8667,282,22600
8667,302,24868
8672,62,7142
8675,143,15357
8679,25,1940
8679,57,5043
8679,304,25853
8679,310,26497
8679,330,29198
8679,388,36311
8684,72,8577
8684,81,9602
8684,182,19556
8684,182,19588
8684,219,23603
8685,153,15977
8685,153,16005
8686,18,1734
8686,145,14973
8710,92,8902
8723,58,8735
8723,135,19693
8723,135,19707
8723,263,37419
8723,263,37450
8723,330,46209
9481,286,22466
9508,218,22041
9508,218,22102
9509,70,5875
9509,70,5895
9509,163,14975
9509,220,20761
9509,220,20773
9509,257,24422
9509,354,33915
9509,454,43874
9511,36,2958
9511,103,9068
9511,103,9077
9511,204,19245
9513,87,8848
9513,87,8854
9513,156,15402
9542,216,14691
9544,248,20793
9544,248,20806
8638,214,22572
8638,277,29549
8638,277,29579
8638,391,42320
8667,247,19120
8672,83,9577
8672,132,15148
8672,168,19327
8672,168,19369
8675,108,11387
8675,196,21958
8675,196,22002
8675,196,22049
8679,15,1155
8679,166,13232
8679,381,35450
8679,422,40509
8681,407,33210
8681,407,33240
8681,407,33253
8684,10,1561
8684,303,32985
8684,303,32998
8684,424,46296
8684,424,46298
8684,471,51660
8685,2,164
8723,255,36237
8723,255,36253
8723,281,39992
8723,340,47616
8723,340,47623
8723,340,47658
8766,9,1098
9481,383,30813
9492,46,3490
9492,46,3495
9493,304,22777
9508,100,10237
9508,140,14217
9508,140,14233
9508,140,14248
9509,147,13308
9509,293,28048
9509,293,28082
9509,321,30665
9509,322,30793
9509,405,39167
9509,405,39189
9564,78,6950
8607,33,3010
8638,429,46625
8638,429,46626
8638,429,46660
8672,80,9192
8672,149,17085
8672,167,19262
8675,81,8541
8675,85,8909
8675,85,8913
8679,58,5112
8679,69,5993
8679,140,11281
8679,163,13020
8679,349,31613
8679,450,44030
8684,34,4202
8684,34,4228
8684,171,18601
8684,250,27077
8684,290,31531
8684,290,31581
8684,290,31593
8684,402,43811
8684,402,43858
8684,409,44576
8684,477,52386
8684,477,52396
8685,89,9377
8686,96,9845
8686,96,9856
8723,91,13437
8723,91,13444
8723,142,20680
8723,246,34953
8723,246,34977
8740,334,33539
9481,72,5020
9481,386,31076
9481,386,31093
9493,32,2574
9508,132,13367
9508,183,18497
9508,183,18500
9509,431,41797
9513,64,6512
9515,12,783
9515,12,789
8685,14,1336
8685,17,1665
8685,19,1865
8685,19,1872
8685,30,3042
8685,56,5827
8685,65,6781
8685,71,7464
8685,74,7761
8685,81,8532
8685,90,9519
8685,97,10273
8685,142,14812
8685,143,14920
8685,143,14926
8685,185,19338
8685,202,21173
8685,240,25099
8685,240,25122
8685,240,25132
8685,266,27956
8685,288,30000
8685,292,30432
8738,11,1363
8738,39,4171
8738,39,4172
8738,39,4195
8738,67,7012
8738,67,7018
8738,85,8733
8738,85,8735
8738,94,9636
8738,99,10139
8738,106,10876
8738,106,10878
8738,130,13219
8738,141,14274
8738,155,15651
8738,155,15675
8738,161,16243
8738,163,16456
8738,174,17646
8738,180,18253
8738,180,18259
8738,208,21050
8738,209,21145
8738,209,21151
8738,214,21641
8738,218,22028
8738,235,23739
8738,258,25986
8738,262,26401
8738,263,26501
8738,280,28254
8738,281,28366
8738,281,28371
8738,285,28796
8738,295,29826
8738,306,30942
8738,312,31510
8738,314,31731
8738,334,33756
8738,338,34168
8685,6,609
8685,6,610
8685,7,720
8685,7,777
8685,43,4529
8685,51,5330
8685,51,5333
8685,51,5352
8685,79,8281
8685,82,8627
8685,82,8654
8685,88,9269
8685,88,9300
8685,102,10845
8685,102,10860
8685,108,11568
8685,118,12426
8685,122,12819
8685,122,12867
8685,140,14587
8685,141,14739
8685,171,17861
8685,179,18751
8685,191,20001
8685,191,20014
8685,193,20184
8685,220,23039
8685,233,24384
8685,267,28085
8685,275,28908
8685,289,30100
8738,23,2600
8738,40,4306
8738,48,5139
8738,83,8569
8738,110,11257
8738,146,14796
8738,158,15970
8738,181,18364
8738,181,18381
8738,197,19893
8738,206,20829
8738,206,20830
8738,207,20917
8738,207,20929
8738,207,20939
8738,252,25400
8738,276,27845
8738,276,27852
8738,319,32249
8580,149,15703
8580,165,17348
8648,2,138
8648,3,185
8648,6,426
8648,20,1576
8648,21,1693
8648,25,2037
8648,29,2401
8648,36,2996
8648,46,3877
8648,48,4054
8648,63,5192
8648,63,5203
8648,64,5270
8648,76,6266
8648,77,6332
8648,77,6343
8648,82,6746
8648,82,6754
8648,82,6757
8648,86,7076
8648,86,7084
8648,100,8286
8648,103,8565
8648,103,8590
8648,115,9573
8648,123,10280
8648,125,10439
8648,135,11281
8648,139,11603
8648,139,11618
8648,140,11700
8648,140,11717
8648,140,11718
8648,148,12388
8648,154,12849
8648,155,12944
8648,155,12975
8648,155,12980
8648,156,13030
8648,156,13070
8648,157,13144
8648,157,13148
8648,166,13885
8648,166,13888
8648,176,14800
8648,176,14814
8648,176,14818
8648,177,14880
8648,186,15628
8648,192,16023
8648,197,16460
8648,199,16635
8648,199,16636
8648,199,16668
8648,203,16911
8648,212,17706
8648,217,18094
8648,217,18118
8648,228,18935
8648,244,20273
8648,244,20301
8648,247,20516
8648,249,20710
8648,249,20734
8648,249,20736
8648,257,21338
8648,265,22103
8648,265,22105
8648,299,26005
8648,7,505
8648,7,509
8648,7,517
8648,10,793
8648,12,911
8648,16,1245
8648,16,1252
8648,27,2203
8648,30,2457
8648,30,2463
8648,33,2713
8648,33,2749
8648,37,3081
8648,40,3352
8648,40,3363
8648,44,3693
8648,49,4150
8648,60,4895
8648,60,4928
8648,65,5333
8648,70,5769
8648,73,6048
8648,78,6449
8648,102,8491
8648,106,8834
8648,112,9308
8648,116,9669
8648,118,9848
8648,121,10122
8648,136,11368
8648,138,11511
8648,143,11951
8648,143,11959
8648,143,11976
8648,167,13985
8648,178,14960
8648,179,15019
8648,179,15025
8648,183,15363
8648,194,16236
8648,209,17416
8648,215,17936
8648,222,18448
8648,222,18454
8648,230,19126
8648,230,19156
8648,233,19338
8648,233,19362
8648,234,19430
8648,234,19454
8648,240,19950
8648,253,21068
8648,256,21264
8648,260,21608
8648,260,21621
8648,280,23843
8648,282,24049
8648,282,24070
8648,284,24291
8648,284,24298
8648,295,25575
8648,295,25582
8738,9,1159
8648,114,9517
8648,117,9749
8648,128,10671
8648,128,10692
8648,128,10695
8648,128,10706
8648,130,10870
8648,137,11459
8648,151,12623
8648,153,12778
8648,160,13403
8648,169,14184
8648,181,15160
8648,181,15167
8648,190,15866
8648,190,15890
8648,190,15894
8648,210,17516
8648,210,17531
8648,224,18606
8648,225,18704
8648,225,18722
8648,237,19696
8648,239,19821
8648,239,19832
8648,245,20379
8648,251,20911
8648,255,21167
8648,267,22288
8648,267,22291
8648,267,22333
8648,285,24431
8648,288,24820
8738,16,1906
8738,47,5053
8738,59,6224
8738,89,9101
8738,92,9436
8738,112,11463
8738,113,11567
8738,124,12636
8738,140,14182
8738,147,14869
8738,177,17926
8738,216,21843
8738,229,23128
8738,239,24144
8738,253,25500
8738,261,26295
8738,268,27004
8738,3,536
8738,6,854
8738,12,1478
8738,12,1489
8738,21,2386
8738,21,2397
8738,26,2904
8738,27,2989
8738,35,3764
8738,35,3783
8738,43,4642
8738,44,4723
8738,57,6035
8738,57,6043
8738,57,6048
8738,57,6055
8738,60,6303
8738,60,6310
8738,61,6431
8738,61,6437
8738,82,8460
8738,88,9008
8738,95,9752
8738,119,12104
8738,133,13488
8738,138,13989
8738,142,14396
8738,151,15259
8738,164,16575
8738,165,16660
8738,170,17243
8738,195,19700
8738,195,19703
8738,198,20010
8738,212,21439
8738,226,22827
8738,238,24052
8738,245,24721
8738,274,27639
8738,298,30140
8738,332,33567
8738,332,33575
8738,337,34057
8738,337,34060
8562,181,8388
8562,186,8605
8562,218,10116
8562,227,10508
8562,254,11752
8562,254,11754
8562,259,11998
8562,296,13746
8562,345,16136
8563,4,475
8563,13,910
8563,44,2401
8563,59,3115
8563,64,3349
8563,68,3541
8563,73,3775
8563,73,3783
8563,78,4021
8563,82,4208
8563,82,4218
8563,93,4714
8563,110,5558
8563,114,5750
8563,116,5849
8563,116,5863
8563,119,6022
8563,125,6282
8563,126,6334
8563,127,6407
8563,137,6885
8563,138,6926
8563,139,6970
8563,139,6982
8563,143,7165
8563,162,8046
8563,163,8070
8563,163,8079
8563,176,8767
8563,176,8776
8563,177,8807
8563,190,9450
8563,201,9964
8563,201,9967
8563,201,9971
8563,202,10008
8563,202,10032
8563,228,11223
8563,233,11464
8563,246,12083
8563,258,12628
8563,258,12651
8563,259,12701
8563,266,13052
8563,266,13064
8563,270,13254
8563,275,13531
8563,291,14365
8563,294,14481
8563,298,14715
8563,302,14895
8563,303,14946
8563,326,16011
8580,23,2558
8580,43,4671
8580,43,4674
8562,240,11098
8562,244,11275
8562,271,12630
8562,287,13330
8562,287,13343
8562,304,14141
8562,304,14147
8562,304,14175
8562,343,16069
8563,3,397
8563,3,414
8563,16,1052
8563,29,1643
8563,32,1789
8563,53,2818
8563,58,3076
8563,58,3077
8563,66,3438
8563,67,3472
8563,67,3493
8563,77,3958
8563,80,4098
8563,80,4099
8563,90,4563
8563,92,4670
8563,134,6742
8563,153,7606
8563,160,7936
8563,174,8653
8563,209,10342
8563,222,10929
8563,235,11553
8563,249,12221
8563,253,12390
8563,253,12391
8563,255,12520
8563,278,13653
8563,281,13781
8563,286,14064
8563,293,14451
8563,318,15663
8580,55,5940
8580,64,6970
8580,68,7384
8580,68,7399
8580,68,7404
8580,84,9154
8580,89,9606
8580,98,10505
8580,112,12007
8580,119,12781
8563,104,5257
8563,104,5272
8563,106,5351
8563,106,5357
8563,106,5380
8563,122,6161
8563,122,6186
8563,129,6488
8563,149,7433
8563,161,7986
8563,169,8405
8563,191,9490
8563,204,10106
8563,205,10152
8563,215,10605
8563,216,10638
8563,217,10711
8563,224,11021
8563,224,11032
8563,229,11258
8563,238,11704
8563,239,11743
8563,239,11760
8563,256,12561
8563,257,12600
8563,267,13109
8563,274,13481
8563,276,13555
8563,289,14258
8563,297,14627
8563,313,15399
8563,313,15416
8563,324,15909
8563,324,15921
8563,324,15935
8580,12,1382
8580,44,4764
8580,48,5248
8580,57,6150
8580,57,6151
8580,57,6174
8580,93,10044
8580,118,12676
8580,126,13508
8580,163,17159
8648,26,2127
8648,26,2162
8648,52,4344
8648,52,4355
8648,52,4360
8648,66,5437
8648,72,5956
8562,352,16474
8562,352,16485
8562,352,16501
8563,245,12015
8563,245,12032
8563,265,13014
8563,292,14410
8563,322,15811
8563,322,15816
8563,322,15842
8580,13,1522
8580,38,4109
8580,40,4357
8580,41,4464
8580,56,6067
8580,67,7280
8580,82,8932
8580,90,9684
8580,90,9710
8580,91,9841
8580,110,11762
8580,110,11785
8580,114,12223
8580,144,15095
8580,150,15812
8580,156,16343
8580,162,17007
8648,1,14
8648,1,20
8648,1,68
8648,17,1313
8648,17,1322
8648,22,1758
8648,24,1944
8648,42,3524
8648,42,3528
8648,61,4979
8648,61,4981
8648,74,6092
8648,74,6102
8648,129,10754
8648,129,10776
8648,129,10788
8648,174,14622
8648,188,15701
8648,188,15702
8648,195,16301
8648,204,17010
8648,204,17014
8648,204,17026
8648,231,19202
8648,231,19234
8561,2,115
8561,14,471
8561,36,1103
8561,40,1223
8561,58,1866
8561,58,1867
8561,58,1885
8561,58,1892
8561,70,2410
8561,107,3319
8561,123,3858
8561,136,4334
8561,164,5259
8561,169,5445
8561,180,5800
8561,194,6250
8561,194,6257
8561,201,6451
8561,215,6994
8561,215,6996
8561,235,7741
8561,245,8102
8639,23,2727
8639,23,2729
8639,60,6756
8639,64,7272
8650,7,1217
8650,38,4581
8650,38,4595
8650,55,6128
8650,55,6135
8650,55,6143
8650,68,7364
8650,105,10776
8650,105,10811
8650,116,11832
8650,116,11885
8561,4,179
8561,42,1304
8561,47,1440
8561,61,2013
8561,64,2125
8561,94,2870
8561,108,3349
8561,108,3359
8561,110,3415
8561,116,3627
8561,117,3647
8561,135,4311
8561,143,4572
8561,148,4721
8561,153,4905
8561,162,5190
8561,177,5704
8561,193,6200
8561,193,6201
8561,193,6208
8561,197,6336
8561,197,6340
8561,206,6631
8561,210,6772
8561,210,6781
8561,210,6794
8561,228,7473
8561,230,7559
8561,236,7777
8561,239,7890
8561,244,8060
8639,8,950
8639,8,990
8639,15,1737
8639,15,1771
8639,15,1777
8639,15,1784
8639,16,1876
8639,53,5930
8639,55,6168
8639,56,6252
8561,7,283
8561,23,744
8561,38,1151
8561,43,1318
8561,50,1517
8561,50,1528
8561,71,2454
8561,106,3284
8561,139,4450
8561,158,5074
8561,160,5130
8561,176,5658
8561,233,7663
8639,9,1030
8639,9,1086
8639,12,1388
8639,13,1523
8639,13,1556
8639,18,2091
8639,18,2138
8639,18,2150
8639,22,2565
8639,22,2574
8639,24,2825
8639,26,3099
8639,29,3291
8639,30,3361
8639,44,4834
8639,44,4863
8639,46,5084
8639,48,5319
8639,49,5473
8639,58,6495
8639,58,6554
8639,61,6831
8639,61,6870
8639,65,7349
8561,13,438
8561,55,1715
8561,55,1740
8561,114,3569
8561,133,4218
8561,161,5157
8639,7,834
8639,7,848
8639,14,1628
8639,14,1634
8639,14,1679
8639,20,2335
8639,20,2402
8639,50,5565
8639,51,5660
8639,51,5721
8639,63,7112
8649,8,818
8649,8,831
8649,11,1186
8649,16,1739
8649,16,1757
8649,16,1767
8649,16,1775
8649,16,1787
8562,9,363
8562,9,364
8562,12,492
8562,14,575
8562,30,1217
8562,38,1578
8562,51,2205
8562,62,2776
8562,67,2993
8562,102,4582
8562,102,4607
8562,119,5409
8562,144,6664
8562,209,9678
8562,220,10175
8562,220,10180
8562,224,10359
8562,230,10640
8562,231,10689
8562,246,11364
8562,256,11870
8562,265,12297
8562,266,12379
8562,288,13373
8562,290,13462
8562,290,13464
8562,302,14034
8562,310,14435
8562,310,14437
8562,325,15177
8562,328,15321
8562,347,16266
8563,8,664
8563,12,856
8563,15,1019
8563,17,1089
8563,17,1114
8563,28,1619
8563,30,1686
8563,30,1696
8563,55,2905
8563,55,2921
8563,56,2956
8563,56,2963
8563,71,3655
8563,71,3686
8563,71,3688
8563,76,3931
8563,100,5072
8563,100,5078
8563,102,5149
8563,108,5458
8563,108,5476
8563,131,6602
8563,131,6619
8563,136,6839
8563,148,7412
8563,151,7514
8562,4,139
8562,19,787
8562,31,1237
8562,34,1366
8562,35,1425
8562,43,1765
8562,44,1846
8562,47,1979
8562,47,1995
8562,52,2235
8562,52,2242
8562,58,2522
8562,59,2618
8562,68,3036
8562,72,3249
8562,78,3533
8562,81,3692
8562,87,3923
8562,93,4167
8562,98,4380
8562,98,4392
8562,109,4959
8562,113,5145
8562,113,5157
8562,118,5368
8562,124,5660
8562,130,5972
8562,132,6052
8562,132,6057
8562,141,6536
8562,141,6548
8562,146,6756
8562,146,6791
8562,150,6945
8562,189,8749
8562,192,8877
8562,198,9169
8562,211,9758
8562,225,10400
8562,228,10567
8562,273,12693
8562,293,13585
8562,300,13936
8562,314,14617
8562,314,14632
8562,336,15695
8562,336,15700
8562,348,16303
8562,350,16406
8562,350,16414
8562,18,757
8562,22,886
8562,33,1327
8562,33,1334
8562,42,1733
8562,42,1747
8562,49,2086
8562,50,2147
8562,63,2831
8562,63,2837
8562,70,3145
8562,70,3156
8562,85,3837
8562,92,4121
8562,99,4435
8562,106,4788
8562,106,4795
8562,114,5193
8562,114,5205
8562,114,5210
8562,123,5603
8562,123,5614
8562,123,5631
8562,155,7160
8650,17,2273
8650,17,2275
8650,20,2635
8650,22,2897
8650,22,2914
8650,26,3406
8650,32,4023
8650,32,4026
8650,32,4050
8650,39,4661
8650,41,4868
8650,41,4880
8650,46,5317
8650,46,5319
8650,46,5325
8650,46,5338
8650,56,6185
8650,57,6308
8650,57,6309
8650,64,6936
8650,65,7073
8650,66,7171
8650,69,7425
8650,71,7632
8650,79,8364
8650,83,8747
8650,85,8871
8650,87,9057
8650,91,9433
8650,93,9625
8650,93,9638
8650,93,9673
8650,97,10006
8650,100,10316
8650,102,10497
8650,108,11100
8650,111,11384
8650,114,11636
8650,118,12074
8561,41,1253
8561,62,2047
8561,62,2059
8561,62,2069
8561,90,2742
8561,138,4419
8561,138,4423
8561,154,4923
8561,184,5899
8561,184,5900
8561,184,5904
8561,184,5919
8561,212,6861
8561,212,6862
8561,231,7589
8561,234,7690
8561,259,8470
8561,265,8782
8561,265,8786
8650,14,1949
8650,27,3499
8650,29,3755
8650,34,4263
8650,35,4359
8650,36,4461
8650,40,4770
8650,51,5753
8650,51,5764
8650,61,6629
8650,61,6639
8650,61,6657
8650,61,6658
8650,61,6677
8650,72,7702
8650,73,7813
8650,76,8043
8650,81,8570
8650,81,8579
8650,82,8645
8650,89,9252
8650,96,9938
8650,98,10128
8650,98,10155
8650,106,10861
8650,106,10878
8650,117,11943
8650,117,11956
8650,120,12229
8650,120,12241
8650,122,12383
8650,122,12403
8562,173,7987
8562,205,9471
8562,216,10010
8562,229,10594
8562,229,10618
8562,245,11330
8562,253,11721
8562,261,12097
8562,294,13622
8562,294,13639
8562,309,14387
8562,309,14403
8562,311,14471
8562,329,15378
8562,332,15504
8562,334,15598
8562,334,15599
8562,340,15910
8562,344,16121
8563,23,1376
8563,23,1395
8563,43,2342
8563,54,2890
8563,65,3389
8563,70,3627
8563,70,3630
8563,107,5418
8563,107,5419
8563,146,7316
8563,146,7321
8563,146,7322
8563,146,7325
8563,158,7847
8563,159,7891
8563,164,8131
8563,194,9634
8563,211,10417
8563,211,10431
8563,214,10558
8563,240,11777
8563,251,12335
8563,273,13436
8563,282,13854
8563,290,14275
8563,290,14277
8563,290,14317
8563,300,14793
8563,316,15577
8563,328,16126
8580,18,2039
8580,52,5638
8580,104,11138
8580,155,16265
8562,48,2035
8562,53,2275
8562,53,2277
8562,53,2284
8562,64,2859
8562,82,3723
8562,103,4633
8562,103,4665
8562,108,4901
8562,151,6984
8562,191,8819
8562,193,8936
8562,215,9959
8562,221,10237
8562,235,10848
8562,243,11238
8562,267,12416
8562,326,15216
8562,342,15986
8562,342,16000
8563,27,1545
8563,27,1574
8563,33,1846
8563,33,1862
8563,63,3307
8563,98,4979
8563,98,4985
8563,101,5099
8563,132,6668
8563,141,7090
8563,166,8225
8563,166,8240
8563,171,8516
8563,172,8537
8563,212,10464
8563,219,10806
8563,219,10813
8563,219,10816
8563,220,10838
8563,226,11107
8563,262,12834
8563,279,13694
8563,279,13705
8563,288,14191
8563,288,14199
8563,288,14202
8563,301,14849
8563,301,14866
8563,315,15521
8563,315,15532
8580,22,2458
8580,36,3889
8580,39,4232
8580,60,6490
8580,60,6519
8580,61,6617
8580,88,9480
8580,88,9484
8580,115,12335
9451,479,43118
9451,479,43144
9452,7,582
9452,18,1602
9452,43,4020
9452,48,4492
9452,51,4748
9452,51,4756
9452,59,5579
9452,66,6161
9452,67,6291
9452,67,6294
9452,69,6505
9452,78,7359
9452,78,7382
9452,86,8181
9452,109,10330
9452,109,10336
9452,125,11685
9452,128,11966
9452,132,12349
9452,154,14294
9452,160,14882
9452,171,15895
9452,171,15896
9452,182,16873
9452,210,19450
9452,210,19455
9452,216,20010
9452,223,20621
9452,257,23768
9452,262,24253
9452,282,26127
9452,293,27064
9452,304,27926
9452,326,30042
9452,348,32261
9452,358,33196
9452,371,34422
9452,375,34814
9452,375,34834
9452,383,35540
9452,401,37323
9452,406,37778
9452,406,37787
9452,406,37793
9452,417,38851
9452,421,39292
9452,430,40175
9452,431,40312
9452,447,41829
9451,10,835
9451,14,1215
9451,38,3356
9451,42,3745
9451,54,4836
9451,61,5493
9451,61,5511
9451,61,5512
9451,88,7993
9451,93,8460
9451,103,9288
9451,153,13778
9451,153,13793
9451,192,17063
9451,200,17754
9451,206,18247
9451,224,19870
9451,224,19872
9451,232,20588
9451,232,20599
9451,272,24102
9451,272,24126
9451,274,24297
9451,291,25922
9451,303,26962
9451,311,27686
9451,316,28135
9451,316,28137
9451,325,28964
9451,334,29730
9451,356,31787
9451,362,32372
9451,383,34239
9451,383,34257
9451,391,34977
9451,406,36395
9451,438,39211
9451,441,39502
9451,441,39517
9451,443,39709
9451,446,39983
9451,446,40009
9451,448,40197
9451,456,40936
9451,458,41157
9451,463,41611
9451,465,41772
9451,468,42076
9451,468,42100
9451,478,43058
9451,30,2569
9451,30,2592
9451,39,3443
9451,41,3664
9451,51,4562
9451,98,8880
9451,98,8884
9451,98,8895
9451,129,11569
9451,134,12015
9451,149,13399
9451,154,13876
9451,164,14787
9451,164,14790
9451,164,14791
9451,164,14796
9451,170,15252
9451,177,15853
9451,197,17475
9451,197,17488
9451,197,17493
9451,202,17923
9451,202,17932
9451,227,20161
9451,227,20168
9451,227,20169
9451,231,20510
9451,236,20921
9451,244,21612
9451,244,21633
9451,271,24028
9451,276,24490
9451,276,24521
9451,279,24774
9451,289,25736
9451,309,27502
9451,309,27506
9451,309,27509
9451,322,28703
9451,328,29202
9451,355,31682
9451,359,32075
9451,360,32167
9451,360,32199
9451,360,32202
9451,364,32546
9451,368,32932
9451,376,33702
9451,388,34687
9451,388,34699
9451,389,34807
9451,392,35090
9451,396,35494
9451,403,36119
9451,414,37192
9451,421,37829
9451,437,39139
9451,445,39883
9451,445,39888
9451,445,39919
9451,454,40764
9451,454,40777
9451,461,41436
9451,461,41443
9451,466,41897
9451,470,42300
9451,1,39
9451,5,420
9451,11,951
9451,45,4042
9451,50,4494
9451,57,5149
9451,75,6848
9451,100,9056
9451,115,10334
9451,115,10364
9451,122,10964
9451,130,11644
9451,142,12804
9451,148,13333
9451,156,14059
9451,169,15174
9451,176,15742
9451,188,16738
9451,196,17387
9451,214,18957
9451,228,20248
9451,278,24671
9451,278,24697
9451,293,26066
9451,299,26619
9451,308,27407
9451,308,27418
9451,315,28062
9451,315,28069
9451,318,28351
9451,323,28785
9451,324,28860
9451,333,29657
9451,340,30300
9451,340,30303
9451,344,30657
9451,344,30658
9451,344,30683
9451,349,31164
9451,351,31344
9451,351,31350
9451,367,32824
9451,398,35638
9451,398,35649
9451,440,39437
9451,450,40403
9451,450,40424
9451,460,41320
9451,472,42484
9451,9,763
9451,43,3855
9451,47,4214
9451,72,6530
9451,72,6560
9451,92,8364
9451,101,9139
9451,104,9377
9451,104,9399
9451,118,10623
9451,131,11750
9451,131,11759
9451,140,12575
9451,145,13030
9451,151,13579
9451,162,14608
9451,162,14609
9451,162,14616
9451,190,16905
9451,198,17597
9451,238,21082
9451,238,21100
9451,242,21463
9451,247,21883
9451,247,21906
9451,254,22494
9451,270,23935
9451,277,24581
9451,277,24600
9451,277,24602
9451,281,24963
9451,281,24974
9451,283,25190
9451,285,25378
9451,285,25381
9451,285,25400
9451,290,25816
9451,294,26149
9451,295,26232
9451,300,26693
9451,321,28615
9451,321,28633
9451,346,30865
9451,353,31514
9451,353,31535
9451,370,33155
9451,373,33438
9451,375,33627
9451,384,34335
9451,400,35824
9451,405,36323
9451,410,36816
9451,410,36829
9451,423,38030
9451,451,40525
9451,473,42559
9451,476,42859
9451,2,141
9451,12,1062
9451,12,1063
9451,29,2479
9451,36,3171
9451,44,3919
9451,56,5060
9451,76,6949
9451,117,10531
9451,127,11402
9451,144,12965
9451,204,18092
9453,14,1364
9453,47,4385
9453,61,5686
9453,92,8625
9453,97,9119
9453,136,12825
9453,139,13114
9453,140,13209
9453,154,14528
9453,156,14712
9453,159,14989
9453,162,15301
9453,166,15647
9453,169,15949
9453,169,15956
9453,171,16114
9453,175,16360
9453,181,16913
9453,181,16957
9453,183,17131
9453,192,17912
9453,194,18063
9453,2,476
9453,5,739
9453,6,837
9453,6,852
9453,33,3033
9453,33,3037
9453,33,3039
9453,38,3509
9453,45,4169
9453,52,4867
9453,53,4946
9453,58,5392
9453,60,5569
9453,63,5862
9453,63,5882
9453,63,5886
9453,65,6076
9453,65,6088
9453,68,6369
9453,70,6524
9453,71,6642
9453,71,6659
9453,73,6821
9453,74,6919
9453,74,6934
9453,77,7254
9453,81,7633
9453,86,8121
9453,90,8447
9453,95,8885
9453,95,8909
9453,98,9183
9453,100,9405
9453,104,9828
9453,113,10673
9453,117,11041
9453,121,11396
9453,123,11579
9453,125,11738
9453,128,12048
9453,129,12165
9453,133,12531
9453,134,12637
9453,142,13418
9453,149,14045
9453,153,14416
9453,153,14426
9453,153,14436
9453,155,14593
9453,158,14919
9453,161,15189
9453,164,15453
9453,165,15561
9453,170,16033
9453,182,17045
9453,187,17518
9453,189,17688
9453,195,18174
9453,196,18263
9447,22,1963
9447,22,1970
9447,27,2467
9447,42,3873
9447,84,7696
9447,107,9786
9447,141,12426
9447,149,13134
9447,159,14011
9447,183,16275
9447,183,16276
9447,188,16699
9447,190,16858
9447,196,17399
9447,196,17420
9447,223,19642
9447,223,19664
9447,226,19975
9447,235,20798
9447,242,21411
9447,247,21908
9447,255,22670
9447,268,23868
9447,286,25394
9447,291,25842
9447,297,26380
9447,310,27468
9447,314,27824
9447,325,28789
9447,332,29353
9447,339,29938
9447,369,32886
9447,385,34423
9447,406,36331
9447,406,36343
9453,7,922
9453,7,936
9453,13,1279
9453,55,5133
9453,55,5144
9453,55,5145
9453,62,5803
9453,67,6256
9453,72,6760
9453,72,6774
9453,72,6776
9453,75,7054
9453,84,7920
9453,84,7941
9453,93,8733
9453,94,8793
9453,102,9590
9453,118,11138
9453,145,13677
9452,15,1336
9452,49,4568
9452,49,4585
9452,54,5051
9452,54,5055
9452,64,5976
9452,65,6082
9452,70,6607
9452,70,6623
9452,74,6974
9452,74,6975
9452,83,7871
9452,85,8078
9452,85,8082
9452,94,8902
9452,94,8912
9452,104,9936
9452,111,10525
9452,129,12024
9452,157,14574
9452,157,14605
9452,170,15784
9452,183,16981
9452,229,21150
9452,261,24155
9452,264,24428
9452,280,25963
9452,280,25971
9452,302,27781
9452,316,29064
9452,327,30144
9452,327,30147
9452,327,30151
9452,332,30644
9452,347,32136
9452,347,32156
9452,347,32168
9452,357,33081
9452,357,33105
9452,362,33625
9452,370,34343
9452,380,35242
9452,380,35249
9452,395,36710
9452,412,38375
9452,416,38773
9452,416,38792
9452,426,39805
9452,426,39818
9452,429,40091
9452,453,42426
9452,462,43229
9452,462,43232
9452,464,43435
9452,469,43936
9452,4,312
9452,11,967
9452,17,1529
9452,63,5863
9452,102,9735
9452,113,10696
9452,124,11567
9452,124,11591
9452,124,11592
9452,137,12783
9452,148,13781
9452,150,13944
9452,156,14475
9452,178,16482
9452,178,16515
9452,193,17880
9452,197,18268
9452,225,20779
9452,258,23865
9452,265,24514
9452,265,24517
9452,271,25114
9452,291,26907
9452,307,28200
9452,313,28807
9452,351,32565
9452,351,32570
9452,367,34112
9452,367,34122
9452,373,34667
9452,377,34959
9452,381,35317
9452,422,39407
9452,422,39408
9452,422,39417
9452,457,42802
9452,460,43050
9452,480,44927
9564,215,14042
9564,229,15243
9564,242,16264
9564,242,16292
9564,264,18144
9564,264,18158
9564,279,19445
9564,289,20271
9564,302,21356
9564,313,22302
9564,320,22870
9564,331,23882
9564,356,26022
9564,363,26617
9564,370,27311
9564,373,27584
9564,376,27841
9564,377,27932
9564,391,29197
9564,391,29222
9564,406,30634
9777,22,3332
9777,25,3787
9778,5,1160
9785,4,281
9785,5,396
9785,6,457
9785,6,485
9785,10,805
9785,10,820
9785,11,892
9786,8,815
9786,50,4613
9787,11,1364
9787,16,1829
9787,27,2874
9787,43,4185
9787,48,4577
9564,13,1353
9564,13,1362
9564,28,2582
9564,28,2586
9564,28,2600
9564,37,3378
9564,54,4851
9564,217,14223
9564,222,14665
9564,223,14759
9564,235,15721
9564,237,15877
9564,245,16511
9564,254,17287
9564,256,17436
9564,256,17460
9564,258,17628
9564,258,17644
9564,261,17851
9564,290,20372
9564,292,20535
9564,311,22125
9564,325,23338
9564,330,23765
9564,351,25562
9564,351,25586
9564,351,25588
9564,357,26101
9564,362,26515
9564,362,26516
9564,365,26810
9564,367,26973
9564,367,27011
9564,369,27191
9564,381,28251
9564,381,28256
9564,387,28825
9564,387,28845
9564,388,28902
9564,397,29801
9564,399,29997
9564,403,30327
9564,404,30417
9564,404,30427
9564,3,475
9564,4,582
9564,7,800
9564,7,810
9564,10,1063
9564,17,1765
9564,20,1980
9564,30,2725
9564,30,2759
9564,52,4654
9564,52,4657
9564,62,5582
9564,71,6327
9564,81,7183
9564,84,7346
9564,94,8036
9564,97,8250
9564,97,8254
9564,105,8798
9564,218,14341
9564,218,14353
9564,220,14505
9564,309,21960
9564,332,23958
9566,184,15509
9566,184,15514
9566,189,15842
9566,196,16346
9566,230,18870
9566,248,20173
9566,249,20258
9781,29,5325
9782,3,390
9782,8,1170
9782,20,3027
9782,20,3037
9782,37,5530
9782,46,6901
9782,49,7381
9782,77,11678
9782,80,12163
9782,5,655
9782,11,1591
9782,18,2648
9782,18,2704
9782,23,3479
9782,28,4232
9782,44,6585
9782,52,7844
9782,54,8125
9782,59,8921
9782,66,10033
9782,69,10462
9782,70,10647
9782,70,10664
9782,75,11394
9782,79,11994
9782,15,2228
9782,24,3642
9782,31,4667
9782,31,4671
9786,10,992
9786,19,1802
9786,30,2801
9786,30,2829
9786,30,2837
9786,44,4085
9787,9,1177
9787,21,2289
9787,21,2297
9787,28,2965
9787,30,3102
9787,54,5128
9787,64,5997
9787,64,6027
9787,68,6374
9777,21,3152
9777,23,3477
9777,29,4424
9786,13,1304
9786,14,1398
9786,15,1449
9786,17,1633
9786,18,1707
9786,18,1745
9786,20,1936
9786,24,2246
9786,24,2284
9786,26,2453
9786,26,2467
9786,32,3010
9786,43,3973
9786,51,4682
9787,2,539
9787,7,1011
9787,12,1442
9787,14,1645
9787,15,1739
9787,15,1740
9787,17,1915
9787,18,2018
9787,23,2502
9787,31,3178
9787,31,3200
9787,33,3354
9787,33,3371
9787,34,3486
9787,35,3569
9787,37,3730
9787,49,4689
9787,55,5213
9787,59,5568
9787,60,5658
9787,63,5939
9787,65,6130
9787,70,6548
9780,2,244
9780,2,245
9780,7,1050
9780,7,1104
9780,17,2635
9780,25,3868
9780,25,3913
9780,36,5544
9780,36,5569
9780,57,8735
9780,61,9361
9780,70,10749
9780,71,10895
9780,72,11021
9780,72,11053
9780,79,12147
9780,94,14425
9780,107,16435
9781,10,2254
9781,17,3352
9781,18,3506
9781,22,4186
9781,38,6714
9781,45,7850
9781,46,7993
9781,50,8630
9781,54,9272
9781,54,9297
9781,58,9926
9781,59,10065
9781,65,10970
9781,65,10992
9781,65,11000
9781,66,11133
9781,67,11273
9781,67,11279
9781,91,15209
9781,92,15385
9781,120,19585
9781,128,20839
9780,3,404
9780,8,1241
9780,18,2797
9780,22,3445
9780,31,4808
9780,33,5081
9780,35,5393
9780,35,5403
9780,48,7358
9780,50,7660
9780,51,7821
9780,52,8005
9780,55,8447
9780,55,8448
9780,55,8457
9780,55,8470
9780,56,8604
9780,56,8606
9780,64,9814
9780,64,9815
9780,75,11478
9780,82,12587
9780,95,14582
9780,97,14893
9780,98,15078
9780,113,17391
9781,5,1498
9781,6,1664
9781,12,2577
9781,13,2741
9781,24,4504
9781,26,4778
9781,26,4782
9781,27,4999
9781,35,6215
9781,36,6349
9781,37,6514
9781,57,9788
9781,63,10687
9781,87,14538
9781,89,14857
9781,89,14858
9781,96,15862
9781,103,16997
9781,109,17945
9781,109,17951
9781,109,17974
9781,111,18262
9781,112,18441
9781,124,20209
9781,127,20677
