run,subrun,event
8675,95,9908
8675,110,11580
8675,110,11595
8675,130,13825
8675,135,14423
8675,145,15659
8675,165,18089
8675,165,18112
8675,169,18571
8675,170,18734
8675,172,18973
8675,202,22695
8675,220,24906
8675,226,25652
8675,232,26477
8675,393,39223
8675,429,41722
8766,14,1760
8766,89,11279
8675,89,9344
8675,119,12389
8675,174,19207
8675,177,19616
8675,189,21084
8675,197,22149
8675,230,26178
8675,238,27147
8675,238,27165
8675,279,31410
8766,30,3824
8766,31,3988
8766,37,4757
8766,103,12851
8766,142,17842
8675,129,13724
8675,185,20620
8675,185,20634
8675,218,24688
8675,255,29250
8675,255,29287
8675,435,42200
8675,435,42207
8766,139,17424
8766,146,18348
8766,165,20624
8766,186,23136
8766,197,24437
8766,200,24789
8766,216,26697
8766,232,28563
8766,254,31326
8766,260,32071
8766,358,45217
8675,257,29517
8675,260,29928
8675,349,35965
8675,368,37364
8675,430,41772
8766,82,10342
8766,90,11409
8766,106,13261
8766,177,22035
8766,198,24570
8766,225,27712
8766,265,32691
8766,278,34385
8766,283,35020
8766,290,35999
8766,302,37696
8766,303,37841
8766,340,42586
8766,346,43443
8766,357,45052
8675,243,27806
8675,425,41438
8675,428,41613
8675,443,42784
8766,88,11162
8766,119,14835
8766,154,19304
8766,154,19324
8766,220,27127
8766,236,29058
8766,270,33335
8766,270,33358
8766,277,34249
8766,284,35165
8766,323,40279
8766,335,41900
8766,350,44048
8590,8,811
8590,21,1993
8675,283,31646
8758,309,34058
8758,309,34068
8758,367,41166
8758,380,42662
8758,418,47199
8766,286,35446
8766,294,36575
8766,306,38201
8766,306,38214
8766,329,41087
8766,342,42843
8590,15,1504
8590,56,5156
8590,82,7663
8590,111,10479
8590,123,11537
8590,128,12033
8590,130,12226
8590,147,13906
8590,156,14835
8590,168,16015
8758,272,29261
8758,342,38151
8758,360,40333
8758,379,42563
8758,391,43874
8758,396,44506
8758,409,46123
8722,7,860
8722,24,3229
8722,34,4709
8722,59,8501
8722,79,11465
8722,81,11771
8722,98,14033
8722,112,16050
8722,112,16076
8726,7,862
8726,7,863
8733,23,2752
8733,50,5590
8733,51,5692
8722,4,427
8722,4,467
8722,21,2817
8733,103,11198
8630,10,608
8630,19,1212
8630,38,2494
8630,40,2613
8630,51,3410
8630,52,3470
8630,133,8988
8632,9,655
8632,67,5388
8722,65,9329
8722,73,10540
8722,73,10562
8722,109,15584
8737,34,3365
8737,71,7219
8737,131,13445
8560,23,973
8560,41,1759
8560,69,2911
8560,128,5363
8560,160,6768
8560,164,6949
8630,29,1848
8630,59,3909
8630,189,12868
8630,213,14506
8632,22,1726
8632,31,2453
8632,51,4050
8632,76,6216
8632,133,11350
8632,154,12734
8722,1,16
8722,18,2392
8722,58,8294
8722,58,8298
8722,63,9043
8722,93,13357
8737,14,1352
8737,14,1376
8737,28,2758
8737,125,12846
8599,12,1205
8599,33,3236
8599,46,4442
8599,62,5930
8599,86,8110
8680,5,564
8680,5,605
8680,9,1086
8680,11,1353
8680,12,1524
8680,12,1543
8680,14,1778
8680,17,2192
8680,19,2390
8680,26,3345
8680,26,3352
8680,26,3388
8680,26,3389
8680,34,4307
8725,24,2964
8725,30,3909
8725,31,4018
8725,43,5594
8725,45,5896
8725,65,8682
8725,67,8993
8725,67,8996
8725,67,9014
8725,72,9494
8725,96,12988
8725,100,13596
8599,28,2727
8599,47,4523
8599,47,4534
8599,47,4542
8599,53,5102
8599,58,5569
8599,59,5682
8599,67,6390
8599,88,8291
8725,4,609
8725,6,864
8725,6,887
8725,7,974
8725,9,1248
8725,9,1303
8725,10,1454
8725,12,1703
8725,12,1734
8725,27,3432
8725,32,4207
8725,39,5159
8725,46,6042
8725,56,7449
8725,56,7454
8725,60,8022
8725,61,8195
8725,64,8589
8725,92,12405
8725,92,12419
8725,93,12524
8725,58,7727
8725,74,9749
8725,75,9912
8725,98,13280
8725,99,13419
8733,7,1215
8733,68,7467
8733,74,8116
8733,105,11387
8726,23,2388
8733,29,3346
8733,58,6424
8733,69,7555
8733,89,9773
8733,110,11880
8560,43,1871
8560,162,6838
8560,221,9491
8560,227,9793
8630,32,2053
8630,47,3129
8630,55,3657
8630,72,4832
8630,88,5975
8630,216,14707
8632,11,848
8632,17,1336
8632,169,13788
8722,14,1844
8722,14,1850
8722,36,5033
8722,36,5054
8722,69,9999
8722,69,10003
8722,69,10009
8722,90,12914
8722,102,14608
8722,107,15341
8737,18,1765
8737,72,7308
8560,135,5654
8560,140,5855
8560,173,7349
8560,202,8665
8560,247,10747
8560,276,12101
8560,276,12117
8630,16,1008
8630,31,1992
8630,79,5317
8630,119,8078
8630,124,8384
8630,184,12532
8630,218,14847
8632,30,2363
8632,50,3979
8632,126,10710
8632,126,10719
8632,171,14042
8722,16,2093
8722,16,2101
8722,41,5744
8722,41,5747
8722,57,8136
8722,68,9804
8722,68,9808
8722,68,9845
8722,76,11042
8722,95,13616
8722,101,14457
8737,143,14643
8737,143,14659
9488,14,1047
9488,17,1267
9488,26,1983
9488,34,2636
9488,36,2776
9488,40,3125
9488,44,3499
9488,49,3887
9488,54,4291
9488,57,4511
9488,57,4544
9488,64,5085
9488,68,5391
9488,74,5910
9488,75,5967
9488,90,7178
9488,92,7335
9488,102,8204
9488,102,8234
9488,111,8965
9488,138,11217
9488,139,11309
9488,140,11413
9488,145,11774
9488,151,12260
9488,155,12579
9488,158,12820
9488,158,12826
9488,167,13537
9488,169,13687
9488,186,14978
9488,193,15485
9488,202,16200
9488,213,16936
9488,213,16945
9488,214,17024
9488,220,17458
9488,220,17467
9488,227,18033
9488,263,20855
9488,280,22150
9488,280,22151
9488,299,23657
9488,336,26344
9488,5,372
9488,25,1920
9488,29,2222
9488,37,2846
9488,38,2951
9488,56,4430
9488,89,7105
9488,89,7131
9488,89,7136
9488,107,8648
9488,128,10449
9488,137,11142
9488,141,11453
9488,153,12447
9488,156,12673
9488,174,14023
9488,174,14040
9488,174,14057
9488,182,14656
9488,190,15283
9488,197,15794
9488,208,16579
9488,208,16590
9488,209,16637
9488,209,16641
9488,211,16790
9488,215,17077
9488,215,17112
9488,218,17291
9488,243,19356
9488,249,19777
9488,261,20671
9488,265,21006
9488,279,22072
9488,283,22370
9488,284,22419
9488,291,23025
9488,291,23027
9488,294,23248
9488,310,24450
9488,321,25385
9486,23,2025
9486,41,3417
9486,41,3433
9486,41,3440
9486,65,5314
9486,77,6143
9486,87,6924
9486,88,6998
9486,111,8803
9486,158,12090
9489,7,483
9489,7,486
9489,18,1286
9489,26,1901
9489,62,3920
9489,67,4295
9489,77,5042
9489,87,5791
9489,88,5844
9489,92,6145
9489,92,6167
9489,107,7321
9489,114,7850
9489,114,7851
9489,114,7870
9489,121,8218
9489,152,10245
9489,171,11459
9489,217,14405
9489,217,14427
9489,225,14905
9489,225,14909
9489,268,17602
9486,21,1825
9486,21,1865
9486,53,4388
9486,53,4405
9486,80,6421
9486,112,8889
9489,4,227
9489,4,230
9489,6,376
9489,9,665
9489,21,1497
9489,27,1971
9489,27,1978
9489,79,5184
9489,143,9606
9489,145,9756
9489,158,10615
9489,183,12141
9489,189,12542
9489,194,12861
9489,194,12867
9489,199,13191
9489,241,15938
9489,254,16742
9489,261,17172
9489,261,17182
9489,266,17480
9489,283,18521
9481,235,18189
9481,241,18691
9481,249,19363
9481,249,19409
9481,249,19418
9481,253,19752
9481,276,21671
9481,306,24205
9481,326,25910
9481,326,25936
9481,333,26530
9481,350,28004
9481,372,29863
9481,387,31175
9481,392,31667
9481,393,31767
9481,401,32389
9481,421,34144
9481,428,34697
9481,428,34701
9481,428,34740
9481,437,35501
9481,455,36964
9481,460,37354
9489,10,755
9489,15,1115
9489,25,1803
9489,46,2769
9489,48,2901
9489,78,5102
9489,90,6034
9489,95,6392
9489,95,6410
9489,106,7259
9489,110,7541
9489,110,7562
9489,116,8004
9489,150,10111
9489,170,11417
9489,174,11657
9490,2,78
9490,3,146
9490,4,184
9490,5,278
9490,6,318
9490,7,393
9490,8,462
9490,8,475
9490,10,596
9490,10,606
9481,3,193
9481,3,208
9481,11,827
9481,15,1111
9481,24,1816
9481,74,5176
9481,79,5615
9481,92,6556
9481,123,8904
9481,128,9298
9481,158,11837
9481,170,12842
9481,178,13465
9481,178,13473
9481,186,14160
9481,186,14186
9481,189,14402
9481,190,14478
9481,192,14585
9481,198,15099
9481,198,15126
9481,224,17229
9481,244,18949
9481,246,19098
9481,246,19124
9481,262,20458
9481,269,21092
9481,269,21108
9481,283,22222
9481,294,23186
9481,329,26173
9481,334,26612
9481,340,27145
9481,340,27147
9481,356,28566
9481,366,29399
9481,368,29544
9481,368,29560
9481,368,29570
9481,379,30516
9481,388,31251
9481,388,31261
9481,403,32623
9481,408,33070
9481,410,33219
9481,413,33444
9481,423,34285
9481,432,35047
9481,434,35237
9481,438,35576
9481,456,37050
9481,471,38369
9486,225,17436
9486,229,17729
9486,249,19381
9486,268,20940
9486,273,21335
9486,273,21381
9486,289,22588
9486,296,23167
9488,1,39
9488,18,1362
9488,20,1521
9488,27,2036
9488,28,2134
9488,31,2375
9488,31,2384
9488,53,4202
9488,59,4686
9488,59,4694
9488,66,5255
9488,73,5823
9488,86,6882
9488,98,7872
9488,98,7885
9488,98,7899
9488,104,8367
9488,126,10287
9488,126,10290
9488,130,10583
9488,168,13621
9488,170,13749
9488,177,14286
9488,180,14485
9488,189,15191
9488,194,15546
9488,198,15879
9488,198,15914
9488,201,16119
9488,212,16883
9488,212,16891
9488,245,19496
9488,288,22765
9488,298,23556
9488,324,25615
9486,81,6486
9486,90,7159
9486,90,7164
9486,99,7853
9486,109,8651
9486,109,8660
9486,133,10043
9486,138,10485
9486,138,10517
9486,174,13271
9486,180,13705
9486,181,13801
9486,181,13803
9486,185,14084
9486,203,15539
9486,203,15545
9486,203,15557
9486,207,15887
9486,207,15897
9486,209,16025
9486,210,16115
9486,211,16245
9486,213,16400
9486,226,17516
9486,231,17908
9486,232,17981
9486,233,18064
9486,234,18137
9486,247,19246
9486,258,20162
9486,269,21048
9486,270,21117
9486,271,21209
9486,275,21474
9486,276,21559
9486,280,21864
9486,281,21931
9486,282,22031
9486,293,22914
9486,293,22931
9486,298,23300
9486,299,23388
9486,2,264
9486,6,587
9486,8,738
9486,11,976
9486,25,2214
9486,31,2728
9486,32,2810
9486,39,3290
9486,39,3297
9486,39,3299
9486,47,3899
9486,57,4718
9486,64,5198
9486,64,5205
9486,64,5230
9486,78,6221
9486,78,6245
9486,107,8460
9486,155,11841
9486,169,12868
9486,177,13498
9486,200,15230
9486,212,16317
9486,220,17021
9486,230,17789
9486,254,19836
9486,262,20477
9486,266,20792
9486,284,22160
9486,294,22972
9486,295,23075
9486,300,23457
9486,22,1938
9486,35,2980
9486,61,4956
9486,98,7784
9486,98,7788
9486,118,9274
9486,118,9276
9486,120,9414
9486,134,10135
9486,147,11216
9489,12,873
9489,12,896
9489,23,1652
9489,28,2024
9489,28,2026
9489,28,2049
9489,28,2052
9489,66,4176
9489,83,5501
9489,93,6235
9489,93,6260
9489,97,6553
9489,97,6575
9489,100,6810
9489,115,7918
9489,122,8289
9489,122,8305
9489,136,9197
9489,149,10035
9489,151,10164
9489,157,10555
9489,161,10812
9489,177,11835
9489,197,13072
9489,221,14664
9489,232,15343
9489,238,15760
9489,257,16927
9489,258,16987
9489,285,18633
9489,285,18643
8591,197,19250
8591,199,19438
8591,215,21006
8591,238,23227
8591,272,26641
8591,272,26648
8591,298,29081
8591,301,29372
8591,331,32152
8605,154,14015
8605,210,19042
8591,247,24120
8591,257,25113
8591,304,29652
8591,315,30654
8591,315,30673
8591,315,30675
8591,335,32502
8605,218,19763
8605,258,23401
8605,274,24914
8605,306,27679
8605,19,1887
8605,23,2257
8605,45,4217
8605,84,7874
8605,127,11592
8605,134,12228
8605,140,12801
8605,242,21923
8605,301,27270
8605,314,28403
8605,351,31622
8605,368,33111
8605,385,34565
8605,388,34807
8605,411,36846
8605,330,29764
8605,334,30097
8605,347,31278
8605,378,33985
8605,397,35636
8605,408,36643
8605,425,38089
8605,430,38602
8605,447,40174
8605,458,41235
8605,462,41557
8591,10,798
8591,18,1620
8591,23,2153
8591,60,5749
8591,63,6021
8591,116,11290
8591,192,18758
8591,218,21326
8591,219,21442
8606,239,22382
8606,251,23515
8606,260,24403
8606,266,24952
8606,267,25050
8606,280,26219
8606,284,26594
8606,285,26670
8606,296,27658
8606,305,28453
8606,334,31007
8606,337,31286
8606,337,31294
8606,341,31687
8606,345,32074
8606,346,32161
8591,20,1822
8591,50,4790
8591,61,5814
8591,64,6124
8591,72,6893
8591,83,7948
8591,90,8651
8591,95,9156
8591,103,9975
8591,139,13564
8591,142,13879
8591,187,18291
8591,189,18462
8591,227,22211
8591,293,28600
8591,307,29933
8591,321,31224
8591,11,894
8591,36,3430
8591,82,7864
8591,239,23341
8591,248,24202
8591,282,27579
8591,289,28222
8591,332,32239
8591,350,33858
8605,41,3822
8605,63,5832
8605,81,7603
8605,98,9124
8605,108,9975
8605,173,15732
8605,196,17798
8591,12,995
8591,205,20024
8591,240,23449
8591,244,23824
8591,278,27171
8591,284,27733
8591,287,28030
8591,313,30478
8591,333,32336
9436,67,4682
9436,67,4691
9436,67,4694
9436,77,5979
9436,82,6446
9436,84,6730
9436,84,6746
9436,119,11339
9436,124,11998
9436,125,12121
9436,134,13307
9436,135,13432
9436,136,13595
9436,136,13597
9436,141,14116
9436,141,14124
9436,141,14138
9436,141,14158
9436,147,14962
9436,162,16945
9436,162,16964
9436,162,16971
9436,167,17675
9436,172,18427
9436,173,18506
9436,173,18510
9436,173,18527
9436,176,18949
9436,179,19378
9436,183,20028
9436,185,20273
9436,185,20299
9436,188,20752
9436,188,20794
9436,192,21336
9437,1,21
9437,1,61
9437,2,179
9437,2,229
9437,2,247
9437,3,344
9437,3,348
9437,3,406
9437,4,492
9437,7,1010
9437,9,1230
9437,9,1233
9437,9,1267
9437,10,1401
9437,11,1617
9436,69,4845
9436,73,5378
9436,74,5512
9436,74,5577
9436,80,6147
9436,81,6336
9436,83,6611
9436,83,6633
9436,85,6895
9436,86,7079
9436,121,11598
9436,123,11857
9436,123,11916
9436,128,12498
9436,131,12934
9436,132,13079
9436,137,13677
9436,138,13836
9436,143,14405
9436,145,14706
9436,145,14708
9436,148,15125
9436,152,15607
9436,153,15795
9436,156,16153
9436,156,16196
9436,156,16199
9436,159,16552
9436,160,16726
9436,161,16831
9436,168,17793
9436,168,17805
9436,175,18844
9436,177,19101
9436,177,19151
9436,177,19166
9436,181,19676
9436,181,19701
9436,181,19710
9436,189,20908
9436,190,21084
9436,191,21188
9533,2,156
9533,12,871
9533,13,936
9533,15,1085
9533,17,1192
9533,17,1212
9533,25,1749
9533,25,1752
9533,26,1813
9533,32,2274
9533,45,3199
9533,48,3408
9533,50,3526
9533,50,3537
9533,54,3837
9533,57,4062
9533,74,5336
9533,95,6795
9533,96,6875
9533,97,6947
9533,116,8288
9533,130,9347
9533,132,9494
9533,134,9646
9533,161,11581
9533,171,12316
9533,20,1401
9533,29,2051
9533,33,2334
9533,58,4127
9533,58,4140
9533,70,5002
9533,70,5030
9533,82,5918
9533,82,5935
9533,101,7270
9533,113,8082
9533,113,8094
9533,113,8100
9533,121,8660
9533,140,10064
9533,140,10073
9533,158,11359
9533,166,11968
9533,172,12389
9533,174,12548
9533,174,12562
9533,179,12835
9783,2,246
9783,6,838
9783,8,1133
9783,18,2718
9783,19,2850
9783,21,3173
9783,23,3486
9783,26,3946
9783,27,4068
9783,27,4074
9783,27,4119
9783,28,4265
9783,30,4602
9783,37,5653
9783,38,5814
9783,38,5815
9783,42,6436
9788,6,434
9788,11,878
9788,11,897
9788,61,4229
9788,69,4937
9788,69,4944
9788,72,5235
9788,73,5323
9788,77,5649
9788,98,7503
9788,124,9980
9788,136,11189
9788,138,11374
9788,147,12272
9788,153,12856
9788,155,13051
9788,169,14476
9788,171,14637
9788,202,17771
9788,202,17792
9788,256,22519
9788,258,22697
9788,266,23333
9788,266,23345
9788,268,23513
9788,270,23702
9788,275,24144
9788,275,24164
9788,276,24257
9788,278,24438
9788,278,24441
9788,279,24509
9788,282,24722
9788,283,24820
9788,288,25253
9788,291,25535
9788,295,25870
9788,299,26200
9788,310,27127
9762,2,984
9762,7,1571
9762,7,1589
9762,14,2407
9762,22,3291
9762,38,4783
9762,40,4989
9762,40,4999
9762,45,5275
9762,45,5287
9762,50,5809
9762,55,6360
9762,78,8732
9762,81,9014
9762,89,9687
9762,105,11062
9762,109,11444
9762,113,11766
9762,150,14470
9762,160,15404
9762,167,15993
9762,176,16785
9762,179,17020
9762,202,19100
9762,213,20068
9762,223,20994
9762,248,23197
9762,253,23588
9762,267,24791
9788,262,23012
9788,273,23935
9788,292,25582
9788,298,26122
9788,308,26948
9788,311,27203
9788,311,27215
9780,111,17057
9781,86,14372
9781,107,17638
9781,113,18579
9781,126,20497
9781,131,21256
9781,132,21448
9788,1,26
9788,2,94
9788,4,276
9788,19,1614
9788,25,2107
9788,26,2203
9788,26,2211
9788,75,5479
9788,85,6323
9788,88,6586
9788,88,6604
9788,88,6615
9788,94,7132
9788,102,7851
9788,123,9845
9788,127,10248
9788,127,10276
9788,128,10376
9788,133,10854
9788,133,10858
9788,139,11495
9788,151,12677
9788,157,13260
9788,161,13635
9788,167,14242
9788,174,14967
9788,176,15208
9788,188,16447
9788,193,16910
9788,195,17125
9788,198,17408
9788,198,17428
9788,219,19477
9788,220,19536
9788,9,693
9788,12,958
9788,13,1063
9788,16,1316
9788,60,4162
9788,70,5048
9788,71,5146
9788,78,5742
9788,80,5883
9788,87,6497
9788,92,6933
9788,93,7032
9788,101,7781
9788,117,9302
9788,129,10476
9788,140,11590
9788,140,11606
9788,143,11907
9788,143,11909
9788,154,12938
9788,156,13161
9788,159,13444
9788,168,14364
9788,170,14540
9788,173,14886
9788,175,15117
9788,185,16093
9788,185,16103
9788,186,16228
9788,205,18091
9788,205,18124
9788,206,18198
9788,208,18401
9788,212,18790
9788,213,18905
9788,215,19082
9788,223,19822
9788,223,19836
9788,224,19935
9788,238,21020
9788,239,21106
9788,251,22142
9788,251,22144
9788,254,22342
9762,20,3104
9762,32,4257
9762,51,5924
9762,51,5939
9762,82,9091
9762,92,9982
9762,102,10753
9762,120,12415
9762,120,12440
9762,149,14365
9762,161,15475
9762,172,16439
9762,194,18387
9762,197,18653
9762,200,18910
9762,200,18919
9762,209,19724
9762,215,20258
9762,215,20270
9762,237,22249
9762,250,23335
9762,251,23421
9762,254,23671
9762,254,23675
9762,264,24524
9762,265,24598
9762,278,25803
9762,279,25850
9762,289,26618
9762,290,26713
9762,292,26885
9762,311,28411
9762,330,29959
9762,330,29962
9762,359,32286
9762,363,32673
9762,378,33979
9762,381,34235
9762,381,34251
9762,408,36356
9762,425,37488
9762,429,37828
9762,429,37856
9762,435,38400
9762,437,38578
9762,457,40332
9762,466,41114
9518,2,114
9518,4,298
9518,7,562
9518,26,2365
9518,30,2754
9518,34,3107
9518,35,3188
9518,40,3606
9533,14,1019
9533,19,1327
9533,19,1330
9533,19,1336
9533,35,2464
9533,39,2773
9533,59,4212
9533,59,4216
9533,66,4697
9533,86,6194
9533,91,6526
9533,91,6529
9533,104,7480
9533,104,7483
9762,339,30646
9762,374,33636
9762,387,34700
9762,387,34701
9762,389,34850
9762,397,35586
9762,402,35917
9762,404,36100
9762,409,36404
9762,409,36407
9762,424,37388
9762,428,37756
9762,432,38122
9762,440,38864
9762,442,39002
9762,446,39366
9762,452,39902
9762,452,39931
9762,461,40697
9762,462,40743
9762,462,40758
9762,463,40837
9762,468,41321
9762,18,2822
9762,30,4045
9762,30,4054
9762,49,5692
9762,49,5701
9762,56,6467
9762,94,10121
9762,110,11539
9762,110,11561
9762,114,11854
9762,121,12490
9762,141,13609
9762,141,13642
9762,155,14911
9762,155,14923
9762,155,14929
9762,157,15102
9762,158,15186
9762,163,15649
9762,164,15756
9762,169,16175
9762,171,16351
9762,174,16597
9762,174,16610
9762,175,16719
9762,182,17310
9762,185,17566
9762,203,19216
9762,203,19234
9762,207,19503
9762,220,20695
9762,220,20724
9762,225,21155
9762,230,21623
9762,233,21902
9762,243,22753
9762,243,22757
9762,255,23770
9762,256,23825
9762,256,23832
9762,256,23857
9762,262,24316
9762,262,24331
9762,274,25420
9762,287,26470
9762,287,26471
9762,340,30708
9762,342,30908
9762,4,1262
9762,11,2053
9762,11,2066
9762,17,2724
9762,21,3164
9762,77,8614
9762,83,9203
9762,147,14200
9762,151,14541
9762,165,15805
9762,170,16239
9762,184,17484
9762,189,17951
9762,189,17973
9762,193,18302
9762,193,18327
9762,201,19041
9762,206,19401
9762,210,19816
9762,218,20538
9762,232,21823
9762,239,22398
9762,249,23276
9762,261,24268
9762,261,24271
9762,266,24675
9762,266,24690
9762,271,25176
9762,276,25625
9762,286,26395
9762,312,28483
9762,328,29792
9762,362,32547
9762,372,33449
9762,398,35635
9762,399,35721
9762,399,35740
9762,421,37171
9762,422,37215
9762,443,39108
9762,450,39754
9762,453,39978
9762,453,39993
9762,454,40077
9762,454,40095
8682,47,3734
8682,84,6148
8682,91,6720
8682,113,8659
8682,139,10747
8682,139,10748
8682,168,13310
8682,168,13344
8682,182,14525
8682,182,14553
8682,182,14557
8682,182,14559
8682,226,18121
8682,256,20914
8682,256,20939
8682,293,23754
8682,293,23793
8682,293,23794
8682,305,24813
8682,314,25545
8682,315,25651
8682,316,25711
8682,316,25720
8682,330,26889
8682,330,26898
8682,336,27563
8682,340,27980
8682,344,28297
8682,369,30871
8682,373,31265
8682,438,38563
8682,480,43192
8682,480,43236
8739,245,23466
8739,273,26233
8739,345,33303
8739,378,36373
8740,66,6453
8740,82,8057
8740,104,10096
8682,2,91
8682,2,112
8682,46,3637
8682,127,9769
8682,134,10342
8682,153,11957
8682,161,12722
8682,161,12735
8682,169,13424
8682,180,14397
8682,184,14686
8682,184,14696
8682,217,17352
8682,230,18841
8682,233,19079
8682,242,19784
8682,242,19824
8682,252,20614
8682,287,23258
8682,302,24529
8682,306,24909
8682,313,25456
8682,332,27138
8682,370,30945
8682,403,34698
8682,463,41370
8682,471,42208
8739,121,11570
8739,392,37622
8682,24,1948
8682,45,3562
8682,45,3573
8682,56,4322
8682,57,4391
8682,64,4809
8682,74,5414
8682,81,5895
8682,109,8338
8682,112,8576
8682,112,8577
8682,123,9461
8682,149,11562
8682,154,12069
8682,173,13803
8682,209,16675
8682,258,21100
8682,265,21590
8682,265,21601
8682,265,21625
8682,298,24190
8682,319,25999
8682,351,29050
8682,367,30631
8682,378,31798
8682,378,31808
8682,398,34166
8682,475,42676
8739,67,6364
8682,27,2172
8682,27,2182
8682,27,2206
8682,40,3229
8682,118,9026
8682,124,9498
8682,124,9542
8682,157,12283
8682,171,13625
8682,198,15779
8682,198,15802
8682,206,16469
8682,260,21220
8682,308,25114
8682,320,26030
8682,363,30161
8682,363,30162
8682,407,35173
8682,416,36088
8682,416,36118
8682,473,42411
8739,150,14316
8739,157,15023
8739,268,25740
8739,274,26356
8739,316,30593
8739,369,35537
8739,370,35615
8682,3,190
8682,42,3357
8682,70,5174
8682,95,7062
8682,101,7595
8682,114,8735
8682,259,21196
8682,263,21459
8682,283,22969
8682,309,25150
8682,353,29242
8682,395,33765
8682,395,33774
8682,401,34485
8682,404,34863
8682,429,37522
8682,443,39115
8682,466,41664
8739,359,34593
8682,15,1223
8682,19,1554
8682,105,7944
8682,128,9861
8682,132,10173
8682,132,10174
8682,133,10264
8682,147,11389
8682,162,12787
8682,162,12808
8682,181,14478
8682,221,17658
8685,210,21984
8685,210,22006
8685,263,27659
8685,268,28192
8739,3,485
8739,184,17598
8739,224,21417
8739,235,22423
8739,278,26776
8739,301,29028
8739,379,36471
8682,25,2047
8682,43,3401
8682,43,3419
8682,51,3978
8682,51,4033
8682,104,7884
8682,126,9701
8682,148,11467
8682,155,12137
8682,172,13739
8682,239,19531
8685,207,21668
8685,243,25430
8685,262,27514
8739,73,6922
8739,216,20636
8739,276,26576
8685,9,975
8685,35,3604
8685,100,10640
8685,151,15745
8685,151,15787
8685,151,15802
8685,159,16517
8685,192,20103
8685,205,21494
8685,226,23652
8685,238,24944
8685,238,24960
8685,260,27286
8685,264,27755
8685,269,28317
8685,272,28620
8739,32,3150
8739,107,10275
8739,134,12786
8739,145,13857
8739,156,14924
8739,163,15575
8739,180,17204
8739,221,21114
8739,336,32456
8685,3,297
8685,15,1443
8685,15,1453
8685,24,2409
8685,28,2854
8685,36,3728
8685,39,4039
8685,75,7849
8685,85,8985
8685,85,8991
8685,95,10137
8685,103,10930
8685,117,12327
8685,139,14455
8685,139,14466
8685,148,15463
8685,154,16123
8685,228,23843
8685,239,25021
8738,73,7578
8738,81,8330
8738,284,28696
8738,292,29526
8738,305,30840
8738,320,32334
8738,327,33073
8558,6,169
8558,9,278
8558,9,282
8558,10,297
8559,12,498
8559,14,569
8559,18,757
8559,19,796
8598,3,766
8680,2,190
8680,2,226
8680,4,470
8680,6,746
8680,10,1252
8680,13,1607
8680,13,1631
8680,13,1651
8680,18,2273
8680,20,2514
8680,20,2522
8680,20,2524
8680,21,2645
8680,22,2763
8680,35,4488
8559,20,853
8743,161,16541
8743,198,20006
8743,211,21320
8743,219,22074
8743,242,24405
8743,278,27882
8743,295,29609
8743,298,29878
8743,319,31921
8743,332,33224
8743,336,33649
8743,347,34761
8743,393,39226
8743,404,40339
8743,464,46360
8743,44,5049
8743,58,6430
8743,65,7058
8743,73,7810
8743,75,7991
8743,90,9447
8743,95,9939
8743,112,11616
8743,114,11829
8743,129,13326
8743,181,18477
8743,280,28127
8743,280,28128
8743,337,33746
8743,386,38526
8743,402,40137
8743,405,40447
8652,261,20472
8652,263,20626
8652,263,20631
8652,274,21425
8652,337,26273
8652,351,27373
8652,423,33460
8652,438,34687
8652,439,34792
8652,466,36778
8743,14,1973
8743,30,3608
8743,66,7142
8743,100,10417
8743,104,10827
8743,126,13037
8743,185,18863
8743,191,19369
8743,302,30264
8743,344,34469
8743,55,6149
8743,55,6150
8743,88,9245
8743,120,12429
8743,136,14083
8743,245,24669
8743,329,32921
8743,406,40555
8743,410,41002
8743,414,41375
8743,421,42090
8743,428,42729
8743,433,43229
8743,10,1531
8743,18,2377
8743,29,3504
8743,96,10027
8743,103,10714
8743,115,11919
8743,130,13438
8743,144,14888
8743,184,18751
8743,193,19560
8743,195,19736
8743,223,22468
8743,284,28529
8743,297,29789
8743,300,30052
8743,356,35677
8743,366,36669
8743,366,36670
8743,366,36676
8743,423,42268
8652,135,11224
8652,153,12556
8652,160,13062
8652,162,13201
8652,164,13352
8652,172,14010
8652,176,14318
8652,192,15619
8652,215,17165
8652,224,17856
8652,226,18018
8652,234,18539
8652,244,19243
8652,248,19519
8652,256,20104
8652,258,20236
8652,276,21566
8652,276,21595
8652,278,21715
8652,279,21812
8652,284,22163
8652,292,22798
8652,315,24624
8652,349,27216
8652,369,28633
8652,372,28853
8652,374,28977
8652,400,30799
8652,417,32258
8652,426,33733
8652,452,35614
8652,34,2710
8652,36,2865
8652,38,3020
8652,39,3112
8652,45,3604
8652,47,3769
8652,49,3961
8652,70,5692
8652,71,5761
8652,71,5770
8652,72,5853
8652,91,7241
8652,91,7247
8652,91,7270
8652,131,10826
8658,390,29924
8658,415,31991
8658,466,35359
8652,118,9565
8652,134,11116
8652,140,11580
8652,148,12160
8652,157,12864
8652,166,13519
8652,182,14808
8652,182,14830
8652,182,14832
8652,183,14898
8652,185,15064
8652,235,18611
8652,241,19015
8652,246,19367
8652,253,19891
8652,357,27851
8652,404,31185
8652,419,32421
8652,432,34238
8652,434,34379
8652,460,36269
8652,462,36419
8652,477,37533
8652,120,9758
8652,146,12056
8652,252,19816
8652,282,22019
8652,290,22634
8652,302,23520
8652,308,24032
8652,320,25002
8652,328,25576
8652,334,26053
8652,341,26589
8652,353,27522
8652,392,30182
8652,393,30267
8652,402,30956
8652,408,31495
8652,408,31514
8652,429,33962
8652,435,34489
8652,444,35064
8652,445,35142
8652,445,35143
8652,450,35477
8652,457,36024
8596,5,424
8596,10,909
8596,93,8642
8596,111,10256
8596,116,10712
8596,116,10718
8596,231,21433
8596,231,21440
8596,242,22480
8596,252,23426
8596,253,23519
8596,310,28724
8596,453,41664
8679,321,27916
8679,335,29850
8679,339,30299
8679,340,30431
8679,347,31329
8679,355,32333
8679,364,33400
8679,368,33936
8679,376,34870
8679,378,35095
8679,378,35109
8679,378,35117
8679,382,35563
8679,382,35571
8679,424,40752
8679,439,42602
8679,439,42629
8679,447,43728
8679,457,44892
8679,457,44915
8679,468,46154
8679,480,47694
8596,123,11378
8596,149,13775
8596,172,16026
8596,247,22948
8596,301,27858
8596,304,28126
8596,327,30297
8596,327,30306
8596,334,30936
8596,436,40158
8596,493,45284
8679,291,24396
8679,314,26987
8679,317,27430
8679,329,29022
8679,331,29288
8679,331,29333
8679,344,30915
8679,344,30960
8679,359,32840
8679,366,33628
8679,372,34416
8679,399,37689
8679,399,37695
8679,419,40129
8679,419,40132
8679,425,40848
8679,425,40879
8679,451,44193
8679,462,45594
8596,29,2722
8596,29,2724
8596,31,2891
8596,84,7835
8596,201,18678
8596,235,21836
8596,275,25478
8596,303,28025
8596,388,35822
8596,394,36351
8596,394,36359
8596,420,38707
8596,443,40796
8596,452,41588
8596,468,42982
8596,485,44542
8596,488,44832
8596,492,45173
8596,495,45453
8679,401,37975
8679,421,40371
8679,421,40407
8679,427,41091
8679,427,41102
8679,427,41113
8679,453,44423
8679,456,44738
8679,474,46884
8596,48,4488
8596,49,4579
8596,62,5783
8596,72,6722
8596,199,18501
8596,219,20330
8596,223,20730
8596,234,21754
8596,251,23326
8596,262,24380
8596,288,26696
8596,291,26963
8596,314,29101
8596,337,31242
8596,401,36940
8596,405,37254
8596,410,37727
8596,424,39066
8596,448,41198
8596,463,42548
8596,464,42646
8596,470,43168
8596,490,44993
8679,470,46400
8596,4,317
8596,30,2807
8596,32,2996
8596,76,7098
8596,91,8443
8596,137,12640
8596,158,14637
8596,239,22196
8596,259,24090
8596,299,27663
8596,313,29015
8596,336,31137
8596,354,32770
8596,387,35728
8596,461,42360
8596,500,45901
8596,88,8165
8596,105,9734
8596,180,16775
8596,203,18857
8596,203,18870
8596,355,32857
8596,459,42181
8596,474,43561
8596,487,44713
8649,4,484
8649,6,648
8649,10,1073
9480,8,694
9480,120,8781
9480,129,9496
9480,140,10411
9480,146,10933
9480,168,12833
9480,188,14518
9480,196,15155
9480,202,15671
9482,17,1292
9482,23,1808
9482,34,2757
9482,40,3295
9482,42,3425
9482,42,3459
9482,46,3763
9482,66,5452
9482,92,7712
9482,97,8128
9482,97,8129
9482,108,9092
9482,118,9971
9482,142,12024
9482,155,13168
9482,158,13419
9482,158,13423
9482,169,14332
9482,173,14723
9482,192,16282
9482,192,16297
9482,200,16962
9482,204,17324
9482,268,21312
9482,283,22190
9482,294,22970
9480,126,9238
9480,126,9239
9480,162,12301
9480,184,14199
9480,213,16654
9480,248,19621
9480,263,20912
9480,327,25014
9480,329,25117
9480,356,27205
9480,362,27685
9480,375,28707
9480,380,29157
9480,384,29545
9480,389,29966
9480,394,30412
9480,406,31382
9480,419,32534
9480,430,33219
9480,440,34048
9480,440,34054
9480,464,35934
9480,469,36310
9480,469,36326
9482,4,250
9482,4,253
9482,24,1891
9482,77,6435
9482,77,6440
9482,119,10033
9482,138,11723
9482,148,12544
9482,189,16042
9482,189,16050
9482,197,16723
9482,203,17234
9482,213,17940
9482,222,18546
9482,233,19239
9482,233,19244
9482,264,21053
9482,269,21384
9482,274,21631
9482,300,23433
9485,17,1517
9485,125,9197
9485,131,9660
9485,168,12510
9485,177,13249
9485,177,13271
9485,189,14249
9485,209,15935
9485,220,16828
9485,240,18515
9485,240,18530
9485,251,19469
9485,253,19646
9485,267,20823
9482,62,5141
9482,101,8488
9482,102,8560
9482,102,8571
9482,102,8580
9482,111,9338
9482,124,10514
9482,135,11459
9482,151,12822
9482,156,13252
9482,170,14479
9482,177,15086
9482,183,15557
9482,183,15572
9482,186,15785
9482,186,15798
9482,190,16118
9482,196,16628
9482,228,18922
9482,236,19446
9482,254,20419
9485,11,1061
9485,16,1425
9485,50,3868
9485,54,4124
9485,68,5081
9485,94,6877
9485,95,6939
9485,100,7265
9485,122,8935
9485,137,10131
9485,140,10338
9485,140,10339
9485,159,11798
9485,180,13536
9485,203,15445
9485,248,19265
9485,260,20217
9480,17,1442
9480,21,1757
9480,147,11022
9480,190,14666
9480,199,15407
9480,216,16916
9480,231,18190
9480,252,19954
9480,262,20821
9480,264,20983
9480,275,21875
9480,353,26937
9480,354,27018
9480,354,27035
9480,376,28797
9480,383,29402
9480,392,30201
9480,399,30755
9480,410,31730
9480,414,32108
9480,417,32352
9480,417,32366
9480,436,33724
9480,438,33865
9480,444,34354
9480,448,34629
9480,451,34886
9480,457,35376
9480,128,9392
9480,143,10684
9480,192,14820
9480,197,15219
9480,204,15851
9480,204,15867
9480,227,17842
9480,238,18789
9480,251,19870
9480,259,20538
9480,357,27265
9480,365,27929
9480,372,28509
9480,393,30297
9480,402,31092
9480,411,31846
9480,466,36081
9480,466,36113
9480,472,36561
9480,20,1674
9480,155,11688
9480,229,18026
9480,322,24609
9480,334,25494
9480,335,25582
9480,355,27103
9480,369,28245
9480,371,28427
9480,371,28441
9480,381,29267
9480,387,29778
9480,387,29799
9480,396,30562
9480,401,30982
9480,407,31477
9480,407,31478
9480,407,31518
9480,413,32022
9480,418,32463
9480,420,32657
9480,431,33316
9480,437,33799
9480,437,33819
9480,441,34125
9480,455,35220
9481,14,1014
9481,14,1017
9481,30,2216
9481,71,4938
9481,78,5530
9481,93,6658
9481,112,8019
9481,121,8780
9481,132,9643
9481,135,9923
9481,139,10227
9481,139,10236
9481,150,11132
9481,162,12163
9481,180,13664
9481,227,17491
9481,238,18440
9481,248,19285
9481,251,19564
9481,287,22572
9481,300,23711
9481,331,26326
9481,336,26758
9481,337,26854
9481,337,26876
9481,352,28188
9481,371,29787
9481,414,33535
9481,467,37996
9481,475,38708
9544,222,19223
9544,222,19229
9544,227,19564
9544,235,20046
9544,240,20365
9544,244,20555
9544,262,21679
9544,268,22049
9544,276,22489
9544,298,23849
9544,306,24372
9544,378,28859
9544,384,29281
9544,384,29297
9544,388,29507
9544,400,30282
9544,426,31899
9544,464,34236
9544,474,34851
9544,479,35200
9544,480,35248
9544,335,26181
9544,335,26186
9544,389,29597
9544,446,33096
9544,449,33296
9544,475,34938
9556,2,107
9556,2,124
9556,3,185
9556,6,457
9556,7,502
9557,25,1766
9542,330,23090
9542,344,24163
9542,418,29110
9542,453,31822
9544,2,129
9544,6,464
9544,6,506
9544,11,993
9544,18,1603
9544,21,1845
9544,58,4939
9544,58,4958
9544,98,8485
9544,104,9000
9544,104,9021
9544,104,9029
9544,159,14015
9544,174,15321
9544,174,15351
9544,185,16334
9544,194,17043
9544,205,17976
9544,205,18003
9544,208,18262
9544,241,20418
9544,324,25493
9544,398,30141
9544,410,30905
9542,392,27701
9542,395,27910
9542,436,30488
9542,451,31648
9544,8,653
9544,8,687
9544,48,4182
9544,48,4208
9544,60,5110
9544,60,5129
9544,81,6935
9544,100,8633
9544,103,8919
9544,115,9968
9544,125,10885
9544,140,12198
9544,156,13664
9544,171,15086
9544,184,16259
9544,196,17205
9544,204,17877
9544,204,17887
9544,212,18594
9544,236,20125
9544,256,21295
9544,282,22869
9544,294,23603
9544,318,25117
9544,326,25620
9544,331,25916
9544,341,26580
9544,414,31168
9544,438,32630
9542,1,13
9542,1,32
9542,17,1085
9542,27,1717
9542,35,2231
9542,55,3711
9542,70,4839
9542,71,4929
9542,184,12376
9542,227,15456
9542,232,15871
9542,236,16160
9542,246,16790
9542,250,17145
9542,255,17537
9542,256,17617
9542,258,17780
9542,265,18317
9542,267,18455
9542,273,18903
9542,283,19682
9542,294,20497
9542,301,21015
9542,318,22197
9542,319,22286
9542,323,22579
9542,324,22649
9542,336,23546
9542,340,23871
9542,346,24302
9542,348,24418
9542,361,25411
9542,366,25744
9542,366,25748
9542,69,4768
9542,86,6008
9542,93,6457
9542,120,8254
9542,186,12518
9542,197,13329
9542,209,14173
9542,209,14185
9542,218,14809
9542,247,16868
9542,269,18602
9542,305,21304
9542,331,23177
9542,339,23777
9542,342,23995
9542,350,24607
9542,360,25334
9542,396,27967
9542,396,27976
9542,396,27989
9542,396,27992
9542,419,29170
9542,419,29195
9542,427,29797
9544,7,594
9544,12,1070
9544,29,2498
9544,29,2509
9544,39,3397
9544,59,4999
9544,70,5954
9544,78,6648
9544,87,7457
9544,97,8367
9544,114,9885
9544,119,10314
9544,124,10796
9542,2,77
9542,19,1192
9542,26,1638
9542,42,2708
9542,47,3021
9542,47,3025
9542,50,3275
9542,62,4235
9542,62,4256
9542,68,4672
9542,72,5018
9542,85,5930
9542,108,7488
9542,122,8409
9542,149,10100
9542,163,10989
9542,168,11324
9542,174,11702
9542,205,13883
9542,233,15934
9544,142,12377
9544,167,14713
9544,167,14716
9544,190,16712
9544,201,17616
9544,201,17648
9544,219,19038
9544,230,19734
9542,22,1403
9542,44,2820
9542,44,2835
9542,65,4507
9542,97,6720
9542,104,7193
9542,115,7922
9542,173,11642
9542,173,11643
9542,187,12603
9542,198,13399
9542,213,14441
9546,24,1425
9546,27,1617
9546,27,1620
9546,27,1625
9546,36,2124
9550,7,630
9550,8,709
9550,13,1022
9550,17,1270
9550,45,2894
9550,78,4803
9550,80,4911
9550,81,4980
9542,3,148
9542,3,151
9542,28,1765
9542,28,1783
9542,30,1892
9542,40,2553
9542,241,16453
9542,253,17385
9542,262,18071
9542,278,19286
9542,286,19888
9542,286,19892
9542,300,20929
9542,321,22422
9542,334,23394
9542,347,24358
9542,372,26185
9542,373,26272
9542,393,27769
9542,421,29336
9542,432,30186
9542,432,30195
9544,5,396
9544,5,408
9544,10,841
9544,10,865
9544,10,879
9544,26,2274
9544,31,2716
9544,53,4530
9544,53,4533
9544,57,4817
9544,68,5773
9544,68,5775
9544,74,6275
9544,90,7743
9544,99,8566
9544,99,8571
9544,109,9429
9544,122,10599
9544,144,12553
9544,165,14538
9544,170,14952
9544,180,15871
9544,180,15887
9544,191,16789
9544,191,16794
8638,54,5459
8638,471,51349
8667,301,24768
8672,23,2581
8672,139,15891
8675,120,12528
8679,325,28542
8679,383,35691
8679,383,35711
8684,67,8023
8684,67,8061
8684,108,12695
8684,433,47228
8686,231,24118
8686,277,28718
8723,27,4098
8723,27,4116
8723,196,28023
8723,224,31871
8740,108,10466
9481,43,3249
9481,43,3259
9481,141,10374
9481,242,18768
9493,298,22334
9493,298,22341
9508,160,16279
9509,110,9603
9509,110,9632
9509,295,28226
9509,301,28673
9509,413,40007
9509,413,40042
9509,417,40405
9511,189,17580
9511,215,20460
8638,120,12033
8638,134,13521
8638,234,24834
8672,92,10546
8672,115,13201
8675,102,10698
8675,114,11885
8679,403,38196
8679,410,39042
8679,410,39056
8684,76,8988
8684,184,19751
8685,290,30222
8723,250,35533
8723,250,35559
8740,34,3149
9481,175,13240
9481,226,17410
9492,37,2747
9492,37,2766
9508,128,12958
9508,166,16844
9508,177,17905
9509,102,8824
9509,159,14569
9509,205,19204
9509,408,39504
9511,37,3047
9544,108,9364
9544,108,9371
9544,141,12289
9544,141,12297
8638,48,4892
8638,278,29654
8638,278,29679
8638,278,29710
8638,285,30422
8638,417,45251
8667,329,28067
8667,329,28078
8679,61,5351
8679,384,35820
8684,118,13665
8684,353,38382
8686,382,40000
8686,382,40025
8723,165,23683
8723,336,47089
8723,336,47111
9481,444,36112
9508,61,6446
9508,101,10302
9508,209,21150
9513,133,13167
9515,32,2473
9515,45,3661
8638,321,34562
8638,383,41436
8638,480,52359
8638,480,52364
8672,148,16957
8672,157,18009
8675,109,11459
8679,445,43388
8684,151,16883
8684,152,16925
8684,198,21343
8684,247,26762
8710,45,3899
8723,125,18285
9481,95,6806
9481,400,32327
9481,422,34201
9508,90,9224
9508,90,9253
9508,91,9356
9508,91,9369
9508,107,10928
9509,246,23271
9509,246,23281
9509,269,25564
9511,188,17457
9515,58,4810
9535,242,16850
9542,290,20172
9564,82,7258
8638,308,33030
8667,315,26439
8667,315,26471
8672,179,20617
8679,48,4082
8679,387,36197
8679,387,36221
8684,28,3559
8684,137,15676
8684,231,24899
8684,231,24927
8684,336,36610
8684,381,41412
8686,376,39214
8723,216,30717
9481,297,23464
9481,440,35736
9481,472,38434
9508,216,21846
9509,445,43077
9511,2,88
9511,30,2452
9542,212,14365
9564,216,14131
9564,216,14143
9564,216,14168
8607,66,6021
8672,18,2028
8672,89,10223
8675,28,3136
8675,28,3186
8675,46,5142
8679,39,3124
8679,39,3145
8679,39,3149
8679,41,3342
8679,154,12378
8679,215,17634
8679,319,27675
8679,319,27694
8679,319,27701
8684,36,4492
8684,449,49078
8685,114,11987
8685,147,15374
8686,52,5289
8686,90,9239
8686,417,43835
8686,417,43871
8723,130,19007
8723,130,19031
8723,324,45490
9481,89,6319
9481,470,38228
9481,470,38235
9492,114,8806
9493,149,11137
9508,8,1394
9508,196,19765
9509,60,4920
9509,164,15093
9509,248,23475
9509,294,28144
9509,390,37661
9509,434,42089
9511,16,1150
9511,16,1176
9511,178,16395
9511,182,16834
9542,327,22867
9564,55,4900
9564,72,6403
8638,271,28975
8638,271,29000
8638,339,36388
8638,412,44685
8638,413,44782
8638,428,46531
8638,428,46562
8638,444,48138
8675,239,27323
8679,159,12768
8679,274,23060
8679,274,23081
8679,443,43170
8684,307,33454
8710,136,13535
8723,12,1957
8723,88,12908
8723,272,38698
8740,50,4742
8740,50,4747
9481,436,35396
9492,90,6952
9492,90,6958
9493,219,16461
9493,219,16471
9508,22,2770
9508,142,14361
9509,13,1304
9509,160,14647
9509,160,14651
9509,216,20360
9509,266,25282
9509,378,36365
9509,444,42930
9511,69,5979
9513,135,13346
9515,55,4529
9515,55,4548
9535,146,10071
9535,146,10073
9535,229,15958
9535,344,24026
9535,344,24029
9535,407,28489
9542,181,12174
8638,178,18477
8638,259,27635
8638,288,30793
8638,302,32405
8667,276,21860
8675,35,3917
8675,173,19090
8679,68,5917
8679,96,7985
8679,130,10382
8679,130,10399
8679,130,10409
8679,130,10415
8679,268,22439
8684,94,11071
8684,94,11102
8684,112,13085
8684,288,31305
8685,91,9640
8686,123,12696
8723,83,12262
8723,102,15057
8723,291,41411
8723,343,47994
8723,343,48017
8723,343,48033
8740,245,24155
9493,28,2260
9508,117,11769
9509,171,15792
9509,171,15800
9509,171,15814
9509,376,36204
9509,423,41015
9535,104,7216
9564,257,17560
8638,131,13179
8638,232,24646
8638,273,29203
8638,394,42606
8672,31,3564
8672,31,3573
8675,32,3589
8679,360,32930
8679,360,32943
8679,375,34743
8679,404,38353
8681,387,31642
8685,225,23516
8685,225,23545
8723,347,48619
8740,57,5519
8740,130,12633
8740,169,16353
9481,130,9464
9481,184,14007
9481,405,32765
9481,405,32792
9492,63,4846
9508,120,12089
9508,184,18554
9508,184,18574
9508,215,21749
9508,215,21754
9509,105,9119
9509,244,23086
9509,389,37583
9509,448,43337
9509,448,43339
9511,100,8753
9511,121,10737
9511,121,10769
9514,143,11194
9514,143,11208
9514,194,14853
9564,304,21548
9564,371,27356
8667,257,20064
8684,6,1047
8684,133,15208
8684,133,15246
8684,239,25799
8685,63,6563
8685,63,6582
8686,199,20589
8723,26,3980
8723,103,15195
8723,114,16738
8723,170,24352
8723,170,24379
8723,179,25514
8723,179,25531
8740,164,15829
9481,250,19459
9481,419,33943
9509,55,4386
9509,55,4392
9509,218,20558
9509,387,37374
9513,141,13930
9513,141,13943
9535,56,3864
9535,56,3877
9535,170,11713
9564,34,3099
9564,34,3108
9538,12,998
9538,16,1216
9538,23,1694
9538,24,1761
9538,26,1878
9538,40,2814
9538,48,3343
9538,58,3956
9538,58,3961
9538,61,4133
9538,65,4403
9541,6,641
9541,51,3688
9541,74,5205
9541,78,5467
9541,108,7443
9541,120,8213
9541,128,8720
9541,130,8853
9517,10,855
9517,16,1369
9517,47,4131
9517,84,7206
9517,88,7535
9517,113,9704
9517,113,9724
9517,132,11440
9517,138,11977
9517,146,12581
9517,171,14590
9517,200,17126
9517,210,17860
9517,215,18354
9517,225,19188
9517,225,19197
9517,233,19905
9517,242,20640
9517,242,20653
9517,248,21174
9517,252,21555
9517,254,21729
9517,265,22579
9517,265,22586
9517,272,23166
9517,278,23672
9517,278,23683
9517,278,23714
9517,278,23715
9517,287,24341
9517,295,25096
9517,300,25512
9517,300,25514
9517,307,26088
9517,351,29849
9517,351,29864
9517,356,30269
9517,368,31286
9517,368,31302
9517,378,32141
9517,383,32558
9517,383,32571
9517,385,32793
9517,388,33036
9517,388,33052
9517,390,33247
9517,392,33406
9517,392,33415
9517,398,33959
9517,400,34111
9517,403,34389
9517,412,35197
9517,412,35225
9538,18,1352
9538,46,3212
9538,59,4025
9517,11,937
9517,21,1848
9517,27,2392
9517,48,4206
9517,52,4500
9517,66,5684
9517,69,5992
9517,74,6402
9517,74,6416
9517,74,6418
9517,82,6994
9517,82,6996
9517,82,7010
9517,82,7017
9517,89,7630
9517,105,9017
9517,127,10941
9517,127,10943
9517,127,10984
9517,173,14758
9517,212,18105
9517,227,19367
9517,231,19753
9517,239,20383
9517,241,20556
9517,255,21874
9517,261,22288
9517,269,22929
9517,271,23085
9517,271,23101
9517,277,23585
9517,277,23618
9517,304,25833
9517,306,25984
9517,315,26852
9517,326,27741
9517,333,28302
9517,341,28930
9517,341,28940
9517,344,29229
9517,365,31005
9517,377,32047
9517,387,32959
9517,402,34287
9517,402,34328
9517,409,34906
9517,409,34913
8638,182,18912
8638,395,42766
8675,70,7289
8675,167,18356
8675,237,27018
8684,476,52260
8684,480,52743
8685,109,11642
8685,124,13069
8723,81,11999
8740,384,38705
8766,36,4626
9481,4,274
9481,4,275
9492,34,2532
9493,185,13878
9508,220,22270
9509,47,3556
9509,47,3572
9509,81,6971
9509,81,6975
9511,61,5230
9515,10,609
9515,10,628
9535,442,30764
9542,317,22107
9542,317,22130
9544,34,2959
9544,34,2985
8638,115,11514
8638,129,12918
8638,379,40911
8667,221,17095
8672,180,20757
8672,180,20766
8672,180,20770
8675,127,13421
8675,127,13474
8675,163,17906
8679,223,18251
8679,452,44272
8681,356,29074
8684,199,21392
8684,199,21409
8684,199,21435
8684,301,32807
8684,438,47843
8684,438,47847
8684,438,47866
8685,106,11285
8723,90,13240
8723,90,13253
8723,90,13263
8723,208,29531
8723,292,41545
9481,125,9052
9481,277,21712
9492,10,685
9492,91,7042
9508,40,4475
9508,70,7282
9508,70,7294
9508,156,15846
9508,156,15859
9509,425,41253
9511,47,3956
9511,51,4315
9511,51,4319
9511,195,18151
9535,370,25883
9564,212,13771
8638,195,20374
8638,364,39214
8638,364,39266
8638,445,48280
8638,445,48282
8684,22,2948
8686,131,13474
8723,140,20391
8723,338,47360
8723,338,47387
9481,254,19844
9481,452,36744
9493,191,14320
9509,119,10511
9509,119,10540
9509,170,15692
9509,212,19933
9509,385,37130
9509,473,45328
9511,62,5334
9511,159,14282
9515,56,4638
9535,28,1955
9535,78,5400
9535,334,23268
8638,10,1029
8638,468,50966
8675,223,25282
8679,119,9541
8679,209,17031
8679,209,17039
8679,209,17058
8679,231,19062
8679,242,20024
8679,275,23199
8684,104,12290
8684,478,52505
8685,133,13950
8686,399,41985
8739,12,1310
9481,149,11018
9508,17,2295
9508,223,22593
9509,76,6473
9509,131,11696
9509,156,14233
9509,156,14248
9509,243,22948
9509,388,37462
9511,120,10599
9511,120,10602
9511,167,15182
9511,167,15188
9515,41,3283
9535,62,4285
9564,282,19765
8638,67,6664
8638,334,35892
8679,237,19582
8679,416,39745
8684,270,29346
8723,69,10287
8723,100,14751
8723,100,14773
8723,229,32550
8723,356,49847
9481,88,6248
9493,283,21185
9508,87,8923
9508,87,8944
9508,87,8967
9508,210,21237
9508,210,21252
9508,210,21277
9509,214,20155
9509,313,29927
9509,396,38372
9511,14,962
9511,40,3301
9511,40,3319
9511,75,6492
9517,1,22
8638,270,28842
8638,270,28849
8638,365,39359
8679,56,4954
8679,459,45132
8684,131,15041
8684,214,23105
8684,305,33253
8685,49,5208
8685,255,26769
8686,105,10860
8686,105,10861
8723,278,39542
8740,193,18683
9481,203,15532
9481,378,30404
9481,378,30426
9493,196,14707
9508,127,12845
9508,127,12846
9508,203,20504
9509,275,26216
9509,356,34085
9509,410,39676
9509,422,40902
9511,183,16937
9535,255,17733
9535,255,17762
9544,64,5382
9544,64,5405
9544,64,5411
9564,341,24733
8607,46,4185
8675,118,12326
8679,55,4852
8679,205,16702
8684,53,6362
8684,212,22858
8684,212,22878
8684,436,47641
8686,221,22959
8723,126,18412
8723,226,32093
8723,331,46378
8723,331,46396
9481,453,36797
9481,453,36798
9508,26,3163
9508,39,4361
9508,66,6905
9508,190,19163
9509,162,14843
9509,341,32585
9511,29,2384
9535,138,9498
9535,138,9510
9535,366,25623
9542,363,25540
9544,197,17302
8638,106,10515
8638,238,25288
8679,36,2819
8679,100,8219
8679,100,8232
8679,414,39532
8684,432,47116
8723,86,12696
8723,174,24950
8723,184,26278
8723,200,28460
8723,201,28579
8740,336,33746
9481,50,3827
9509,40,2880
9509,169,15601
9509,192,17863
9509,192,17912
9509,193,17982
9509,193,18005
9511,145,13010
9511,145,13012
9511,165,14973
9511,177,16250
9511,200,18786
9513,193,18566
9514,132,10287
9514,132,10290
9514,132,10291
9542,343,24088
9564,307,21765
9564,307,21771
8667,251,19449
8667,340,29410
8672,47,5446
8672,127,14518
8672,169,19474
8675,37,4146
8679,82,7024
8679,128,10218
8679,128,10237
8679,334,29703
8679,472,46633
8679,472,46649
8679,472,46663
8684,415,45294
8685,83,8703
8686,349,36685
8686,349,36688
8723,253,35967
9481,433,35139
9508,6,1193
9508,106,10801
9508,106,10810
9508,119,11996
9508,143,14489
9508,143,14498
9508,172,17408
9508,182,18363
9509,58,4702
9509,320,30561
9509,337,32230
9511,176,16142
9515,47,3862
9535,340,23739
9564,106,8891
9564,106,8894
9564,107,8998
8590,201,19192
8590,205,19583
8590,254,24544
8590,302,29413
8590,314,30661
8590,352,34537
8590,355,34868
8590,358,35158
8590,363,35628
8590,365,35813
8590,387,37825
8590,387,37840
8590,397,38833
8590,410,40190
8590,412,40375
8590,422,41402
8590,449,44150
8590,105,9918
8590,153,14516
8590,162,15447
8590,175,16702
8590,207,19756
8590,214,20449
8590,214,20464
8590,220,21050
8590,231,22135
8590,263,25470
8590,276,26744
8590,291,28300
8590,297,28930
8590,359,35264
8590,364,35719
8590,366,35904
8590,384,37513
8590,394,38546
8590,445,43717
8590,32,2967
8590,33,3062
8590,136,12796
8590,149,14123
8590,181,17235
8590,181,17250
8590,194,18519
8590,199,18996
8590,243,23410
8590,253,24447
8590,296,28826
8590,320,31282
8590,396,38733
8590,401,39235
8590,477,46962
8758,304,33424
8590,5,543
8590,30,2762
8590,34,3164
8590,55,5038
8758,282,30625
8758,284,30895
8758,357,39984
8609,65,5182
8609,65,5186
8609,66,5263
8609,66,5274
8610,20,1140
8610,31,1873
8611,16,984
8611,21,1334
8611,31,2002
8611,49,3372
8614,17,1416
8615,1,25
8615,13,817
8615,18,1186
8615,22,1455
8615,23,1548
8615,33,2262
8617,42,3056
8609,12,1334
8609,12,1342
8609,12,1364
8609,38,3343
8610,5,194
8610,88,4775
8610,97,5411
8610,97,5415
8610,102,5787
8610,102,5794
8614,35,2684
8615,21,1400
8615,29,1984
8615,41,2846
8609,14,1505
8609,41,3586
8610,19,1085
8610,81,4281
8610,87,4708
8610,95,5249
8610,106,6059
8614,52,3817
8614,67,4878
8614,73,5306
8614,77,5583
8615,28,1912
8625,12,861
8625,14,1043
8625,26,1957
8625,37,2856
8711,8,1113
8711,8,1130
8711,11,1759
8711,15,2668
8711,15,2715
8711,19,3352
8711,24,4106
8711,26,4411
8711,28,4717
8590,235,22534
8590,319,31170
8590,338,33149
8590,380,37161
8590,382,37351
8590,382,37370
8590,407,39854
8590,439,43134
8612,2,96
8612,4,243
8612,24,1890
8612,25,1958
8625,1,25
8625,5,369
8625,15,1099
8625,19,1431
8625,21,1597
8625,22,1643
8625,23,1718
8711,5,766
8711,12,2004
8711,13,2189
8711,13,2355
8711,21,3614
8711,22,3744
8742,87,405
8610,93,5105
8610,98,5495
8610,98,5516
8610,104,5917
8611,22,1392
8611,22,1410
8611,41,2728
8614,5,487
8614,53,3901
8614,61,4457
8614,70,5091
8617,9,709
8617,31,2388
8617,33,2508
8617,38,2774
8617,43,3141
8617,50,3644
8617,55,3969
8617,57,4137
8617,59,4266
8610,13,694
8610,13,698
8610,18,1020
8610,32,1941
8610,61,3102
8610,91,4983
8610,91,4999
8610,99,5601
8610,100,5657
8610,105,5991
8610,107,6131
8611,13,740
8611,24,1511
8611,29,1841
8611,46,3139
8614,18,1492
8614,41,3105
8607,142,12848
8638,88,8585
8638,247,26206
8667,344,29814
8667,344,29847
8672,175,20161
8672,175,20186
8675,193,21581
8679,45,3756
8679,139,11168
8684,56,6724
8684,349,37951
8684,391,42529
8686,81,8344
8686,81,8356
8686,264,27444
8723,105,15426
8723,144,20945
8723,219,31160
8723,273,38818
9508,207,20893
9508,207,20902
9509,99,8536
9509,135,12084
9509,211,19838
9509,317,30267
9509,317,30285
9511,80,6957
9511,80,6978
9511,161,14497
9515,7,430
9515,7,443
9535,123,8456
9542,353,24810
9564,32,2915
9564,76,6755
8586,459,41052
8638,196,20463
8638,196,20497
8638,328,35253
8675,69,7157
8675,69,7173
8675,176,19474
8679,4,275
8679,392,36765
8684,158,17473
8684,344,37380
8684,405,44188
8684,469,51413
8684,469,51462
8686,97,9996
8723,23,3552
8723,133,19398
8723,151,21863
8723,151,21877
8723,266,37852
8723,301,42824
8723,357,50000
9493,103,7667
9508,43,4744
9508,43,4779
9508,86,8836
9509,152,13777
9509,152,13782
9509,187,17345
9509,209,19644
9509,346,33113
9511,166,15059
9513,111,11110
9513,111,11127
9535,245,17039
8638,9,932
8638,284,30319
8638,377,40696
8667,284,22868
8672,151,17334
8675,75,7903
8679,336,29987
8679,415,39633
8679,415,39653
8684,12,1757
8684,64,7700
8684,149,16690
8684,225,24314
8684,229,24636
8684,229,24670
8685,150,15650
8686,244,25544
8686,276,28622
8686,331,34553
8686,331,34557
8723,113,16588
9492,112,8658
9493,259,19503
9493,259,19506
9493,269,20206
9508,92,9432
9508,174,17566
9508,191,19278
9509,35,2324
9509,35,2368
9509,74,6302
9509,296,28332
9509,304,28976
9509,372,35761
9511,124,11089
9535,186,12858
9535,307,21370
9535,433,30147
9535,433,30155
8607,87,7850
8638,102,10154
8638,102,10171
8638,280,29898
8638,448,48625
8667,304,25167
8675,164,18005
8675,192,21478
8679,20,1557
8679,145,11674
8679,420,40255
8684,240,25930
8684,370,40316
8685,18,1808
8685,246,25788
8723,28,4220
8740,224,21947
8766,54,6925
8766,176,21928
9481,44,3331
9481,273,21372
9493,169,12659
9493,169,12673
9509,200,18698
9509,200,18733
9511,132,11806
9514,189,14407
9515,46,3725
9542,276,19148
9544,145,12687
8607,145,13110
8638,200,20858
8672,129,14798
8675,44,4962
8675,154,16760
8675,154,16762
8675,154,16796
8679,385,35971
8684,183,19674
8684,242,26182
8684,242,26200
8684,338,36840
8685,297,30983
8685,297,31004
8710,72,6730
8723,132,19332
8723,160,23050
8723,243,34559
8740,276,27385
8766,1,31
8766,1,38
9481,81,5699
9481,81,5703
9481,81,5706
9481,171,12890
9481,228,17576
9481,324,25762
9508,11,1733
9508,122,12315
9509,130,11596
9509,161,14741
9509,161,14746
9509,161,14761
9511,31,2561
9511,96,8424
9513,155,15297
9515,49,4020
8638,420,45593
8672,155,17788
8672,155,17820
8672,165,18981
8672,165,19005
8675,160,17544
8679,21,1627
8679,149,11961
8685,188,19682
8685,279,29215
8685,279,29220
8686,247,25812
8723,101,14886
8723,101,14925
8723,106,15573
8723,106,15583
8723,217,30862
8723,217,30881
8723,217,30884
8723,247,35140
9481,42,3198
9481,67,4633
9481,404,32671
9508,45,4917
9509,292,27947
9509,331,31622
9509,392,37877
9511,128,11435
9511,128,11461
9535,298,20755
9535,428,29835
9544,22,1922
9544,221,19174
8638,250,26541
8679,12,970
8679,102,8329
8679,174,13894
8679,338,30172
8679,338,30188
8679,446,43591
8684,4,855
8723,68,10184
9481,231,17828
9481,231,17835
9492,97,7486
9493,31,2508
9508,150,15198
9509,52,4023
9509,63,5198
9509,100,8621
9509,196,18305
9509,307,29295
9509,314,30002
9509,314,30035
9509,418,40512
9509,418,40519
9511,57,4847
9513,125,12429
9513,163,16075
9535,422,29407
9535,422,29410
9564,366,26881
9564,366,26912
8638,382,41263
8638,388,41962
8679,150,12045
8679,369,34018
8684,77,9103
8684,77,9118
8684,79,9356
8684,206,22181
8684,206,22219
8684,453,49555
8723,80,11794
8723,258,36694
9481,160,11972
9493,5,337
9493,49,3874
9508,112,11273
9508,112,11274
9508,112,11283
9509,420,40729
9509,449,43438
9511,160,14385
9514,205,15942
8638,8,817
8638,143,14581
8667,316,26580
8679,469,46307
8679,469,46310
8681,354,28893
8681,354,28927
8684,13,1854
8684,13,1873
8684,121,14057
8684,367,39988
8723,73,10832
9493,160,11938
9493,160,11961
9493,211,15836
9508,123,12413
9508,213,21559
9508,213,21570
9509,175,16154
9509,175,16162
9509,298,28478
9509,414,40124
9509,419,40624
9509,419,40634
9511,225,21589
8638,221,23357
8638,292,31228
8638,292,31236
8638,303,32448
8638,331,35607
8675,132,14033
8675,132,14084
8679,5,365
8679,47,3982
8679,47,3986
8679,79,6783
8679,267,22374
8684,49,5922
8684,111,12974
8684,394,42882
8685,33,3386
8723,252,35824
8723,252,35852
8723,262,37287
8723,262,37303
9481,204,15579
9508,109,11053
9509,111,9750
9511,41,3408
9511,41,3415
9511,163,14748
9514,81,6931
9515,42,3358
9515,42,3373
9535,80,5547
9535,80,5559
9564,293,20609
9506,5,403
9506,16,1471
9506,19,1746
9506,27,2527
9506,31,2962
9506,31,2971
9506,40,3976
9506,40,4005
9506,41,4052
9506,46,4567
9506,48,4794
9506,48,4812
9506,52,5247
9506,57,5733
9506,75,7571
9510,2,110
9510,2,116
9510,23,1904
9510,23,1921
9510,38,3012
9510,48,3808
9510,52,4124
9510,56,4508
9510,57,4556
9510,57,4560
9510,57,4568
9510,61,4875
9510,64,5118
9510,66,5286
9510,68,5462
9510,71,5735
9510,73,5929
9510,73,5930
9510,75,6147
9510,84,6935
9510,92,7679
9510,95,7982
9510,101,8510
9510,106,8994
9510,108,9149
9512,11,1081
9512,19,1959
9512,30,3155
9512,30,3181
9512,49,5280
9511,5,392
9512,3,255
9512,5,473
9512,10,959
9512,14,1428
9512,16,1596
9512,18,1821
9512,26,2706
9512,27,2850
9512,28,2924
9512,28,2947
9512,28,2951
9512,33,3499
9512,34,3607
9512,36,3816
9512,38,4054
9512,41,4347
9512,43,4614
9512,45,4816
9512,45,4832
9512,47,5014
9512,50,5396
9512,53,5676
9512,56,6063
9512,59,6353
9512,66,7091
9512,68,7300
9512,69,7401
9512,70,7474
9512,74,7892
9512,75,8021
9512,75,8036
9512,76,8116
9512,77,8221
9512,82,8705
9512,83,8819
9512,87,9253
9512,88,9325
9512,88,9343
9512,89,9441
9512,109,11614
9512,112,11908
8597,45,4166
8597,160,14257
8597,179,15904
8597,179,15908
8597,206,18297
8597,253,22590
8597,268,24054
8681,11,1581
8681,11,1582
8681,17,2365
8681,17,2392
8681,28,3896
8681,47,5864
8681,156,13790
8681,194,16347
8681,227,18769
8681,238,19650
8681,270,22311
8681,270,22328
8681,275,22726
8681,333,27194
8681,339,27628
8681,432,35187
8597,4,377
8597,7,650
8597,11,1000
8597,19,1766
8597,52,4860
8597,64,5909
8597,104,9465
8597,127,11434
8597,156,13851
8597,166,14775
8597,171,15260
8597,190,16805
8597,202,17896
8597,231,20586
8597,263,23571
8597,286,25687
8597,293,26314
8597,309,27647
8634,137,8094
8634,137,8126
8634,162,10688
8634,171,11561
8634,171,11580
8634,286,17029
8634,297,18119
8634,297,18155
8597,187,16545
8597,224,19971
8597,232,20668
8597,276,24807
8681,3,666
8681,8,1152
8681,8,1182
8681,14,1993
8681,27,3731
8681,75,7945
8681,75,7974
8681,82,8571
8681,117,10839
8681,128,11690
8681,138,12360
8681,139,12447
8681,187,15869
8681,236,19498
8681,250,20610
8681,266,21969
8681,266,21992
8681,266,22001
8681,268,22135
8681,290,23960
8681,304,25118
8681,340,27736
8681,346,28239
8681,360,29392
8681,370,30272
8681,392,32059
8597,39,3577
8597,79,7277
8597,85,7794
8597,85,7797
8597,113,10217
8597,157,13978
8597,233,20765
8597,280,25189
8597,296,26584
8681,24,3324
8681,121,11177
8681,132,11896
8681,136,12203
8681,222,18414
8681,222,18419
8681,229,18960
8681,237,19566
8681,243,20078
8681,251,20717
8681,272,22495
8681,280,23171
8681,289,23908
8681,297,24508
8681,301,24898
8681,312,25818
8681,365,29866
8681,371,30355
8681,371,30376
8681,406,33117
8681,10,1454
8681,15,2076
8681,18,2502
8681,18,2534
8681,19,2637
8681,19,2674
8681,25,3465
8681,30,4143
8681,49,5981
8681,62,6840
8681,147,13049
8681,198,16591
8681,201,16765
8681,210,17401
8681,221,18280
8681,269,22245
8681,274,22619
8681,278,22966
8681,281,23276
8681,285,23582
8681,285,23613
8681,293,24218
8681,293,24229
8681,311,25690
8681,316,26125
8681,316,26131
8681,329,26881
8681,336,27403
8681,336,27404
8681,343,27971
8681,348,28382
8681,353,28803
8681,359,29280
8681,363,29725
8681,368,30099
8681,377,30829
8681,384,31416
8681,404,32968
8681,424,34575
8723,4,808
8723,7,1239
8681,7,1060
8681,13,1797
8681,21,2950
8681,22,3051
8681,31,4257
8681,31,4322
8681,32,4469
8681,32,4491
8681,42,5209
8681,70,7499
8681,76,8067
8681,120,11105
8681,152,13451
8681,153,13535
8681,171,14815
8681,175,15025
8681,212,17568
8681,224,18551
8681,224,18568
8681,233,19272
8681,246,20335
8681,295,24374
8681,310,25607
8681,334,27284
8681,349,28506
8681,352,28692
8681,364,29771
8681,379,31014
8681,386,31579
8681,386,31610
8681,397,32447
8681,426,34687
8681,427,34767
8744,35,3449
8744,58,5671
8744,61,5971
8744,65,6393
8744,70,6845
8744,84,8216
8744,84,8220
8744,95,9286
8744,116,11341
8744,124,12134
8744,129,12609
8744,137,13382
8744,153,14917
8744,154,15031
8744,180,17743
8744,189,18653
8744,192,18966
8744,196,19368
8744,201,19848
8744,210,20761
8744,210,20776
8744,215,21269
8744,239,23695
8744,250,24776
8744,263,26105
8744,282,27895
8744,10,953
8744,32,3151
8744,32,3152
8744,59,5753
8744,62,6073
8744,74,7259
8744,99,9715
8744,120,11719
8744,138,13461
8744,167,16405
8744,171,16834
8744,184,18126
8744,187,18448
8744,190,18773
8744,190,18780
8744,193,19053
8744,208,20556
8744,208,20557
8744,212,20966
8744,237,23485
8744,242,24014
8744,242,24029
8601,22,2384
8601,23,2483
8601,25,2646
8601,32,3265
8601,46,4558
8601,61,5941
8601,77,7488
8601,80,7769
8601,112,10717
8601,115,11005
8601,157,15011
8601,175,16713
8601,183,17480
8601,183,17484
8601,188,17963
8601,195,18607
8601,208,19861
8601,222,21220
8601,222,21225
8601,224,21411
8600,20,2387
8600,33,3610
8600,33,3613
8600,43,4551
8600,60,6158
8600,64,6547
8600,104,10278
8600,112,10955
8600,112,10956
8600,114,11167
8600,124,12065
8600,132,12753
8601,54,5280
8601,84,8117
8601,116,11108
8601,135,12922
8600,12,1644
8600,12,1656
8600,30,3321
8600,54,5576
8600,63,6458
8600,67,6830
8600,101,10001
8603,68,3266
8603,82,4528
8603,123,8553
8603,164,12316
8603,169,12763
8603,15,1311
8603,78,4171
8603,80,4333
8603,95,5874
8603,109,7204
8603,116,7886
8603,129,9114
8603,129,9115
8603,143,10405
8603,147,10745
8603,156,11543
8603,176,13436
8603,178,13601
8603,179,13697
8603,186,14321
8602,169,16480
8602,198,19192
8602,228,21905
8602,243,23292
8602,257,24585
8602,259,24761
8602,262,25034
8660,2,273
8660,2,286
8660,7,657
8660,8,723
8660,9,804
8744,3,296
8744,12,1140
8602,28,3029
8602,37,3886
8602,88,8719
8602,92,9104
8602,92,9117
8602,123,12082
8602,133,13020
8602,153,14948
8602,157,15341
8602,157,15358
8602,168,16400
8602,189,18359
8602,189,18377
8602,190,18456
8602,207,20037
8602,209,20224
8602,213,20521
8602,214,20606
8602,263,25112
8602,271,25827
8602,6,906
8602,14,1695
8602,34,3637
8602,41,4253
8602,46,4690
8602,47,4818
8602,66,6651
8602,69,6947
8602,73,7356
8602,89,8811
8602,113,11045
8602,114,11177
8602,119,11692
8602,119,11708
8602,128,12543
8602,136,13313
8602,139,13597
8602,143,13972
8602,147,14370
8602,166,16189
8602,170,16600
8602,215,20702
8602,247,23659
8602,265,25291
8601,36,3625
8601,45,4474
8601,53,5179
8601,125,11970
8601,174,16621
8601,186,17760
8601,196,18713
8602,10,1297
8602,17,2014
8602,50,5097
8602,50,5103
8602,52,5291
8602,96,9487
9447,8,690
9447,36,3338
9447,55,5028
9447,72,6616
9447,72,6627
9447,72,6636
9447,83,7608
9447,93,8457
9447,93,8480
9447,168,14882
9447,172,15234
9447,172,15244
9447,172,15259
9447,179,15877
9447,182,16188
9447,187,16625
9447,192,17054
9447,228,20125
9447,228,20134
9447,241,21358
9447,264,23510
9447,313,27707
9447,366,32584
9447,384,34313
9447,384,34322
9447,395,35358
9447,400,35812
9447,41,3798
9447,52,4769
9447,58,5294
9447,71,6537
9447,73,6714
9448,99,9112
9448,141,12970
9448,165,14918
9448,201,18324
9448,216,19663
9448,222,20191
9448,250,22552
9448,256,23097
9448,280,25313
9448,297,26899
9448,318,29015
9448,326,29749
9448,331,30219
9448,336,30703
9448,355,32618
9448,365,33564
9448,372,34194
9448,372,34215
9448,376,34592
9448,403,37173
9448,403,37188
9448,421,38825
9448,431,39765
9448,452,41606
9448,454,41791
9448,454,41809
9448,454,41819
9448,458,42207
9448,467,43046
9448,480,44281
9448,17,1503
9448,19,1706
9448,19,1709
9448,19,1714
9448,30,2725
9448,32,2893
9448,66,6039
9448,67,6111
9448,82,7539
9448,95,8727
9448,95,8734
9448,123,11363
9448,130,11964
9448,133,12260
9448,140,12877
9448,204,18577
9448,217,19751
9448,225,20451
9448,242,21870
9448,269,24270
9448,283,25568
9448,283,25589
9448,306,27796
9448,330,30100
9448,350,32102
9448,368,33824
9448,389,35830
9448,410,37849
9448,430,39671
9448,446,41076
9448,448,41265
9448,456,42001
9448,459,42265
9448,471,43409
9448,6,482
9448,8,669
9448,16,1407
9448,83,7646
9448,89,8174
9448,103,9465
9448,121,11162
9448,137,12604
9448,137,12608
9448,154,13982
9448,162,14655
9448,169,15247
9448,175,15820
9448,184,16669
9448,196,17794
9448,196,17807
9448,199,18094
9448,199,18109
9448,203,18506
9448,203,18509
9448,208,18905
9448,208,18907
9448,218,19837
9448,240,21725
9448,248,22378
9448,265,23886
9448,273,24692
9448,278,25134
9448,302,27460
9448,329,30010
9448,335,30616
9448,339,30985
9448,361,33173
9448,400,36878
9448,400,36891
9448,427,39416
9448,428,39516
9448,433,39935
9448,445,41034
9448,470,43324
9448,475,43797
9448,10,866
9448,20,1833
9448,25,2295
9448,65,5910
9448,65,5933
9448,77,7048
9448,85,7823
9448,110,10158
9448,118,10906
9448,155,14076
9448,168,15161
9448,174,15695
9448,174,15715
9448,198,17995
9448,219,19920
9448,234,21226
9448,257,23179
9448,259,23364
9448,271,24490
9448,316,28785
9448,323,29474
9448,327,29803
9448,327,29807
9448,327,29836
9448,340,31089
9448,340,31101
9448,348,31891
9448,353,32452
9448,358,32917
9448,362,33270
9448,367,33735
9448,367,33740
9448,371,34104
9448,394,36324
9448,401,36964
9448,407,37559
9448,408,37635
9448,416,38400
9448,432,39837
9448,451,41550
9448,455,41888
9448,455,41921
9448,462,42567
9448,463,42666
9448,469,43222
9448,469,43223
9448,474,43713
9448,479,44179
9448,2,117
9448,51,4598
9448,88,8098
9448,119,10968
9448,124,11422
9448,129,11904
9448,148,13471
9448,163,14740
9448,172,15525
9448,193,17525
9448,205,18667
9448,206,18737
9448,206,18763
9448,230,20887
9448,241,21801
9448,263,23719
9448,267,24067
9448,310,28203
9448,315,28679
9448,315,28709
9448,338,30886
9448,342,31252
9449,82,7966
9449,97,9398
9449,97,9406
9449,105,10201
9449,131,12724
9449,141,13668
9449,141,13673
9449,141,13678
9449,153,14814
9449,217,20793
9449,217,20826
9449,18,1554
9449,23,2036
9449,28,2520
9449,28,2530
9449,34,3076
9449,34,3096
9449,34,3104
9449,58,5541
9449,63,6018
9449,69,6674
9449,70,6754
9449,73,7046
9449,74,7164
9449,74,7169
9449,78,7550
9449,80,7759
9449,83,8078
9449,99,9612
9449,103,9987
9449,104,10074
9449,108,10442
9449,111,10765
9449,126,12232
9449,129,12511
9449,129,12529
9449,129,12547
9449,130,12620
9449,130,12652
9449,134,13029
9449,137,13285
9449,163,15804
9449,167,16177
9449,167,16206
9449,175,16899
9449,207,19876
9449,214,20519
9449,214,20546
9449,221,21185
9449,226,21592
9449,229,21887
9449,232,22178
9436,178,19303
9436,182,19892
9436,187,20641
9449,8,670
9449,12,1027
9449,22,1951
9449,25,2241
9449,30,2690
9449,32,2896
9449,35,3194
9449,37,3409
9449,40,3672
9449,40,3673
9449,54,5072
9449,64,6168
9449,66,6375
9449,71,6856
9449,71,6878
9449,79,7677
9449,85,8248
9449,85,8287
9449,95,9215
9449,102,9906
9449,106,10285
9449,109,10559
9449,117,11377
9449,119,11561
9449,120,11670
9449,122,11843
9449,133,12922
9449,138,13363
9449,138,13394
9449,140,13587
9449,144,13972
9449,149,14466
9449,155,14981
9449,157,15174
9449,157,15180
9449,164,15886
9449,169,16399
9449,183,17641
9449,191,18381
9449,195,18761
9449,196,18855
9449,209,20051
9449,210,20131
9449,213,20429
9449,213,20430
9449,213,20439
9449,224,21349
9449,224,21379
9449,224,21381
9447,10,862
9447,17,1506
9447,29,2675
9447,61,5580
9447,61,5589
9447,65,5956
9447,86,7856
9447,86,7864
9447,154,13596
9447,184,16366
9447,193,17127
9447,199,17629
9447,206,18215
9447,261,23230
9447,261,23235
9447,292,25936
9447,296,26276
9447,299,26550
9447,318,28166
9447,326,28858
9447,334,29504
9447,337,29751
9447,346,30594
9447,346,30619
9447,347,30727
9447,356,31633
9447,362,32203
9447,377,33654
9447,387,34590
9447,387,34591
9447,388,34697
9447,389,34792
9447,12,1046
9447,20,1796
9447,20,1802
9447,50,4564
9447,64,5869
9447,68,6273
9447,74,6802
9447,94,8552
9447,98,8924
9447,139,12235
9447,139,12255
9447,177,15713
9447,181,16059
9447,181,16081
9447,181,16090
9447,189,16788
9447,224,19763
9447,230,20327
9447,249,22083
9447,252,22370
9447,252,22402
9447,258,22951
9447,259,23044
9447,271,24154
9447,277,24610
9447,319,28262
9447,319,28264
9447,335,29583
9447,345,30525
9447,345,30540
9447,365,32486
9447,373,33202
9447,374,33314
9535,25,1732
9535,84,5873
9535,97,6731
9535,135,9259
9535,135,9268
9535,143,9869
9535,145,9984
9535,152,10482
9535,166,11422
9535,177,12221
9535,206,14323
9535,213,14853
9535,233,16237
9535,266,18538
9535,304,21197
9535,311,21663
9535,338,23602
9535,405,28336
9535,416,29064
9535,430,29947
9535,432,30101
9535,461,32004
9535,462,32079
9535,463,32164
9535,466,32341
9535,470,32587
9535,470,32592
9535,473,32756
9535,473,32762
9535,473,32765
9535,474,32839
9535,476,32947
9535,476,32964
9535,478,33083
9546,5,280
9546,17,1017
9546,21,1263
9546,30,1796
9548,2,69
9548,5,300
9550,9,763
9550,14,1082
9550,14,1099
9550,70,4317
9535,26,1824
9535,40,2754
9535,41,2816
9535,77,5315
9535,77,5342
9535,106,7331
9535,111,7667
9535,141,9712
9535,147,10130
9535,155,10680
9536,33,2096
9536,33,2112
9536,40,2560
9536,45,2903
9536,82,5391
9536,103,6825
9536,103,6837
9536,132,8741
9536,194,12705
9536,213,13906
9536,236,15367
9540,53,3368
9540,63,4021
9540,84,5370
9540,101,6621
9540,161,10800
9535,35,2418
9535,35,2432
9535,72,5009
9535,108,7497
9535,113,7794
9535,131,9000
9535,133,9131
9535,207,14412
9535,221,15376
9535,257,17908
9535,270,18797
9535,270,18807
9535,296,20642
9535,302,21054
9535,314,21879
9535,317,22090
9535,330,22985
9535,351,24548
9535,351,24555
9535,355,24854
9535,367,25685
9535,367,25701
9535,379,26545
9535,384,26887
9535,404,28259
9535,426,29683
9535,437,30398
9535,2,124
9535,2,134
9535,58,4011
9535,58,4017
9535,66,4579
9535,83,5818
9535,90,6288
9535,107,7396
9535,119,8186
9535,148,10201
9535,150,10324
9535,150,10335
9535,150,10344
9535,172,11849
9535,174,11997
9535,182,12574
9535,191,13199
9535,196,13593
9535,200,13903
9535,225,15693
9535,243,16912
9535,306,21327
9535,310,21611
9535,323,22532
9535,333,23200
9535,339,23674
9535,352,24605
9535,398,27845
9535,403,28205
9535,403,28208
9535,423,29478
9535,435,30271
9540,15,971
9540,17,1119
9540,29,1830
9540,47,2975
9540,65,4162
9540,87,5538
9540,87,5542
9541,4,530
9541,5,574
9541,8,776
9541,13,1122
9541,15,1254
9541,16,1326
9541,21,1700
9541,46,3416
9541,52,3741
9541,54,3905
9541,64,4539
9541,66,4649
9541,67,4724
9541,73,5119
9541,82,5774
9541,82,5792
9541,83,5844
9541,89,6219
9541,90,6286
9541,94,6549
9541,105,7245
9541,105,7257
9541,114,7833
9541,136,9232
9536,3,139
9536,14,860
9536,14,875
9536,19,1182
9536,20,1261
9536,23,1433
9536,34,2175
9536,36,2324
9536,44,2851
9536,66,4296
9536,75,4916
9536,75,4925
9536,106,7022
9536,112,7413
9536,118,7835
9536,121,8015
9536,141,9311
9536,161,10561
9536,161,10564
9536,161,10577
9536,185,12158
9536,188,12329
9536,200,13098
9536,215,14028
9536,220,14350
9536,233,15160
9540,30,1904
9540,50,3170
9540,76,4837
9540,82,5249
9540,92,5983
9540,103,6756
9540,114,7529
9540,114,7541
9540,125,8291
9540,129,8579
9540,130,8663
9540,150,10058
9540,172,11531
9540,180,12106
9540,180,12107
9540,180,12133
9536,18,1113
9536,18,1125
9536,18,1137
9536,35,2255
9536,37,2377
9536,39,2500
9536,39,2519
9536,47,3021
9536,64,4157
9536,68,4463
9536,78,5103
9536,93,6151
9536,101,6679
9536,105,6953
9536,115,7644
9536,133,8808
9536,135,8927
9536,136,8984
9536,136,8998
9536,142,9392
9536,151,9946
9536,160,10490
9536,172,11279
9536,172,11289
9536,172,11304
9536,182,11957
9536,186,12207
9540,25,1578
9540,26,1631
9540,44,2781
9540,100,6562
9540,139,9248
9540,170,11410
9540,174,11688
9536,29,1853
9536,43,2759
9536,48,3090
9536,72,4759
9536,76,4988
9536,92,6106
9536,102,6750
9536,138,9117
9536,138,9130
9536,148,9772
9536,175,11517
9536,189,12381
9536,192,12591
9536,201,13141
9536,202,13210
9536,229,14916
9540,40,2523
9540,64,4096
9540,74,4724
9540,83,5294
9540,83,5304
9540,162,10855
9540,181,12202
8638,21,2163
8638,91,8919
8638,91,8925
8638,101,10003
8638,108,10780
8638,108,10785
8638,325,34958
8682,317,25781
8682,317,25811
8682,317,25817
8682,323,26334
8682,345,28364
8682,375,31488
8682,399,34297
8682,412,35694
8682,423,36900
8682,436,38307
8682,436,38311
8682,436,38351
8682,449,39787
8740,52,4940
8740,78,7691
8740,121,11746
8740,147,14153
8740,198,19183
8740,398,40138
8638,16,1682
8638,27,2738
8638,27,2794
8638,52,5246
8638,75,7334
8638,75,7345
8638,89,8688
8638,140,14196
8638,170,17633
8638,175,18145
8638,219,23142
8638,225,23796
8638,349,37581
8638,398,43051
8638,403,43616
8638,414,44889
8638,414,44897
8638,414,44933
8638,441,47834
8638,441,47848
8684,73,8733
8684,116,13466
8684,116,13473
8740,73,7186
8740,306,30621
8740,321,32224
8740,321,32234
8740,339,34075
8740,379,38219
8740,386,38917
8740,411,41362
8682,202,16121
8682,202,16137
8682,219,17495
8682,281,22774
8682,299,24281
8682,338,27725
8682,342,28135
8682,364,30270
8682,379,31952
8682,379,31953
8682,450,39895
8682,450,39912
8682,450,39929
8682,455,40454
8682,479,43081
8740,75,7399
8740,156,15024
8740,161,15492
8740,161,15505
8740,238,23401
8740,272,26943
8740,378,38096
8638,6,574
8638,33,3383
8682,295,23921
8682,360,29839
8682,441,38909
8682,468,41876
8682,476,42759
8682,477,42903
8740,222,21753
8740,222,21759
8740,265,26242
8740,307,30739
8740,338,33942
8740,417,41926
8740,421,42373
8740,421,42383
8638,23,2326
8638,26,2669
8638,69,6815
8638,82,7985
8638,82,7986
8638,87,8522
8638,87,8526
8638,110,10973
8638,139,14079
8638,176,18257
8638,194,20293
8638,224,23701
8638,224,23720
8684,168,18319
8684,246,26676
8684,253,27423
8684,269,29184
8684,269,29220
8740,167,16124
8740,298,29764
8740,298,29794
8740,422,42507
8740,429,43198
8689,35,3160
8689,77,6980
8689,78,7061
8689,88,7983
8689,112,10248
8689,145,13294
8689,152,13995
8689,174,16136
8689,191,17604
8689,222,20463
8689,224,20664
8689,225,20729
8689,232,21428
8689,236,21789
8689,254,23416
8689,267,24545
8689,275,25268
8689,275,25271
8689,282,25881
8689,286,26250
8689,297,27243
8689,313,28715
8689,326,29866
8689,330,30222
8689,334,30612
8689,345,31571
8689,355,32619
8689,362,33251
8689,378,34613
8689,403,36879
8689,422,38581
8689,8,636
8689,81,7317
8689,90,8196
8689,147,13479
8689,220,20330
8689,226,20845
8689,264,24289
8689,302,27706
8689,321,29388
8689,321,29412
8689,328,30078
8689,346,31692
8689,356,32687
8689,357,32766
8689,414,37867
8689,414,37884
8689,424,38760
8689,426,38939
8689,426,38944
8686,283,29426
8686,283,29467
8686,287,29934
8686,301,31213
8686,302,31309
8686,305,31616
8686,305,31647
8686,310,32185
8686,310,32191
8686,321,33338
8686,321,33368
8686,322,33462
8686,327,34071
8686,327,34087
8686,330,34440
8686,333,34834
8686,335,35054
8686,335,35086
8686,336,35200
8686,338,35408
8686,338,35442
8686,340,35671
8686,341,35769
8686,341,35775
8686,345,36211
8686,345,36227
8686,354,37226
8686,356,37450
8686,360,37852
8686,364,38310
8686,364,38317
8686,367,38542
8686,367,38586
8686,367,38591
8686,378,39492
8686,384,40265
8686,385,40383
8686,407,42790
8686,408,42891
8686,411,43204
8686,414,43545
8686,419,44030
8686,423,44471
8686,428,45002
8686,437,45959
8686,450,47198
8686,450,47209
8686,456,47826
8686,459,48138
8686,466,48741
8686,472,49351
8686,475,49640
8686,475,49662
8686,479,50097
8686,480,50154
8686,339,35557
8686,342,35850
8686,355,37334
8686,366,38437
8686,383,40135
8686,413,43461
8686,418,43923
8686,424,44558
8686,429,45075
8686,429,45083
8686,443,46480
8686,443,46520
8686,451,47309
8686,453,47465
8686,468,49005
8689,3,200
8689,9,746
8689,9,764
8689,24,2162
8689,37,3341
8689,46,4017
8689,48,4211
8689,59,5239
8689,63,5617
8689,72,6491
8689,92,8362
8689,107,9760
8689,151,13856
8689,164,15120
8689,164,15139
8689,184,17024
8689,198,18237
8652,1,53
8658,44,3947
8658,94,8041
8658,94,8060
8658,170,13817
8658,172,13969
8658,173,14058
8658,289,22585
8658,297,23189
8658,302,23537
8658,374,28776
8658,416,32074
8658,431,33227
8658,473,35798
8658,2,287
8658,7,769
8658,90,7706
8658,113,9608
8658,115,9792
8658,147,12100
8658,151,12397
8658,221,17626
8658,254,20026
8658,262,20561
8658,268,21036
8658,277,21676
8658,287,22427
8658,300,23403
8658,367,28297
8658,367,28307
8658,435,33497
8658,444,34048
8658,451,34476
8658,462,35126
8689,5,381
8689,11,943
8689,39,3487
8689,55,4850
8689,69,6211
8689,76,6858
8689,76,6862
8689,76,6879
8689,76,6881
8689,76,6886
8689,87,7874
8689,99,9015
8689,122,11108
8689,123,11219
8689,127,11568
8689,213,19670
8689,230,21257
8689,244,22475
8689,304,27906
8689,340,31134
8689,340,31156
8689,353,32408
8689,366,33593
8689,375,34314
8689,393,35950
8689,398,36464
8689,435,39783
8658,10,1015
8658,18,1871
8658,93,7966
8658,102,8858
8658,111,9475
8658,114,9729
8658,144,11854
8658,220,17565
8689,173,16009
8689,188,17346
8689,194,17850
8689,197,18138
8689,199,18296
8689,214,19746
8689,214,19755
8689,218,20104
8689,296,27162
8689,316,28961
8689,325,29778
8689,325,29793
8689,352,32308
8689,396,36248
8689,436,39847
8658,34,2959
8658,41,3623
8658,54,4802
8658,70,6107
8658,190,15352
8658,199,16034
8658,226,18028
8658,296,23105
8658,334,25940
8658,443,33981
8652,37,2967
8652,43,3450
8652,53,4280
8652,69,5600
8652,80,6502
8658,174,14122
8658,191,15445
8658,202,16244
8658,270,21173
8658,298,23249
8658,318,24738
8658,353,27354
8658,389,29860
8658,476,36007
9482,26,2045
9482,31,2514
9482,47,3846
9482,52,4274
9482,52,4289
9482,58,4786
9482,75,6259
9482,112,9451
9482,115,9727
9482,121,10197
9482,133,11250
9482,133,11283
9482,136,11530
9482,157,13321
9482,162,13758
9482,171,14549
9482,172,14615
9482,172,14628
9482,239,19622
9482,277,21824
9485,18,1598
9485,23,1968
9485,51,3921
9485,59,4462
9485,91,6636
9485,97,7056
9485,101,7333
9485,117,8550
9485,135,9955
9485,192,14505
9485,215,16454
9485,254,19726
9485,262,20383
9485,262,20387
9482,13,980
9482,13,986
9482,28,2255
9482,38,3117
9482,38,3122
9482,43,3499
9482,43,3527
9482,68,5612
9482,96,8091
9482,96,8096
9482,166,14097
9482,166,14103
9482,166,14134
9482,175,14892
9482,175,14930
9482,216,18130
9482,235,19374
9482,280,21991
9482,284,22267
9482,289,22655
9482,302,23567
9485,14,1283
9485,52,4007
9485,78,5733
9485,90,6581
9485,143,10567
9485,167,12457
9485,169,12620
9485,185,13937
9485,222,16994
9485,246,19078
9485,257,19988
9485,264,20535
9473,533,45321
9473,553,46873
9473,570,48309
9473,605,51283
9483,11,664
9483,12,729
9483,22,1390
9483,24,1515
9483,42,2791
9483,44,2909
9483,44,2920
9483,57,3850
9483,61,4111
9483,62,4164
9483,63,4229
9483,71,4785
9483,76,5081
9483,84,5628
9473,301,25980
9473,301,26018
9473,310,26803
9473,372,31771
9473,372,31773
9473,372,31774
9473,383,32731
9473,391,33323
9473,397,33860
9473,415,35492
9473,415,35514
9473,415,35517
9473,416,35601
9473,437,37606
9473,437,37637
9473,449,38644
9473,477,41041
9473,486,41766
9473,501,43011
9473,504,43281
9473,508,43633
9473,509,43728
9473,509,43746
9473,528,44923
9473,549,46496
9473,549,46516
9473,554,46962
9473,562,47625
9473,577,48905
9473,582,49326
9473,583,49411
9473,587,49742
9473,588,49840
9473,607,51454
9482,1,22
9482,32,2605
9482,39,3206
9482,48,3938
9482,55,4530
9482,56,4634
9482,67,5513
9482,71,5894
9482,71,5938
9482,95,7957
9482,103,8660
9482,103,8673
9482,110,9273
9482,117,9907
9484,3,157
9484,3,167
9484,13,849
9484,93,5447
9484,111,6833
9485,27,2280
9485,33,2703
9485,47,3659
9485,103,7468
9485,138,10211
9485,178,13349
9485,178,13363
9485,199,15083
9485,214,16355
9483,21,1328
9483,29,1870
9483,55,3693
9484,4,235
9484,11,706
9484,15,997
9484,17,1158
9484,20,1368
9484,24,1642
9484,25,1698
9484,33,2235
9484,38,2533
9484,53,3559
9484,88,5101
9484,88,5107
9484,88,5108
9484,95,5570
9484,101,6024
9484,106,6464
9484,108,6603
9473,21,1580
9473,21,1590
9473,86,7178
9473,104,8675
9473,142,11991
9473,143,12100
9473,146,12372
9473,186,15636
9473,187,15712
9473,220,18793
9473,230,19661
9473,240,20596
9473,240,20602
9473,257,22112
9473,258,22213
9473,258,22220
9473,263,22659
9473,265,22807
9473,271,23346
9473,278,24008
9473,279,24091
9473,285,24620
9473,290,25049
9473,298,25736
9473,338,29214
9473,344,29623
9473,370,31598
9473,19,1377
9473,22,1692
9473,31,2327
9473,35,2679
9473,39,2970
9473,39,2993
9473,44,3403
9473,59,4820
9473,101,8387
9473,101,8413
9473,109,9096
9473,115,9616
9473,119,9973
9473,129,10785
9473,129,10817
9473,131,10992
9473,148,12546
9473,232,19838
9473,237,20319
9473,237,20325
9473,242,20772
9473,243,20867
9473,248,21309
9473,248,21334
9473,266,22920
9473,287,24790
9473,303,26180
9473,318,27498
9473,322,27870
9473,322,27887
9473,333,28830
9473,365,31173
9473,375,32040
9473,407,34693
9473,407,34709
9473,412,35162
9473,428,36751
9473,429,36838
9473,434,37385
9473,440,37885
9473,452,38880
9473,491,42207
9473,492,42303
9473,494,42467
9473,580,49167
9473,619,52480
9473,164,13775
9473,165,13862
9473,181,15212
9473,188,15813
9473,231,19738
9473,244,20969
9473,264,22736
9473,269,23178
9473,294,25402
9473,331,28652
9473,360,30701
9473,360,30704
9473,360,30715
9473,367,31353
9473,367,31373
9473,395,33688
9473,409,34874
9473,411,35053
9473,411,35060
9473,435,37457
9473,435,37459
9473,443,38129
9473,483,41527
9473,493,42393
9473,530,45083
9473,558,47318
9473,563,47723
9473,574,48664
9473,579,49072
9473,579,49084
9473,601,50913
9473,601,50938
9554,1,49
9554,25,1705
9554,27,1832
9554,28,1877
9554,30,2030
9554,30,2039
9554,33,2259
9554,33,2282
9554,41,2791
9554,42,2876
9554,47,3268
9554,49,3415
9554,70,4844
9554,76,5266
9554,96,6692
9554,98,6809
9554,99,6875
9554,108,7490
9554,114,7912
9554,115,7989
9554,138,9589
9554,140,9715
9554,140,9748
9554,162,11288
9554,168,11742
9554,210,14185
9554,240,16242
9554,245,16605
9554,254,17268
9554,260,17664
9554,260,17669
9554,264,17946
9559,152,12881
9554,7,449
9554,19,1281
9554,22,1471
9554,68,4733
9554,77,5335
9554,81,5578
9554,89,6176
9554,89,6177
9554,91,6351
9554,95,6621
9554,125,8701
9554,139,9658
9554,166,11584
9554,169,11801
9554,175,12162
9554,175,12173
9554,212,14294
9554,232,15645
9554,243,16472
9554,252,17153
9554,261,17745
9554,266,18101
9559,153,12968
9552,7,528
9552,27,1966
9552,29,2113
9552,35,2569
9552,36,2650
9552,36,2661
9552,46,3361
9552,71,5244
9552,71,5251
9555,5,481
9555,10,819
9555,35,2526
9555,35,2545
9555,37,2708
9555,37,2713
9555,42,3103
9555,42,3107
9555,50,3675
9555,50,3698
9555,64,4728
9555,66,4868
9555,110,8141
9557,13,789
9557,13,794
9557,14,864
9557,16,1079
9557,21,1466
9557,21,1467
9557,27,1946
9557,31,2261
9557,47,3584
9557,67,5309
9557,71,5658
9557,71,5666
9557,73,5837
9557,83,6485
9557,88,6863
9557,92,7201
9552,3,206
9552,18,1273
9552,18,1279
9552,30,2201
9552,47,3443
9552,59,4361
9552,62,4563
9552,63,4639
9552,75,5574
9552,76,5655
9552,80,5926
9555,3,325
9555,22,1601
9555,36,2624
9555,44,3228
9555,47,3453
9555,70,5154
9555,71,5244
9555,85,6286
9555,85,6308
9555,91,6690
9557,40,2999
9557,41,3101
9557,41,3110
9557,48,3677
9557,54,4187
9557,62,4849
9557,76,6061
9553,9,615
9553,14,968
9553,19,1349
9553,60,4290
9553,60,4296
9553,70,4995
9553,110,7873
9553,112,8023
9553,135,9700
9553,166,11787
9555,115,8559
9555,115,8571
9555,153,11428
9559,30,2418
9559,47,3895
9559,66,5511
9559,94,7895
9559,94,7910
9559,109,9233
9559,109,9246
9562,26,1964
9562,38,2949
9562,45,3528
9562,74,5861
9562,110,8395
9562,117,8968
9552,6,454
9552,11,815
9552,11,838
9552,61,4507
9552,66,4878
9552,68,5045
9552,68,5058
9552,81,6025
9553,12,818
9553,25,1758
9553,48,3412
9553,66,4675
9553,111,7942
9553,118,8479
9555,15,1144
9555,16,1225
9555,19,1418
9555,21,1534
9555,41,3036
9555,45,3317
9555,46,3395
9555,51,3783
9555,65,4787
9555,83,6133
9555,95,7000
9555,97,7138
9555,125,9285
9555,126,9376
9555,128,9491
9555,141,10503
9555,152,11338
9553,8,540
9553,37,2618
9553,43,3039
9553,43,3053
9553,54,3842
9553,63,4503
9553,91,6528
9553,119,8573
9553,119,8577
9553,123,8844
9553,133,9564
9553,163,11619
9555,147,10943
9555,155,11575
9555,158,11818
9559,93,7818
9562,111,8455
9562,111,8481
9553,6,367
9553,6,374
9553,59,4205
9553,71,5069
9553,71,5088
9553,86,6183
9553,114,8186
9553,129,9258
9553,136,9775
9553,152,10887
9555,136,10110
9555,150,11188
9555,156,11663
9559,28,2262
9559,36,2958
9559,36,2968
9559,41,3387
9559,72,6037
9559,81,6918
9559,87,7354
9559,91,7662
9559,100,8460
9559,125,10548
9562,61,4864
9554,4,238
9554,26,1747
9554,26,1761
9554,46,3146
9554,74,5137
9554,94,6533
9554,105,7298
9554,106,7371
9554,120,8329
9554,126,8757
9554,136,9438
9554,141,9834
9554,141,9835
9554,165,11537
9554,171,11946
9554,176,12252
9554,236,15906
9554,236,15920
9554,236,15940
9554,247,16745
9554,247,16749
9554,272,18530
9559,58,4825
9559,63,5242
9559,106,8994
9559,116,9794
9559,150,12702
9559,167,13813
9559,180,14549
9559,185,14986
9553,67,4776
9553,79,5664
9553,84,6028
9553,132,9498
9553,132,9505
9553,142,10196
9553,151,10813
9553,155,11109
9553,161,11472
9553,161,11476
9553,161,11485
9559,32,2594
9559,32,2603
9559,34,2780
9559,37,3063
9559,37,3065
9559,74,6221
9559,78,6636
9562,7,772
9562,40,3104
9562,40,3120
9562,44,3412
9562,68,5413
9562,72,5691
9562,72,5712
9562,77,6119
9562,80,6368
9562,123,9459
9562,132,10268
8595,7,668
8595,65,6102
8677,88,5704
8677,133,8710
8677,165,10939
8677,204,13708
8677,216,14540
8595,5,480
8595,6,584
8595,23,2124
8595,27,2516
8595,46,4340
8595,51,4849
8595,62,5836
8595,73,6806
8595,77,7164
8595,84,7825
8595,112,10326
8595,124,11433
8595,124,11445
8595,163,14957
8595,179,16351
8595,184,16778
8595,186,16977
8595,210,19232
8629,130,10198
8629,137,10642
8629,137,10666
8629,141,10952
8629,145,11257
8629,160,12446
8629,172,13408
8629,172,13428
8629,180,14089
8629,190,14891
8629,195,15240
8677,10,649
8677,20,1298
8677,20,1302
8677,22,1407
8677,49,3029
8677,50,3073
8677,50,3083
8677,66,4212
8677,86,5587
8677,96,6264
8677,106,6898
8677,162,10695
8677,169,11195
8677,189,12670
8677,2,89
8677,47,2885
8677,90,5837
8677,112,7288
8677,115,7486
8677,124,8102
8677,134,8787
8677,187,12528
8613,18,1338
8613,35,2627
8613,37,2791
8613,55,4197
8613,56,4252
8613,66,4923
8613,74,5478
8613,90,6662
8613,92,6817
8613,92,6819
8613,138,9595
8613,141,9826
8613,148,10329
8613,151,10502
8613,170,11970
8629,31,2271
8629,32,2364
8629,35,2608
8629,38,2867
8629,42,3235
8629,45,3464
8629,50,3840
8629,65,5036
8629,99,7787
8629,99,7792
8629,112,8836
8629,128,10041
8629,128,10043
8629,153,11875
8629,164,12742
8629,170,13226
8629,171,13323
8629,181,14172
8629,192,15021
8629,209,16394
8613,174,12290
8629,2,99
8629,36,2706
8629,53,4074
8629,53,4097
8629,59,4562
8629,77,5943
8629,83,6430
8629,85,6590
8629,86,6665
8629,92,7181
8629,95,7438
8629,96,7497
8629,101,7938
8629,109,8576
8629,125,9809
8629,126,9892
8629,138,10733
8629,140,10874
8629,140,10892
8629,143,11105
8629,157,12175
8629,157,12179
8629,162,12606
8629,175,13662
8629,177,13846
8607,25,2368
8607,69,6303
8607,117,10514
8607,135,12209
8613,45,3389
8613,47,3551
8613,77,5704
8613,89,6582
8613,133,9212
8607,5,541
8607,140,12669
8607,140,12671
8613,3,185
8613,6,431
8613,24,1777
8613,25,1854
8613,52,3955
8613,70,5203
8613,84,6246
8613,102,7581
8629,46,3539
8607,73,6629
8607,104,9347
8710,37,2948
8710,39,3228
8710,56,5010
8710,56,5011
8710,93,9011
8710,99,9687
8710,109,10726
8710,127,12563
8710,140,13942
8638,474,51647
8667,292,23769
8672,17,1899
8672,17,1908
8679,348,31447
8679,348,31449
8684,114,13328
8684,272,29533
8684,272,29565
8686,257,26815
8686,343,35976
8723,9,1540
8723,61,9145
8723,112,16440
8723,127,18558
8723,173,24770
8738,350,35266
8740,288,28658
9481,9,687
9481,148,10950
9481,148,10959
9481,196,14969
9492,18,1295
9493,127,9476
9493,127,9487
9493,143,10696
9509,143,12901
9509,222,20964
9509,430,41675
9511,70,6082
9511,153,13676
9511,211,20006
9515,50,4129
9535,237,16471
9535,237,16483
9564,296,20889
9564,296,20904
8638,351,37785
8638,374,40345
8672,140,16031
8672,152,17408
8675,90,9483
8679,191,15480
8679,191,15501
8684,327,35639
8684,441,48132
8684,443,48356
8686,73,7529
8686,73,7532
8710,100,9770
8723,123,17987
8766,211,26113
9481,13,944
9481,13,952
9481,243,18863
9481,243,18867
9481,298,23530
9508,67,7027
9509,115,10115
9509,132,11756
9509,166,15247
9509,427,41399
9509,427,41404
9535,223,15556
9542,442,30927
8638,65,6447
8638,215,22668
8638,324,34824
8638,324,34827
8638,324,34850
8638,422,45800
8638,463,50375
8672,2,179
8675,117,12160
8675,117,12161
8679,46,3866
8679,236,19393
8679,236,19472
8679,273,22976
8679,312,26753
8679,312,26782
8679,464,45835
8684,160,17616
8684,426,46476
8684,426,46507
8684,448,48990
8723,34,5107
8723,62,9275
8723,85,12558
8723,124,18095
8723,256,36417
9481,282,22147
9508,28,3337
9508,28,3342
9509,12,1193
9509,82,7105
9509,129,11473
9509,253,23959
9509,339,32443
9511,63,5430
9511,206,19507
8638,42,4262
8638,79,7749
8638,172,17811
8638,393,42528
8638,393,42531
8638,465,50616
8638,465,50632
8672,162,18635
8672,162,18648
8672,172,19853
8679,208,16916
8679,208,16922
8679,260,21503
8679,316,27256
8679,316,27288
8684,189,20311
8684,332,36172
8684,345,37506
8723,14,2242
8723,14,2254
8723,154,22262
8723,154,22296
8723,155,22392
8723,169,24216
8723,181,25776
8723,181,25827
8740,424,42676
9481,360,28906
9481,360,28917
9508,13,1896
9508,186,18754
9508,186,18782
9509,113,9934
9509,117,10317
8638,387,41812
8638,387,41859
8638,430,46743
8638,431,46901
8638,443,48045
8638,443,48090
8638,451,48982
8638,475,51776
8667,291,23698
8672,107,12266
8675,184,20471
8679,13,1048
8679,168,13365
8684,63,7536
8684,63,7585
8684,267,28977
8686,324,33694
8686,347,36455
8723,150,21730
8723,189,26999
8723,297,42227
8723,350,49000
9481,233,17994
9481,233,18039
9481,425,34487
9508,69,7210
9508,69,7213
9509,198,18490
9509,308,29392
9509,308,29439
9509,476,45665
9511,184,17040
9511,220,21019
9515,33,2576
9535,201,13984
9542,447,31343
9542,447,31353
9542,447,31356
8607,94,8473
8638,80,7818
8638,80,7837
8638,80,7864
8638,470,51198
8667,294,23986
8672,77,8871
8679,66,5716
8679,311,26613
8686,288,30046
8686,288,30050
8686,318,33003
8723,13,2152
8723,118,17313
8723,118,17339
8723,118,17345
8723,137,20014
8723,349,48915
8740,262,25984
9481,270,21166
9481,367,29446
9481,367,29488
9493,65,5066
9508,73,7533
9508,73,7563
9509,42,3045
9509,151,13674
9509,242,22844
9509,242,22868
9509,284,27145
9509,361,34633
9511,138,12379
9511,198,18531
9542,351,24666
9544,69,5887
8638,50,5026
8638,248,26326
8638,411,44531
8638,473,51561
8679,148,11882
8679,148,11901
8684,25,3289
8684,66,7935
8684,80,9457
8684,359,39053
8684,359,39082
8723,18,2834
8723,24,3708
8723,92,13550
8723,92,13588
8723,223,31681
8740,128,12432
9481,303,23962
9481,303,23981
9481,348,27836
9492,24,1738
9508,60,6326
9508,71,7383
9508,104,10582
9508,104,10601
9509,95,8100
9509,381,36737
9511,185,17121
9564,60,5361
8638,216,22772
8638,254,26974
8638,254,27008
8675,25,2813
8675,225,25537
8679,16,1232
8685,208,21807
8685,208,21808
8686,232,24315
9481,476,38772
9481,476,38805
9492,54,4111
9508,76,7821
9508,76,7835
9508,134,13612
9509,37,2563
9509,37,2574
9509,178,16466
9509,324,30959
9509,324,31006
9509,358,34302
9511,52,4399
9515,17,1189
9515,52,4259
9535,218,15186
9535,424,29562
9542,285,19817
8638,31,3186
8638,141,14322
8667,277,21994
8672,94,10752
8679,324,28360
8679,332,29463
8679,332,29491
8684,472,51759
8684,472,51803
8710,121,12014
8723,15,2392
8723,20,3154
8723,53,7987
8723,119,17451
8723,119,17462
8723,333,46652
9481,38,2880
9481,38,2907
9481,375,30147
9493,98,7282
9508,68,7107
9508,82,8429
9508,222,22455
9509,41,2942
9509,41,2970
9509,65,5411
9509,65,5439
9509,300,28614
9509,374,35984
9509,375,36115
9509,375,36125
9509,393,38036
9511,168,15317
9513,101,10214
9513,101,10220
9535,39,2700
9535,39,2702
8607,61,5555
8638,47,4733
8638,47,4777
8638,78,7630
8638,201,20987
8638,358,38548
8638,437,47434
8675,78,8209
8675,78,8227
8679,11,831
8679,11,858
8679,11,859
8679,14,1106
8679,28,2191
8679,170,13591
8684,418,45578
8684,418,45623
8684,474,52004
8684,474,52005
8684,474,52021
8684,474,52059
8686,204,21130
8686,270,28033
8723,96,14139
8723,96,14147
8723,96,14158
8723,190,27144
9481,39,2950
9481,39,2981
9481,284,22306
9492,15,1046
9493,37,2972
9493,106,7925
9508,15,2100
9508,42,4674
9509,127,11236
9509,127,11244
9509,155,14093
9509,350,33416
9509,350,33477
9511,32,2642
9511,158,14191
9511,207,19571
9535,67,4649
8586,434,38822
8686,3,266
8686,5,469
8686,9,757
8686,10,839
8686,11,946
8686,20,1966
8686,27,2723
8686,31,3094
8686,31,3115
8686,59,6049
8686,60,6179
8686,77,7967
8686,84,8638
8686,86,8868
8686,86,8882
8686,93,9569
8686,113,11642
8686,122,12564
8686,124,12772
8686,132,13545
8686,135,13863
8686,135,13911
8686,141,14509
8686,143,14773
8686,146,15064
8686,147,15138
8686,147,15160
8686,154,15905
8686,169,17352
8686,169,17371
8686,178,18282
8686,186,19159
8686,224,23329
8686,228,23818
8686,237,24854
8686,237,24877
8686,282,29347
8686,282,29365
8686,304,31499
8686,308,32016
8686,315,32661
8686,315,32667
8686,320,33271
8686,329,34325
8586,84,5855
8586,92,6673
8586,96,7070
8586,138,10874
8586,142,11247
8586,160,12961
8586,160,12966
8586,162,13140
8586,162,13149
8586,180,14803
8586,181,14900
8586,195,16242
8586,282,24876
8586,298,26324
8586,319,28122
8586,335,29665
8586,381,34122
8586,48,2512
8656,4,307
8656,4,335
8656,12,1033
8656,58,5268
8656,58,5273
8656,60,5442
8656,60,5448
8656,60,5464
8656,70,6394
8656,80,7353
8656,93,8642
8656,97,8962
8656,97,8971
8656,102,9450
8656,121,11220
8656,129,11979
8656,129,11985
8656,138,12866
8656,142,13215
8656,143,13317
8656,151,14029
8656,159,14785
8656,179,16678
8656,203,18821
8656,212,19507
8656,220,20271
8656,256,23665
8656,260,24031
8656,1,53
8656,3,211
8656,7,598
8656,56,5065
8656,85,7858
8656,85,7866
8656,103,9519
8656,105,9706
8656,111,10283
8656,114,10525
8656,114,10544
8656,123,11438
8656,125,11636
8656,137,12757
8656,146,13601
8656,150,13921
8656,161,15011
8656,167,15610
8656,177,16500
8656,177,16516
8656,178,16591
8656,189,17605
8656,189,17618
8656,192,17855
8656,197,18287
8656,202,18738
8656,250,23086
8656,258,23874
8656,262,24223
8656,262,24242
8656,2,115
8656,2,123
8656,2,128
8656,21,1878
8656,21,1883
8656,61,5523
8656,61,5550
8656,91,8416
8656,100,9262
8656,101,9323
8656,117,10824
8656,133,12373
8656,165,15415
8656,176,16391
8656,176,16403
8656,214,19681
8656,240,22190
8744,64,6292
8744,182,17928
8744,186,18364
8744,226,22362
8744,285,28248
8586,455,40649
8586,461,41224
8586,461,41234
8686,47,4765
8686,47,4782
8686,48,4873
8686,48,4881
8686,70,7193
8686,76,7828
8686,76,7863
8686,83,8551
8686,92,9458
8686,110,11344
8686,139,14330
8686,139,14344
8686,156,16151
8686,158,16383
8686,158,16406
8686,161,16682
8686,163,16898
8686,166,17073
8686,190,19553
8686,230,23998
8686,254,26509
8686,263,27339
8686,263,27369
8686,279,28982
8686,292,30467
8686,309,32096
8586,189,15650
8586,217,18366
8586,217,18386
8586,263,23002
8586,271,23785
8586,278,24465
8586,278,24492
8586,295,26034
8586,332,29343
8586,354,31507
8586,361,32202
8586,439,39273
8686,55,5630
8686,61,6258
8686,61,6277
8686,63,6514
8686,78,8039
8686,103,10637
8686,185,19019
8686,188,19326
8686,196,20295
8686,206,21340
8686,207,21463
8686,234,24519
8686,234,24541
8686,248,25916
8686,259,27024
8586,50,2699
8586,61,3801
8586,126,9826
8586,139,10989
8586,169,13800
8586,178,14595
8586,178,14598
8586,198,16568
8586,237,20375
8586,261,22810
8586,264,23093
8586,287,25303
8586,314,27683
8586,336,29744
8586,336,29753
8586,340,30172
8586,350,31113
8586,353,31415
8586,356,31712
8586,113,8725
8586,129,10113
8586,132,10370
8586,146,11613
8586,159,12845
8586,177,14511
8586,187,15435
8586,191,15843
8586,199,16673
8586,212,17927
8586,213,18010
8586,219,18560
8586,229,19584
8586,231,19768
8586,293,25846
8586,296,26119
8586,296,26129
8586,327,28859
8586,339,30067
8586,373,33298
8586,379,33895
9495,15,1322
9495,15,1333
9495,38,3115
9495,53,4318
9495,53,4319
9495,58,4696
9495,101,8044
9495,106,8394
9495,106,8395
9495,124,9692
9495,212,14497
9495,235,16391
9495,235,16406
9495,237,16533
9495,263,18567
9495,268,18934
9495,308,22070
9495,322,23113
9495,322,23128
9495,324,23279
9495,339,24307
9495,383,27117
9495,414,28864
9495,414,28867
9495,445,31007
9495,453,31502
9495,458,31851
9495,18,1552
9495,18,1568
9495,21,1793
9495,21,1795
9495,32,2636
9495,36,2973
9495,45,3682
9495,65,5189
9495,68,5442
9495,83,6638
9495,87,6974
9495,95,7575
9495,107,8482
9495,112,8841
9495,117,9171
9495,122,9542
9495,122,9555
9495,144,11165
9495,144,11169
9495,149,11582
9495,157,12124
9495,157,12151
9495,200,13592
9495,213,14564
9495,225,15571
9495,251,17611
9495,251,17623
9495,253,17787
9495,258,18127
9495,258,18161
9495,265,18725
9495,274,19418
9495,294,20998
9495,303,21724
9495,315,22633
9495,331,23810
9495,349,24984
9495,363,25930
9495,363,25942
9495,386,27276
9495,386,27286
9495,386,27288
9495,417,29102
9495,422,29457
9495,435,30298
9495,90,7171
9495,94,7489
9495,103,8184
9495,121,9483
9495,127,9913
9495,139,10799
9495,139,10808
9495,141,10945
9495,147,11450
9495,147,11459
9495,152,11851
9495,229,15934
9495,238,16632
9495,250,17535
9495,250,17550
9495,250,17556
9495,250,17569
9495,254,17840
9495,254,17872
9495,264,18597
9495,273,19374
9495,276,19622
9495,277,19718
9495,283,20134
9495,283,20137
9495,289,20573
9495,297,21218
9495,304,21782
9495,304,21783
9495,312,22391
9495,316,22683
9495,329,23656
9495,368,26257
9495,368,26259
9495,374,26640
9495,374,26656
9495,378,26909
9495,390,27513
9495,429,29872
9495,434,30229
9495,447,31115
9495,10,951
9495,23,1939
9495,23,1950
9495,23,1960
9495,23,1962
9495,28,2317
9495,41,3356
9495,51,4168
9495,51,4193
9495,52,4261
9495,57,4634
9495,59,4783
9495,66,5295
9495,71,5658
9495,76,6085
9495,84,6715
9495,100,7948
9495,102,8070
9495,115,9017
9495,125,9791
9495,134,10410
9495,136,10565
9495,136,10596
9495,158,12223
9495,158,12230
9495,208,14185
9495,216,14830
9495,226,15646
9495,232,16168
9495,243,17010
9495,271,19181
9495,305,21876
9495,311,22329
9495,318,22825
9495,351,25117
9495,358,25585
9495,365,26064
9495,365,26066
9495,372,26498
9495,415,28933
9495,418,29192
9495,431,29996
9495,437,30450
9495,450,31318
9495,460,31976
9495,465,32304
9495,471,32649
9495,471,32668
9495,474,32837
9498,4,196
9498,25,1593
9498,25,1606
9498,30,1883
9498,39,2505
9498,48,3085
9498,65,4230
9498,92,5931
9498,92,5956
9498,133,8063
9498,139,8477
9498,149,9203
9498,151,9385
9498,155,9634
9498,156,9715
9498,177,11127
9498,225,14132
9498,230,14540
9498,250,16151
9498,306,20886
9498,308,21082
9498,320,22242
9498,338,24052
9498,356,25898
9498,367,26945
9498,390,29233
9498,431,32951
9498,435,33366
9498,447,34326
9498,458,35258
9498,458,35259
9498,467,35964
9498,474,36581
9495,420,29328
9495,423,29503
9495,438,30524
9495,442,30766
9495,442,30773
9495,452,31465
9495,456,31693
9495,464,32212
9498,8,472
9498,23,1465
9498,38,2433
9498,42,2696
9498,67,4365
9503,204,18132
9503,214,18861
9503,230,19681
9503,231,19759
9503,233,19919
9503,241,20585
9498,33,2076
9498,37,2365
9498,64,4145
9498,64,4147
9498,95,6151
9498,98,6314
9498,98,6319
9498,98,6330
9498,104,6675
9498,129,7806
9498,147,9039
9498,150,9273
9498,157,9798
9498,266,17422
9498,266,17430
9498,277,18320
9498,300,20240
9498,305,20762
9498,305,20774
9498,310,21275
9498,310,21297
9498,317,21936
9498,329,23158
9498,349,25192
9498,358,26059
9498,363,26559
9498,383,28522
9498,391,29348
9498,404,30657
9498,404,30669
9498,425,32483
9498,437,33529
9498,457,35152
9498,5,261
9498,13,783
9498,19,1194
9498,62,4016
9498,93,6011
9498,136,8280
9498,227,14307
9498,238,15165
9498,238,15177
9498,239,15259
9498,240,15329
9498,246,15855
9498,276,18240
9498,303,20551
9498,311,21392
9498,332,23451
9498,366,26875
9498,387,28927
9498,402,30470
9498,426,32558
9498,465,35790
9498,480,37064
9506,8,693
9506,9,764
9506,9,789
9506,12,1076
9506,12,1096
9506,13,1183
9506,17,1571
9506,21,1920
9506,30,2835
9506,37,3653
9506,42,4170
9506,42,4196
9506,42,4229
9506,49,4883
9506,51,5121
9506,54,5437
9506,59,5944
9506,61,6143
9506,61,6169
9506,62,6271
9506,68,6859
9506,72,7258
9506,73,7372
9506,74,7441
9506,78,7866
9506,79,7968
9506,79,7995
9506,82,8300
9510,5,389
9510,10,838
9510,12,1022
9510,29,2265
9510,34,2677
9510,37,2922
9510,70,5655
9510,79,6500
9510,79,6528
9510,85,7070
9510,91,7572
9510,107,9051
9510,107,9091
9498,148,9127
9498,249,16084
9498,298,20081
9498,315,21745
9498,337,23978
9498,340,24250
9498,340,24270
9498,341,24363
9498,346,24838
9498,359,26180
9498,375,27703
9498,376,27809
9498,376,27825
9498,376,27831
9498,379,28118
9498,380,28204
9498,405,30799
9498,410,31317
9498,414,31593
9498,420,32110
9498,423,32309
9498,432,33073
9498,434,33261
9498,456,35077
9498,469,36133
9498,472,36395
9498,473,36494
9498,479,36978
8597,10,923
8597,18,1662
8597,84,7718
8597,294,26391
8634,17,1653
8634,115,5989
8634,140,8473
8634,145,8923
8634,151,9588
8634,151,9629
8634,159,10440
8634,175,11982
8634,283,16745
8597,54,5050
8597,119,10744
8597,121,10898
8597,131,11807
8597,173,15424
8597,180,15973
8597,197,17448
8597,240,21438
8597,252,22521
8634,117,6157
8634,148,9270
8634,157,10262
8634,165,10964
8634,308,19288
8634,308,19304
8634,309,19440
8557,227,10339
8557,344,15237
8557,372,16289
8557,419,18349
8557,436,19099
8557,472,20639
8634,1,11
8634,12,1168
8634,12,1171
8634,21,2042
8634,120,6430
8634,120,6446
8634,131,7486
8597,13,1186
8634,15,1450
8634,23,2208
8634,116,6078
8634,128,7295
8634,134,7810
8634,135,7902
8634,150,9475
8634,158,10348
8634,166,11022
8634,166,11024
8634,289,17382
8634,289,17403
8634,290,17513
8634,298,18238
8634,298,18245
8634,299,18371
8634,304,18821
8634,304,18855
8634,311,19584
8557,51,2580
8557,93,4453
8557,116,5490
8557,141,6609
8557,156,7300
8557,172,8021
8557,235,10697
8557,290,12898
8557,293,13001
8557,441,19290
8557,457,19992
8557,466,20400
8678,401,19782
8678,417,21048
8678,431,22123
8557,128,5986
8557,128,6010
8557,152,7097
8557,168,7815
8557,169,7863
8557,226,10286
8557,226,10294
8557,286,12703
8557,330,14594
8557,411,17976
8557,423,18544
8557,443,19365
8634,2,128
8634,3,266
8634,11,1027
8634,11,1028
8634,16,1562
8557,46,2354
8557,89,4277
8557,101,4811
8557,157,7355
8557,193,8946
8557,414,18105
8557,425,18622
8557,469,20515
8678,107,5627
8678,123,6205
8678,134,6703
8678,207,9929
8678,221,10563
8678,231,10993
8678,241,11452
8678,377,17982
8678,382,18370
8678,389,18909
8678,419,21186
8678,420,21285
8678,426,21732
8678,430,22076
8557,4,473
8557,52,2650
8557,92,4394
8557,96,4595
8557,106,5050
8557,109,5155
8557,153,7155
8557,155,7235
8557,205,9463
8557,220,10028
8557,262,11570
8557,283,12554
8557,405,17720
8557,456,19932
8557,477,20870
8678,253,12003
8678,253,12004
8678,285,13541
8678,350,16686
8678,386,18671
8678,386,18672
8678,404,20027
8678,434,22349
8557,18,1110
8557,68,3306
8557,91,4349
8557,111,5275
8557,134,6262
8678,88,4758
8678,161,7887
8678,172,8396
8678,177,8611
8678,199,9585
8678,268,12729
8678,295,14126
8678,372,17747
8678,399,19639
8678,411,20563
8724,124,17335
8724,128,17913
8724,128,17926
8724,141,19676
8724,148,20674
8557,17,1052
8557,55,2765
8557,87,4181
8557,263,11644
8557,368,16117
8557,415,18185
8557,434,19008
8678,55,3360
8678,98,5191
8678,175,8552
8678,183,8904
8678,192,9303
8678,258,12237
8678,291,13892
8678,302,14458
9474,4,652
9474,35,3311
9476,1,22
9476,7,594
9476,8,713
9476,8,728
9476,22,2088
9476,68,6481
9476,76,7296
9476,81,7777
9476,100,9525
9476,110,10517
9476,115,10982
9476,124,11803
9476,135,12783
9476,143,13319
9476,152,14135
9476,152,14139
9476,158,14655
9476,165,15293
9477,9,1249
9477,39,3838
9477,42,4115
9477,65,6172
9477,110,10065
9477,146,13196
9477,170,15215
9477,174,15600
9477,179,16059
9477,180,16147
9474,15,1641
9474,41,3796
9474,41,3818
9474,50,4532
9474,82,7093
9474,84,7253
9474,95,8119
9474,102,8677
9474,115,9738
9474,119,10087
9474,119,10108
9474,154,13016
9474,179,15250
9474,189,16082
9474,223,18915
9474,236,20149
9474,241,20590
9474,241,20595
9474,243,20767
9474,250,21354
9474,273,23238
9474,282,23995
9474,371,31597
9474,407,34774
9474,412,35191
9474,415,35443
9474,415,35444
9474,430,36654
9474,441,37576
9474,447,38137
9474,478,40826
9474,24,2379
9474,117,9929
9474,125,10643
9474,130,11009
9474,132,11145
9474,147,12448
9474,152,12849
9474,159,13468
9474,169,14361
9474,182,15522
9474,187,15944
9474,190,16176
9474,222,18856
9474,235,20105
9474,277,23581
9474,289,24573
9474,289,24575
9474,293,24908
9474,297,25250
9474,326,27737
9474,354,30153
9474,361,30718
9474,367,31187
9474,380,32434
9474,406,34679
9474,410,35037
9474,437,37265
9474,456,38867
9474,456,38883
9474,470,40049
9474,470,40057
9474,470,40072
9474,476,40635
9474,476,40643
9474,3,574
9474,17,1808
9474,36,3404
9474,42,3898
9474,88,7551
9474,157,13324
9474,172,14632
9474,186,15868
9474,203,17257
9474,229,19514
9474,229,19524
9474,255,21828
9474,274,23327
9474,291,24742
9474,294,25014
9474,298,25310
9474,319,27138
9474,342,29099
9474,348,29575
9474,368,31258
9474,368,31284
9474,379,32362
9474,384,32831
9474,424,36166
9474,439,37426
9474,455,38754
9474,479,40976
9452,101,9626
9452,101,9644
9452,114,10804
9452,121,11305
9452,131,12254
9452,144,13414
9452,145,13479
9452,145,13496
9452,147,13694
9452,152,14110
9452,153,14189
9452,155,14395
9452,158,14684
9452,173,16076
9452,181,16786
9452,184,17069
9452,191,17703
9452,192,17791
9452,195,18089
9452,198,18356
9452,231,21349
9452,238,21974
9452,263,24342
9452,268,24825
9452,273,25305
9452,319,29357
9452,338,31242
9452,405,37704
9452,405,37708
9452,419,39056
9452,427,39916
9452,439,41059
9452,459,42949
9452,474,44425
9452,477,44666
9452,227,20977
9452,266,24650
9452,267,24743
9452,277,25660
9452,292,26966
9452,312,28738
9452,325,29967
9452,337,31142
9452,372,34541
9452,374,34731
9452,382,35403
9452,382,35424
9452,382,35441
9452,392,36446
9452,404,37610
9452,415,38661
9452,415,38674
9452,433,40498
9452,448,41921
9452,448,41947
9452,471,44108
9452,473,44342
9452,473,44351
9476,6,519
9476,73,6950
9476,77,7404
9476,83,7974
9476,103,9768
9477,5,914
9477,13,1624
9477,38,3739
9477,50,4869
9477,50,4870
9477,58,5575
9477,61,5818
9477,83,7660
9477,106,9640
9477,106,9655
9477,143,12906
9477,143,12921
9476,2,108
9476,4,302
9476,9,854
9476,13,1256
9476,14,1338
9476,33,3117
9476,67,6379
9476,89,8437
9476,92,8698
9476,94,8916
9476,111,10601
9476,120,11425
9476,122,11618
9476,151,14053
9476,154,14297
9476,159,14754
9476,174,16052
9477,23,2398
9477,24,2469
9477,29,2942
9477,29,2950
9477,52,5054
9477,108,9844
9477,116,10553
9477,118,10714
9477,118,10736
9477,178,15967
9477,178,15983
9476,5,406
9476,62,6025
9476,62,6038
9476,70,6690
9476,88,8394
9476,90,8545
9476,95,8996
9476,99,9420
9476,104,9861
9476,108,10323
9476,119,11359
9476,144,13399
9476,147,13653
9476,147,13667
9476,157,14560
9476,169,15651
9477,16,1885
9477,40,3948
9477,53,5151
9477,60,5758
9477,69,6483
9477,84,7778
9477,85,7889
9477,109,9965
9477,113,10362
9477,121,10986
9477,128,11578
9477,144,13017
9477,149,13456
9477,159,14333
9477,182,16313
9474,6,842
9474,6,861
9474,6,863
9474,21,2168
9474,33,3131
9474,33,3136
9474,38,3555
9474,38,3569
9474,78,6781
9474,85,7334
9474,90,7724
9474,96,8179
9474,106,8981
9474,111,9406
9474,121,10285
9474,126,10728
9474,156,13218
9474,166,14078
9474,166,14084
9474,181,15446
9474,202,17172
9474,202,17196
9474,204,17333
9474,215,18190
9474,220,18621
9474,220,18632
9474,221,18713
9474,226,19240
9474,233,19884
9474,247,21114
9474,249,21269
9474,252,21569
9474,257,21992
9474,266,22696
9474,278,23642
9474,296,25159
9474,302,25610
9474,328,27896
9474,343,29198
9474,356,30314
9474,364,30901
9474,395,33759
9474,401,34250
9474,408,34846
9474,408,34859
9474,418,35656
9474,421,35887
9474,421,35912
9474,425,36218
9474,450,38352
9474,460,39189
9474,460,39196
9473,20,1472
9473,43,3313
9473,50,4056
9473,60,4894
9473,72,5917
9473,88,7346
9473,94,7856
9473,105,8744
9473,112,9335
9473,134,11233
9473,155,13044
9473,192,16158
9474,268,22828
9474,287,24420
9474,330,28059
9474,378,32264
9474,387,33116
9474,389,33267
9474,396,33834
9474,400,34182
9474,423,36077
9474,423,36081
9474,435,37084
9474,438,37323
9474,438,37347
9474,453,38586
9474,468,39880
9517,17,1471
9517,17,1494
9517,19,1632
9517,19,1667
9517,28,2439
9517,28,2449
9517,37,3243
9517,60,5195
9517,64,5527
9517,64,5541
9517,92,7883
9517,107,9188
9517,125,10770
9517,148,12763
9517,149,12812
9517,149,12817
9517,151,13025
9517,154,13201
9517,165,14082
9517,178,15221
9517,183,15629
9517,214,18245
9517,224,19072
9517,224,19097
9517,232,19801
9517,234,19995
9517,234,20009
9517,240,20464
9517,240,20482
9517,258,22036
9517,262,22411
9517,267,22776
9517,291,24682
9517,294,24990
9517,294,25004
9517,314,26762
9517,318,27062
9517,324,27573
9517,324,27581
9517,328,27933
9517,328,27936
9517,328,27953
9517,338,28721
9517,347,29468
9517,359,30528
9517,366,31103
9517,366,31107
9517,384,32709
9517,394,33581
9517,399,34030
9517,411,35140
9551,2,336
9551,12,941
9551,16,1202
9551,25,1702
9551,44,2864
9551,47,3024
9551,60,3817
9551,91,5765
9551,97,6147
9551,104,6552
9551,110,6936
9551,110,6947
9551,130,8142
9551,138,8668
9551,150,9378
9551,156,9764
9551,207,13272
9551,281,18042
9551,309,20203
9551,309,20205
9551,330,21822
9551,338,22413
9551,338,22417
9551,344,22907
9551,347,23112
9554,222,14978
9554,246,16671
9554,246,16694
9554,263,17892
9551,9,762
9551,42,2750
9551,48,3104
9551,48,3112
9551,51,3298
9551,62,3953
9551,84,5352
9551,133,8345
9551,135,8479
9551,143,8971
9551,164,10285
9551,166,10393
9551,166,10407
9551,176,11040
9551,182,11430
9551,191,12111
9551,197,12550
9551,206,13211
9551,209,13417
9551,209,13429
9551,211,13556
9551,230,14798
9551,237,15272
9551,282,18118
9551,284,18229
9551,284,18258
9551,349,23249
9551,5,494
9551,17,1261
9551,24,1645
9551,28,1890
9551,28,1897
9551,36,2389
9551,40,2630
9551,50,3237
9551,59,3760
9551,80,5100
9551,87,5515
9551,101,6375
9551,101,6381
9551,124,7790
9551,129,8092
9551,170,10678
9551,175,10988
9551,175,10994
9551,185,11634
9551,195,12392
9551,210,13500
9551,280,17940
9551,304,19760
9551,304,19770
9551,326,21562
9551,329,21740
9551,329,21746
9551,343,22802
9551,343,22824
9532,26,1419
9532,26,1431
9532,29,1672
9532,65,4244
9532,76,5106
9551,132,8284
9551,151,9427
9551,179,11263
9551,196,12494
9551,236,15197
9551,307,20044
9563,2,431
9563,14,1359
9563,14,1382
9563,22,2036
9568,9,540
9568,10,608
9568,21,1291
9568,22,1356
9568,22,1370
9568,29,1860
9568,34,2224
9568,35,2279
9532,16,691
9532,23,1166
9532,25,1319
9532,28,1577
9532,30,1731
9532,49,3047
9532,51,3222
9532,53,3351
9532,53,3381
9532,54,3443
9532,54,3456
9532,60,3884
9532,60,3885
9532,62,4034
9532,67,4395
9532,73,4849
9532,74,4932
9563,3,515
9563,5,688
9563,11,1101
9563,15,1466
9563,21,1952
9563,23,2102
9563,31,2716
9563,38,3241
9563,46,3965
9563,53,4532
9563,55,4694
9563,58,4951
9563,64,5407
9563,70,5990
9563,77,6552
9563,77,6556
9568,1,76
9532,31,1815
9532,58,3750
9532,64,4183
9532,75,5030
9532,87,5874
9563,44,3755
9563,61,5194
9563,68,5793
9565,3,610
9565,19,1984
9565,21,2168
9565,24,2416
9565,24,2433
9565,26,2616
9565,29,2809
9565,45,4125
9565,47,4370
9565,50,4632
9565,51,4733
9565,56,5186
9565,56,5188
9565,67,6158
9565,88,8012
9565,91,8317
9565,94,8586
9565,100,9192
9588,3,203
9588,22,2030
9588,51,4721
9588,52,4829
9588,56,5202
9588,61,5689
9588,66,6140
9588,69,6446
9565,4,699
9565,7,952
9565,7,970
9565,9,1117
9565,15,1624
9565,17,1826
9565,18,1918
9565,22,2244
9565,22,2251
9565,23,2352
9565,37,3345
9565,41,3738
9565,44,4030
9565,46,4239
9565,49,4532
9565,52,4822
9565,58,5351
9565,62,5692
9565,63,5786
9565,73,6688
9565,74,6797
9565,90,8213
9565,97,8909
9565,102,9329
9588,27,2492
9588,27,2510
9588,31,2857
9588,33,3058
9588,36,3318
9588,39,3608
9588,44,4064
9588,47,4326
9588,47,4341
9588,55,5107
9588,63,5872
9588,72,6729
9588,73,6833
9588,82,7680
9588,86,8054
9569,4,264
9569,7,539
9569,9,681
9569,12,917
9569,26,1979
9569,28,2142
9569,29,2218
9569,32,2468
9569,38,2968
9569,41,3189
9588,11,942
9588,21,1934
9588,21,1957
9588,29,2677
9588,32,2938
9588,58,5387
9588,62,5781
9566,1,39
9566,8,711
9566,9,782
9566,9,785
9566,17,1422
9566,22,1923
9566,28,2532
9566,28,2538
9566,30,2724
9566,36,3258
9566,37,3361
9566,42,3866
9566,46,4201
9566,47,4295
9566,56,5084
9566,56,5103
9566,61,5554
9566,65,5897
9566,66,6011
9566,79,7085
9566,81,7216
9566,84,7516
9566,89,7942
9566,89,7953
9566,90,8063
9566,93,8335
9566,95,8494
9566,95,8519
9566,102,9146
9566,103,9210
9566,109,9812
9566,110,9865
9566,114,10235
9566,124,11027
9566,132,11944
9566,132,11981
9566,133,12074
9566,149,13027
9566,160,13746
9566,168,14360
9566,169,14435
9566,173,14715
9566,179,15159
9566,180,15238
9566,191,15956
9566,193,16113
9566,209,17270
9566,236,19276
9566,3,271
9566,31,2792
9566,32,2899
9566,32,2907
9566,33,2969
9566,35,3152
9566,35,3175
9566,38,3459
9566,38,3480
9566,39,3564
9566,54,4920
9566,57,5158
9566,60,5437
9566,74,6608
9566,74,6634
9566,75,6716
9566,78,6967
9566,82,7339
9566,83,7449
9566,85,7602
9566,87,7778
9566,101,9027
9566,105,9407
9566,111,9934
9566,113,10121
9566,120,10642
9566,120,10675
9566,121,10786
9566,125,11152
9566,125,11171
9566,128,11457
9566,128,11526
9566,130,11725
9566,130,11733
9566,131,11838
9566,131,11849
9566,145,12714
9566,148,12966
9566,158,13590
9566,166,14198
9566,170,14474
9566,176,14923
9566,181,15318
9566,185,15577
9566,190,15898
9566,201,16679
9566,201,16698
9566,202,16770
9566,203,16851
9566,232,19001
9517,3,247
9517,15,1279
9517,20,1771
9517,23,2038
9517,24,2100
9517,32,2798
9517,40,3473
9517,40,3503
9517,40,3509
9517,45,3957
9517,51,4422
9517,59,5101
9517,59,5124
9517,67,5791
9517,67,5792
9517,68,5883
9517,76,6576
9517,86,7345
9517,87,7420
9517,87,7457
9517,94,8081
9517,96,8235
9517,106,9125
9517,108,9298
9517,111,9542
9517,114,9814
9517,116,10012
9517,123,10632
9517,143,12404
9517,150,12899
9517,161,13755
9517,166,14184
9517,166,14186
9517,199,17007
9517,199,17025
9517,213,18194
9517,223,18996
9517,244,20831
9517,251,21455
9517,266,22675
9517,270,23009
9517,286,24247
9517,321,27348
9517,327,27853
9517,336,28516
9517,337,28618
9517,372,31581
9517,372,31619
9517,376,31966
9517,386,32888
9517,391,33320
9517,397,33860
9513,10,1018
9513,13,1317
9513,21,2135
9513,29,2879
9513,47,4644
9513,47,4669
9513,62,6302
9513,124,12318
9513,134,13256
9513,134,13276
9513,138,13641
9513,166,16365
9513,174,17135
9514,19,1654
9514,19,1659
9514,23,1963
9514,23,1987
9514,37,3178
9514,50,4230
9514,56,4749
9514,66,5548
9514,93,7914
9514,94,8024
9514,181,13686
9514,198,15225
9513,38,3770
9513,50,4942
9513,51,5070
9513,51,5085
9513,51,5108
9513,74,7501
9513,76,7723
9513,94,9508
9513,94,9533
9513,94,9547
9513,118,11746
9513,121,12004
9513,146,14450
9513,153,15115
9513,154,15231
9513,191,18373
9513,191,18384
9514,15,1333
9514,36,3098
9514,51,4325
9514,51,4331
9514,77,6548
9514,187,14207
9514,192,14676
9514,195,14979
9514,199,15322
9514,199,15332
9514,199,15361
9514,200,15459
9514,200,15473
9514,201,15561
9514,204,15857
9514,206,16042
9514,206,16044
9514,213,16679
9514,215,16889
9514,219,17211
9514,221,17382
9513,4,398
9513,4,415
9513,17,1710
9513,23,2336
9513,24,2437
9513,26,2596
9513,32,3113
9513,35,3479
9513,39,3861
9513,43,4260
9513,46,4569
9513,52,5217
9513,61,6164
9513,69,7020
9513,70,7099
9513,75,7629
9513,79,8063
9513,102,10351
9513,108,10799
9513,114,11366
9513,122,12099
9513,122,12115
9513,130,12881
9514,24,2050
9514,24,2068
9514,24,2086
9514,27,2335
9514,31,2658
9514,33,2884
9514,42,3536
9514,54,4606
9514,55,4680
9514,55,4683
9514,57,4826
9514,64,5345
9514,64,5361
9514,68,5680
9514,78,6648
9514,90,7722
9514,142,11120
9514,177,13341
9514,177,13366
8758,7,599
8758,11,1017
8758,16,1536
8758,19,1822
8758,40,3841
8758,105,10290
8758,122,11964
8758,164,16406
8758,192,19202
8758,199,20071
8758,205,20891
8758,237,24888
8758,258,27527
8758,3,196
8758,18,1732
8758,25,2397
8758,38,3635
8758,68,6528
8758,70,6719
8758,74,7144
8758,85,8347
8758,100,9805
8758,100,9807
8758,104,10171
8758,115,11271
8758,118,11582
8758,125,12251
8758,128,12559
8758,144,14299
8758,169,16931
8758,176,17630
8758,182,18245
8758,184,18446
8758,190,19018
8758,195,19575
8758,211,21717
8758,213,21957
8758,259,27646
8758,259,27663
8667,1,36
8667,15,983
8667,25,1770
8667,56,4091
8667,76,5669
8667,82,6045
8667,103,7456
8667,105,7577
8667,113,8195
8667,116,8421
8667,119,8672
8667,145,10580
8667,148,10828
8667,151,11064
8667,208,16141
8667,209,16264
8667,216,16802
8667,216,16807
8667,293,23884
8667,293,23903
8667,296,24262
8672,10,1079
8672,11,1223
8672,41,4729
8672,43,4946
8672,43,4976
8667,64,4756
8667,79,5854
8667,110,7978
8667,118,8611
8667,161,11866
8667,168,12472
8667,168,12487
8667,176,13200
8667,182,13913
8667,194,14705
8667,195,14774
8667,204,15788
8667,224,17368
8672,26,2959
8672,26,2995
8672,44,5105
8672,45,5184
8758,209,21468
8758,230,24018
8758,235,24642
8758,252,26755
8758,265,28417
8684,191,20561
8684,223,24093
8684,238,25677
8684,248,26863
8684,264,28631
8684,274,29790
8684,289,31405
8684,304,33123
8684,304,33132
8684,310,33724
8684,322,35098
8684,322,35119
8684,334,36394
8684,347,37688
8684,365,39782
8684,388,42182
8684,392,42667
8684,398,43379
8684,400,43591
8684,416,45362
8684,417,45484
8684,429,46781
8684,456,49878
8684,468,51283
8684,479,52613
8684,479,52635
8758,29,2784
8758,41,3936
8758,120,11762
8758,178,17821
8758,180,18025
8667,39,2811
8667,51,3745
8667,104,7525
8667,120,8753
8667,123,8981
8667,159,11716
8667,166,12300
8667,174,12981
8667,175,13112
8667,200,15512
8667,249,19273
8667,255,19905
8667,270,21141
8667,298,24457
8667,299,24591
8667,310,25840
8667,327,27834
8667,332,28410
8672,28,3230
8672,59,6747
8672,78,8969
8672,101,11547
8672,101,11561
8557,75,3657
8678,122,6179
8678,155,7627
8678,168,8234
8678,225,10743
8678,238,11327
8678,298,14274
8678,321,15412
8678,325,15568
8678,387,18747
8678,387,18768
8678,387,18770
8678,403,19932
8678,416,20934
8678,416,20956
8724,12,1560
8724,24,3255
8724,63,8860
8724,105,14615
8724,105,14645
8724,105,14655
8724,151,21171
8560,194,8289
8560,242,10464
8560,242,10465
8560,302,13316
8678,7,904
8678,31,2329
8678,40,2718
8678,43,2846
8678,76,4277
8678,130,6521
8724,14,1781
8724,16,2101
8724,46,6408
8724,47,6564
8724,59,8227
8724,64,8976
8724,106,14805
8724,112,15598
8724,142,19806
8724,142,19835
8724,144,20169
8724,152,21286
8724,154,21564
8724,154,21587
8560,60,2560
8560,82,3418
8560,92,3856
8560,124,5190
8560,124,5209
8560,148,6196
8560,148,6209
8560,176,7481
8632,13,1016
8632,35,2788
8632,43,3383
8632,43,3416
8632,73,5940
8632,81,6725
8632,92,7665
8632,92,7693
8632,127,10796
8632,127,10821
8724,10,1237
8560,118,4957
8560,142,5952
8560,183,7786
8560,200,8571
8560,226,9736
8560,229,9900
8560,262,11435
8560,268,11728
8560,281,12368
8560,290,12730
8560,290,12737
8560,408,17144
8630,131,8871
8630,144,9734
8632,47,3718
8632,174,14354
8678,84,4580
8724,18,2345
8724,30,4076
8724,43,5972
8724,43,5983
8724,75,10407
8724,80,11085
8724,80,11105
8724,82,11415
8724,82,11416
8724,132,18431
8560,233,10085
8560,237,10242
8560,269,11778
8560,380,16235
8630,147,9902
8630,194,13221
8630,198,13482
8632,39,3078
8632,72,5841
8632,72,5864
8632,77,6286
8632,86,7159
8724,11,1410
8724,22,2905
8724,39,5458
8724,41,5721
8724,41,5727
8724,101,14002
8724,101,14015
8724,107,14902
8724,107,14904
8724,111,15497
8724,116,16191
8724,139,19363
8724,139,19393
8724,139,19406
8560,24,1018
8560,49,2141
8560,90,3750
8560,94,3950
8560,111,4644
8560,123,5175
8560,137,5749
8560,161,6792
8560,188,8019
8630,33,2108
8630,44,2916
8630,82,5519
8630,163,11034
8630,179,12179
8632,32,2539
8632,61,4839
8632,128,10882
8632,143,12174
8724,20,2648
8724,42,5892
8724,87,12082
8724,109,15185
8737,54,5460
8737,66,6709
8737,76,7746
8737,134,13743
8737,138,14110
8737,141,14428
8560,91,3828
8560,125,5254
8560,169,7178
8560,260,11341
8560,335,14649
8560,367,15795
8632,4,262
8632,25,1947
8632,40,3135
8632,42,3323
8632,118,9997
8632,165,13407
8724,15,1973
8737,53,5344
8737,56,5675
8737,56,5691
8560,20,820
8560,47,2049
8560,106,4482
8560,156,6602
8560,163,6895
8560,219,9410
8630,123,8332
8630,141,9521
8630,181,12327
8632,66,5288
8737,32,3169
8737,49,4946
8737,49,4957
8557,8,653
8557,70,3423
8557,90,4321
8557,90,4333
8560,350,15237
8560,458,18487
8678,250,11848
8678,290,13853
8678,334,15953
8678,349,16655
8678,391,19049
8678,413,20708
8678,428,21930
8724,13,1668
8724,35,4875
8724,38,5301
8724,84,11652
8724,94,13048
8724,117,16292
8724,117,16309
8724,150,21009
8557,97,4665
8560,277,12168
8560,289,12715
8560,341,14890
8560,374,16030
8560,419,17337
8678,16,1598
8678,53,3262
8678,315,15077
8678,339,16180
8678,340,16229
8678,383,18439
8678,427,21814
8678,427,21864
8724,7,827
8724,69,9731
8724,81,11250
8724,114,15884
8724,136,18977
9491,6,599
9491,23,1685
9491,27,1910
9491,39,2755
9491,59,4089
9491,64,4495
9491,68,4764
9491,71,4948
9491,105,7182
9491,134,9061
9491,174,11556
9491,178,11742
9491,178,11743
9491,178,11754
9491,224,14708
9491,224,14709
9491,232,15280
9491,233,15329
9491,247,16303
9491,259,17188
9491,268,17776
9491,274,18121
9491,281,18427
9491,298,19512
9491,304,19880
9491,314,20493
9491,318,20744
9491,339,22049
9491,346,22580
9491,355,23243
9491,379,25007
9491,389,25840
9491,397,26499
9491,402,26893
9491,411,27587
9491,411,27595
9491,436,29539
9491,450,30646
9491,460,31465
9491,465,31795
9491,465,31798
9491,477,32702
9491,127,8561
9491,182,12011
9491,200,13191
9491,241,15867
9491,246,16220
9491,260,17241
9491,289,19055
9491,317,20681
9491,344,22420
9491,353,23110
9491,386,25611
9491,390,25922
9491,420,28258
9491,449,30582
9491,457,31216
9495,5,610
9495,35,2860
9495,42,3409
9495,42,3447
9495,49,3996
9495,70,5594
9495,93,7408
9495,119,9312
9495,119,9334
9495,142,11042
9488,242,19252
9488,244,19428
9488,246,19574
9488,246,19586
9488,256,20283
9488,260,20595
9488,269,21301
9488,276,21829
9488,276,21840
9488,289,22864
9488,290,22947
9488,300,23716
9488,305,24087
9488,309,24397
9488,322,25463
9496,4,722
9497,3,100
9497,7,358
9497,13,724
9497,13,729
9497,20,1129
9497,21,1221
9497,29,1734
9497,35,2116
9497,40,2408
9497,40,2416
9497,43,2570
9497,61,3766
9492,3,149
9492,3,152
9492,3,171
9492,4,254
9492,8,530
9492,11,742
9492,14,958
9492,16,1108
9492,16,1134
9492,19,1380
9492,19,1392
9492,22,1615
9492,22,1633
9492,28,2059
9492,33,2465
9492,35,2608
9492,36,2667
9492,40,3005
9492,40,3026
9492,47,3561
9492,52,3982
9492,53,4040
9492,64,4894
9492,72,5573
9492,78,5985
9492,82,6315
9492,87,6725
9492,87,6728
9492,87,6736
9492,88,6792
9492,93,7176
9492,94,7247
9492,102,7860
9492,111,8575
9492,116,8951
9497,12,666
9497,12,672
9497,25,1479
9497,39,2346
9497,39,2350
9493,3,228
9493,36,2911
9493,39,3133
9493,45,3565
9493,52,4097
9493,56,4396
9493,61,4753
9493,66,5140
9493,67,5229
9493,67,5236
9493,81,6150
9493,81,6180
9493,82,6265
9493,95,7071
9493,108,8067
9493,112,8344
9493,114,8487
9493,115,8574
9493,119,8850
9493,119,8867
9493,124,9234
9493,126,9412
9493,130,9716
9493,130,9722
9493,131,9779
9493,132,9848
9493,134,9999
9493,138,10319
9493,141,10509
9493,141,10538
9493,150,11221
9493,150,11222
9493,150,11228
9493,156,11678
9493,158,11808
9493,166,12407
9493,173,12961
9493,192,14398
9493,198,14869
9493,204,15330
9493,207,15524
9493,215,16143
9493,215,16149
9493,221,16622
9493,222,16703
9493,232,17449
9493,234,17567
9493,251,18867
9493,251,18893
9493,254,19106
9493,288,21566
9493,299,22387
9493,308,23049
9493,308,23065
9493,4,298
9493,6,434
9493,7,499
9493,8,606
9493,8,638
9493,26,2085
9493,41,3248
9493,41,3256
9493,44,3502
9493,54,4267
9493,55,4305
9493,60,4670
9493,69,5418
9493,70,5482
9493,91,6812
9493,93,6911
9493,97,7210
9493,122,9105
9493,145,10832
9493,151,11285
9493,174,13032
9493,174,13046
9493,174,13050
9493,183,13732
9493,187,14051
9493,195,14636
9493,199,14936
9493,205,15419
9493,213,15993
9493,213,16000
9493,218,16387
9493,265,19908
9493,271,20361
9493,273,20512
9493,276,20725
9493,282,21102
9493,287,21471
9493,290,21724
9493,301,22542
9493,309,23160
9493,316,23693
9491,9,787
9491,24,1752
9491,34,2395
9491,34,2415
9491,53,3696
9491,61,4245
9491,72,5003
9491,91,6297
9491,130,8786
9491,245,16173
9491,254,16810
9491,264,17557
9491,273,18038
9491,273,18055
9491,273,18073
9491,290,19142
9491,310,20247
9491,319,20792
9491,343,22346
9491,360,23615
9491,360,23625
9491,391,26016
9491,406,27195
9493,206,15447
9493,206,15453
9493,210,15785
9493,233,17499
9493,233,17509
9493,257,19338
9493,291,21803
9493,296,22169
9493,302,22610
9493,302,22631
9493,306,22897
9491,12,965
9491,30,2124
9491,30,2125
9491,30,2128
9491,30,2131
9491,35,2470
9491,66,4626
9491,77,5341
9491,109,7430
9491,131,8834
9491,133,8976
9491,175,11619
9491,179,11831
9491,202,13306
9491,223,14649
9491,223,14659
9491,230,15119
9491,256,16960
9491,261,17313
9491,283,18578
9491,288,18949
9491,288,18955
9491,299,19555
9491,328,21318
9491,329,21388
9491,334,21717
9491,340,22112
9491,354,23196
9491,362,23722
9491,385,25527
9491,388,25752
9491,388,25772
9491,423,28518
9491,424,28574
9491,425,28676
9491,437,29636
9491,438,29697
9491,444,30183
9491,455,31080
9491,461,31551
9491,469,32141
9491,476,32638
9491,2,311
9491,31,2218
9491,36,2523
9491,49,3407
9491,51,3545
9491,55,3848
9491,121,8173
9491,188,12417
9491,192,12644
9491,196,12889
9491,196,12896
9491,196,12917
9491,250,16491
9491,295,19340
9491,313,20401
9491,351,22982
9491,382,25301
9491,405,27111
9491,405,27121
9491,427,28872
9491,429,28984
9491,453,30919
9491,458,31327
9491,479,32842
8606,50,4855
8606,137,12937
8606,143,13526
8606,160,15179
8606,189,17947
8606,204,19361
8606,216,20428
8606,216,20441
8606,315,29332
8606,42,4137
8606,42,4146
8606,54,5224
8606,121,11481
8606,126,11911
8606,136,12829
8606,234,21960
8608,271,25586
8608,273,25755
8608,280,26397
8608,303,28432
8608,303,28439
8608,321,29773
8608,339,31398
8608,339,31414
8619,8,471
8619,33,2082
8619,36,2270
8619,51,3266
8619,52,3315
8619,101,6284
8619,116,7071
8619,137,8424
8619,140,8645
8619,143,8865
8619,176,11309
8619,178,11457
8619,189,12316
8619,208,13682
8619,212,14008
8619,238,15973
8619,246,16578
8619,260,17601
8619,262,17737
8619,291,19890
8619,312,21448
8595,100,9299
8595,105,9699
8595,122,11239
8595,122,11252
8595,122,11260
8595,146,13363
8595,166,15218
8595,168,15394
8595,178,16251
8595,195,17843
8595,213,19507
8619,1,21
8619,10,613
8619,13,788
8619,13,796
8619,15,915
8619,26,1616
8619,27,1696
8619,30,1876
8619,30,1888
8619,39,2470
8619,44,2820
8619,59,3775
8619,66,4221
8619,72,4636
8619,75,4824
8619,126,7751
8619,126,7756
8619,131,8068
8619,138,8506
8619,149,9351
8619,156,9784
8619,158,9911
8619,195,12730
8619,203,13290
8619,221,14745
8619,233,15613
8619,237,15927
8619,253,17122
8619,259,17513
8619,288,19678
8619,297,20350
8619,323,22322
8619,328,22685
8619,338,23437
8619,348,24196
8619,361,25252
8619,364,25448
8619,5,280
8619,5,284
8619,5,285
8619,5,286
8619,6,364
8619,9,536
8619,14,857
8619,18,1094
8619,29,1838
8619,31,1941
8619,31,1954
8619,38,2413
8619,57,3644
8619,73,4705
8619,73,4710
8619,74,4765
8619,127,7799
8619,127,7815
8619,128,7876
8619,136,8379
8619,188,12238
8619,196,12814
8619,226,15119
8619,239,16060
8619,243,16327
8619,250,16877
8619,250,16888
8619,256,17319
8619,342,23767
8619,363,25388
8606,5,676
8606,8,975
8606,12,1356
8606,30,3008
8606,43,4212
8608,108,10291
8608,130,12457
8608,179,17097
8608,205,19503
8608,211,20053
8608,268,25286
8608,286,26999
8608,7,745
8608,10,1033
8608,38,3578
8608,47,4418
8608,50,4719
8608,50,4732
8608,50,4735
8608,57,5429
8608,58,5537
8608,81,7750
8608,81,7753
8608,89,8534
8608,91,8721
8608,92,8824
8608,99,9484
8608,149,14319
8619,347,24143
8619,352,24537
8619,359,25072
8606,27,2739
8606,31,3108
8606,164,15647
8606,205,19451
8606,218,20615
8608,122,11668
8608,164,15718
8608,251,23659
8608,306,28701
8608,340,31480
8608,352,32455
8608,352,32460
8606,10,1174
8606,20,2019
8606,24,2451
8606,47,4587
8606,89,8481
8606,170,16215
8608,178,17000
8608,203,19350
8608,291,27368
8608,296,27866
8608,334,30906
8638,95,9360
8667,314,26337
8672,76,8746
8675,17,1873
8679,162,12969
8679,165,13150
8684,33,4127
8684,43,5222
8684,43,5244
8684,68,8145
8684,93,10968
8684,454,49635
8684,454,49666
8685,8,839
8685,45,4740
8723,157,22666
8723,159,22945
8723,339,47491
8740,346,34790
9481,261,20390
9508,29,3397
9508,29,3403
9508,204,20608
9509,140,12601
9509,245,23164
9509,245,23192
9509,342,32687
9509,366,35157
9511,48,4054
9511,86,7477
9511,86,7483
9511,86,7489
9513,152,15030
9535,454,31567
8638,4,422
8638,4,465
8638,442,47982
8667,259,20251
8667,288,23317
8675,236,26891
8675,236,26908
8679,51,4424
8679,177,14199
8679,412,39286
8679,458,45020
8684,101,11879
8684,340,37053
8684,387,42067
8685,66,6911
8686,120,12346
8686,120,12385
8740,237,23298
8740,397,40021
9481,116,8340
9481,466,37908
9481,466,37915
9508,34,3925
9508,195,19648
9509,66,5509
9509,108,9402
9509,108,9404
9509,144,13010
9509,144,13026
9509,184,17033
9511,201,18907
9535,87,6095
9544,61,5213
8638,90,8803
8638,406,43926
8667,345,29967
8675,22,2434
8675,22,2443
8681,403,32883
8684,155,17197
8684,196,21065
8723,8,1366
8723,25,3837
8723,39,5878
8723,128,18700
9481,332,26443
9481,332,26446
9481,332,26465
9481,342,27280
9481,431,34979
9508,131,13280
9509,48,3644
9509,104,9026
9509,104,9069
9509,118,10395
9509,447,43276
9511,87,7566
9511,87,7604
9542,238,16299
9544,163,14349
8607,121,10873
8638,132,13283
8638,246,26084
8638,335,35999
8638,457,49653
8672,130,14932
8675,190,21216
8679,125,9975
8679,221,18109
8679,405,38421
8684,143,16241
8684,179,19241
8684,217,23417
8685,99,10519
8685,115,12091
8710,66,6074
8723,108,15870
8723,289,41066
8723,289,41076
8740,239,23523
9508,102,10422
9508,144,14602
9508,194,19593
9509,182,16884
9511,66,5692
9513,165,16263
9564,386,28750
8638,384,41539
8672,46,5294
8672,48,5540
8672,123,14082
8672,123,14149
8679,255,21149
8684,9,1385
8684,9,1400
8684,233,25103
8684,233,25148
8684,233,25158
8710,48,4204
8723,294,41827
9508,7,1268
9509,50,3820
9509,50,3830
9509,189,17539
9509,189,17556
9509,204,19110
9509,255,24234
9509,347,33200
9509,355,33977
9509,440,42596
9514,191,14585
9542,230,15686
9564,66,5928
8679,158,12693
8679,365,33526
8684,235,25372
8684,298,32482
8684,404,44052
8723,225,31977
8740,209,20352
9481,94,6734
9481,119,8606
9481,396,31988
9509,335,32035
9509,335,32044
9511,142,12738
9514,123,9508
9514,123,9549
9544,203,17809
8638,282,30101
8667,302,24869
8675,65,6838
8675,65,6849
8679,110,8847
8679,304,25814
8684,72,8564
8684,72,8592
8684,411,44809
8685,153,15971
8710,92,8925
8723,58,8721
8723,330,46203
8723,330,46223
8723,330,46232
9481,161,12057
9481,161,12061
9481,286,22449
9508,103,10485
9508,103,10516
9509,220,20736
9509,454,43886
9511,36,2950
9511,103,9074
9513,87,8833
9535,274,19055
9542,216,14664
9542,249,17019
8638,214,22531
8638,214,22579
8638,375,40481
8672,53,6082
8675,196,22035
8679,341,30604
8684,10,1548
8684,303,32997
8684,303,33036
8684,471,51638
8684,471,51666
8685,2,150
8685,70,7321
8685,70,7332
9481,359,28793
9492,46,3501
9508,100,10214
9508,140,14214
9508,140,14260
9508,140,14262
9508,146,14810
9509,68,5708
9509,176,16273
9509,322,30743
9509,322,30755
9509,405,39155
9513,59,5982
9564,232,15456
9564,232,15465
8607,156,14166
8638,72,7104
8638,429,46645
8667,333,28504
8672,149,17122
8675,85,8918
8679,69,5978
8679,131,10471
8679,140,11247
8679,346,31222
8684,19,2623
8684,402,43832
8684,408,44450
8710,59,5333
8723,91,13425
8723,142,20684
8740,334,33535
8766,207,25677
9481,72,5004
9492,86,6635
9493,279,20926
9508,114,11444
9508,114,11465
9508,132,13418
9509,174,16064
9509,259,24598
9509,323,30873
9509,323,30892
9513,53,5295
9513,64,6499
9535,349,24382
8685,14,1365
8685,30,3071
8685,30,3090
8685,32,3296
8685,142,14796
8685,174,18191
8685,202,21151
8685,213,22313
8685,234,24466
8685,240,25114
8738,85,8750
8738,130,13216
8738,180,18243
8738,232,23421
8738,232,23423
8738,262,26409
8738,302,30535
8685,41,4270
8685,41,4293
8685,43,4489
8685,79,8292
8685,79,8293
8685,82,8638
8685,93,9891
8685,93,9910
8685,102,10838
8685,104,11039
8685,191,19987
8685,211,22113
8685,220,23015
8685,256,26853
8685,275,28918
8685,275,28928
8685,289,30113
8738,5,765
8738,62,6520
8738,62,6539
8738,91,9315
8738,91,9331
8738,111,11367
8738,197,19904
8738,328,33180
8738,335,33879
8580,151,15928
8648,2,124
8648,20,1617
8648,29,2373
8648,36,3018
8648,77,6334
8648,123,10283
8648,139,11637
8648,142,11877
8648,154,12877
8648,154,12883
8648,154,12889
8648,158,13208
8648,168,14071
8648,176,14774
8648,180,15110
8648,219,18249
8648,229,19015
8648,229,19030
8648,229,19039
8648,242,20093
8648,244,20286
8648,249,20689
8648,257,21377
8648,291,25167
8648,299,25970
8648,5,350
8648,16,1241
8648,27,2236
8648,34,2799
8648,37,3082
8648,58,4753
8648,58,4764
8648,58,4780
8648,60,4890
8648,62,5096
8648,68,5636
8648,78,6422
8648,78,6438
8648,80,6615
8648,87,7163
8648,99,8206
8648,102,8476
8648,112,9330
8648,171,14367
8648,173,14549
8648,194,16221
8648,198,16561
8648,205,17110
8648,209,17446
8648,222,18461
8648,250,20809
8648,256,21247
8648,258,21433
8648,260,21609
8648,260,21639
8648,284,24318
8648,298,25867
8648,105,8734
8648,113,9402
8648,113,9418
8648,114,9479
8648,114,9494
8648,114,9526
8648,141,11792
8648,151,12619
8648,169,14180
8648,182,15264
8648,185,15541
8648,190,15864
8648,200,16741
8648,211,17628
8648,221,18384
8648,248,20610
8648,248,20627
8648,261,21738
8738,4,660
8738,28,3081
8738,55,5868
8738,56,5951
8738,71,7432
8738,74,7664
8738,229,23132
8738,261,26312
8738,261,26316
8738,27,3002
8738,29,3184
8738,31,3364
8738,61,6428
8738,70,7338
8738,72,7508
8738,101,10339
8738,133,13505
8738,133,13515
8738,238,24041
8738,283,28591
8738,313,31626
8738,315,31815
8738,315,31825
8738,339,34259
8562,345,16161
8563,36,2005
8563,46,2496
8563,59,3100
8563,59,3128
8563,72,3713
8563,73,3764
8563,83,4263
8563,97,4940
8563,114,5754
8563,125,6281
8563,126,6351
8563,138,6931
8563,195,9681
8563,218,10745
8563,223,10993
8563,241,11827
8563,241,11859
8563,259,12675
8563,266,13041
8563,266,13042
8563,291,14334
8563,291,14352
8563,312,15347
8563,314,15465
8562,204,9452
8562,206,9537
8562,280,13037
8562,343,16061
8563,57,3014
8563,80,4104
8563,80,4106
8563,103,5217
8563,133,6684
8563,160,7919
8563,173,8605
8563,268,13130
8563,286,14063
8580,31,3383
8580,80,8683
8563,112,5685
8563,122,6156
8563,168,8328
8563,169,8376
8563,216,10650
8563,238,11708
8563,284,13934
8563,289,14232
8563,306,15113
8580,161,16904
8580,163,17151
8648,9,684
8648,26,2133
8648,52,4319
8648,66,5482
8648,83,6856
8563,308,15204
8580,14,1599
8580,25,2790
8580,40,4358
8580,58,6269
8580,63,6839
8580,150,15834
8580,170,17894
8648,1,22
8648,13,999
8648,13,1005
8648,13,1020
8648,24,1946
8648,51,4238
8648,74,6121
8648,108,8961
8648,124,10380
8648,124,10384
8648,133,11118
8648,216,18023
8648,259,21516
8648,279,23738
8648,289,24945
8648,289,24972
8561,40,1230
8561,107,3330
8561,113,3534
8561,136,4349
8561,194,6240
8650,2,680
8650,7,1222
8650,9,1465
8650,9,1466
8650,28,3638
8650,47,5404
8650,70,7557
8650,94,9718
8561,129,4073
8561,135,4309
8561,143,4578
8561,152,4855
8561,172,5519
8561,197,6341
8561,214,6950
8561,261,8567
8639,8,965
8639,19,2213
8639,19,2243
8639,45,4942
8639,45,4977
8639,59,6633
8561,38,1159
8561,43,1334
8561,59,1946
8561,71,2462
8561,89,2707
8561,118,3688
8561,124,3904
8561,155,4965
8561,251,8281
8639,12,1389
8639,12,1394
8639,13,1514
8639,13,1558
8639,21,2488
8639,44,4849
8639,48,5308
8639,58,6511
8639,58,6530
8639,58,6543
8639,65,7350
8639,65,7357
8639,65,7359
8561,26,821
8561,147,4690
8639,14,1673
8639,20,2328
8639,20,2357
8639,25,2950
8639,25,2966
8639,43,4677
8639,51,5710
8649,15,1655
8649,16,1755
8562,38,1563
8562,110,4998
8562,119,5422
8562,153,7084
8562,209,9684
8562,263,12194
8562,275,12796
8562,302,14019
8562,302,14029
8562,303,14096
8562,330,15430
8562,331,15453
8563,12,867
8563,75,3890
8563,86,4391
8563,100,5053
8563,100,5074
8563,113,5704
8563,131,6598
8562,7,264
8562,19,792
8562,35,1422
8562,43,1801
8562,44,1847
8562,52,2220
8562,52,2250
8562,71,3201
8562,116,5303
8562,118,5364
8562,141,6522
8562,141,6552
8562,146,6755
8562,222,10267
8562,233,10767
8562,242,11194
8562,293,13578
8562,314,14639
8563,5,498
8563,11,829
8563,39,2131
8563,49,2647
8562,20,812
8562,22,893
8562,50,2141
8562,60,2677
8562,106,4799
8562,106,4822
8562,112,5087
8562,126,5758
8650,41,4870
8650,50,5627
8650,50,5636
8650,59,6449
8650,59,6475
8650,64,6967
8650,65,7078
8650,66,7129
8650,66,7139
8650,66,7154
8650,69,7436
8650,77,8163
8650,87,9079
8650,88,9202
8650,97,10033
8650,111,11344
8650,113,11544
8650,114,11630
8561,179,5750
8561,207,6687
8561,218,7119
8561,229,7516
8561,240,7925
8561,268,8894
8650,27,3538
8650,40,4774
8650,40,4778
8650,51,5746
8650,62,6774
8650,62,6778
8650,67,7223
8650,80,8471
8650,81,8515
8650,81,8581
8650,82,8631
8650,96,9928
8650,103,10619
8650,115,11722
8650,115,11760
8650,117,11977
8650,117,11978
8650,122,12429
8562,149,6857
8562,197,9127
8562,197,9137
8562,236,10890
8562,253,11730
8562,261,12124
8562,301,13990
8562,307,14268
8562,309,14390
8562,321,15004
8562,334,15600
8563,26,1503
8563,54,2880
8563,85,4351
8563,120,6057
8563,135,6775
8563,214,10544
8563,261,12785
8563,282,13861
8580,28,3088
8580,30,3288
8580,129,13848
8562,66,2955
8562,103,4667
8562,111,5041
8562,115,5238
8562,134,6167
8562,177,8196
8562,190,8793
8562,191,8833
8562,251,11605
8562,251,11618
8562,297,13811
8563,9,706
8563,18,1143
8563,18,1175
8563,51,2722
8563,63,3291
8563,69,3597
8563,98,4967
8563,105,5328
8563,121,6097
8563,132,6667
8563,166,8239
8563,171,8495
8563,171,8510
8563,212,10467
8563,219,10802
8563,262,12853
9451,471,42352
9452,5,393
9452,12,1045
9452,18,1611
9452,20,1812
9452,36,3359
9452,37,3442
9452,37,3452
9452,43,4018
9452,47,4373
9452,48,4488
9452,50,4647
9452,51,4741
9452,59,5580
9452,67,6283
9452,71,6697
9452,78,7402
9452,97,9196
9452,100,9554
9452,105,10011
9452,105,10016
9452,132,12317
9452,154,14324
9452,171,15884
9452,196,18183
9452,200,18541
9452,205,19005
9452,223,20604
9452,237,21874
9452,276,25593
9452,289,26703
9452,289,26713
9452,309,28398
9452,309,28413
9452,348,32257
9452,349,32331
9452,358,33220
9452,361,33548
9452,364,33805
9452,393,36546
9452,406,37771
9452,417,38864
9452,421,39268
9452,430,40216
9452,451,42222
9452,451,42235
9451,10,863
9451,60,5414
9451,60,5415
9451,61,5501
9451,73,6653
9451,88,7998
9451,88,8009
9451,103,9317
9451,106,9516
9451,107,9631
9451,114,10262
9451,114,10265
9451,126,11295
9451,143,12864
9451,153,13764
9451,161,14532
9451,192,17069
9451,218,19339
9451,240,21254
9451,282,25044
9451,296,26327
9451,296,26328
9451,316,28133
9451,325,28949
9451,331,29466
9451,331,29492
9451,347,30971
9451,385,34409
9451,408,36592
9451,413,37108
9451,416,37348
9451,425,38239
9451,441,39494
9451,441,39518
9451,441,39530
9451,441,39533
9451,452,40590
9451,455,40870
9451,39,3440
9451,66,5969
9451,68,6145
9451,87,7884
9451,90,8163
9451,90,8178
9451,98,8889
9451,109,9767
9451,149,13427
9451,202,17918
9451,202,17944
9451,227,20151
9451,231,20497
9451,243,21547
9451,252,22284
9451,252,22299
9451,271,24026
9451,276,24500
9451,276,24508
9451,287,25588
9451,304,27068
9451,309,27479
9451,309,27489
9451,309,27501
9451,337,30018
9451,359,32090
9451,371,33230
9451,372,33343
9451,389,34774
9451,396,35497
9451,404,36203
9451,421,37860
9451,426,38343
9451,437,39146
9451,445,39881
9451,475,42769
9451,11,934
9451,52,4657
9451,57,5141
9451,65,5883
9451,91,8293
9451,100,9057
9451,108,9705
9451,142,12785
9451,147,13207
9451,181,16181
9451,183,16319
9451,196,17406
9451,208,18469
9451,249,22050
9451,249,22064
9451,278,24682
9451,299,26637
9451,314,27988
9451,318,28366
9451,343,30584
9451,354,31624
9451,393,35173
9451,398,35632
9451,402,36032
9451,420,37752
9451,422,37939
9451,422,37952
9451,434,38853
9451,435,38922
9451,462,41520
9451,467,42009
9451,33,2857
9451,33,2869
9451,37,3240
9451,37,3263
9451,37,3267
9451,47,4233
9451,72,6536
9451,77,7028
9451,96,8694
9451,110,9901
9451,123,11038
9451,135,12139
9451,140,12591
9451,213,18870
9451,234,20718
9451,245,21735
9451,250,22117
9451,254,22475
9451,270,23947
9451,275,24380
9451,283,25195
9451,294,26159
9451,294,26164
9451,300,26692
9451,313,27890
9451,313,27895
9451,321,28611
9451,330,29374
9451,330,29394
9451,332,29549
9451,341,30400
9451,341,30418
9451,346,30869
9451,357,31871
9451,357,31892
9451,365,32611
9451,374,33535
9451,400,35832
9451,444,39828
9451,447,40078
9451,447,40106
9451,451,40526
9451,464,41703
9451,464,41720
9451,480,43232
9451,2,120
9451,2,133
9451,8,634
9451,12,1066
9451,34,2954
9451,64,5765
9451,76,6943
9451,85,7729
9451,97,8788
9451,99,8959
9451,125,11206
9451,132,11850
9451,141,12716
9451,144,12967
9451,212,18793
9451,229,20337
9451,235,20809
9453,4,666
9453,56,5215
9453,56,5237
9453,76,7126
9453,85,8011
9453,99,9313
9453,99,9319
9453,109,10262
9453,110,10376
9453,110,10379
9453,114,10734
9453,114,10763
9453,116,10957
9453,119,11215
9453,119,11221
9453,122,11450
9453,126,11846
9453,139,13099
9453,139,13111
9453,159,14972
9453,181,16924
9453,194,18035
9453,3,577
9453,5,743
9453,30,2726
9453,31,2838
9453,33,3002
9453,34,3146
9453,49,4562
9453,52,4858
9453,53,4981
9453,71,6623
9453,73,6846
9453,74,6913
9453,74,6931
9453,87,8177
9453,87,8225
9453,90,8456
9453,95,8926
9453,100,9383
9453,101,9498
9453,104,9811
9453,121,11388
9453,123,11559
9453,123,11571
9453,128,12016
9453,134,12610
9453,142,13409
9453,147,13840
9453,147,13879
9453,152,14316
9453,153,14421
9453,155,14586
9453,157,14822
9453,158,14887
9453,160,15090
9453,165,15566
9453,168,15866
9453,170,16020
9453,180,16858
9453,182,17026
9453,182,17037
9453,185,17316
9453,187,17520
9453,189,17691
9453,190,17788
9447,22,1954
9447,56,5123
9447,75,6858
9447,79,7245
9447,107,9793
9447,141,12427
9447,151,13314
9447,165,14565
9447,178,15792
9447,183,16250
9447,190,16882
9447,196,17405
9447,201,17776
9447,235,20799
9447,255,22690
9447,255,22691
9447,285,25302
9447,286,25373
9447,286,25382
9447,297,26403
9447,300,26641
9447,325,28791
9447,339,29933
9447,339,29934
9447,350,31042
9447,360,32017
9447,363,32310
9447,369,32855
9447,369,32885
9447,376,33507
9447,380,33945
9447,393,35181
9447,406,36320
9453,13,1271
9453,35,3245
9453,111,10478
9453,118,11137
9453,124,11646
9453,124,11668
9453,138,12988
9453,141,13294
9453,145,13691
9452,15,1334
9452,19,1723
9452,38,3527
9452,44,4127
9452,54,5025
9452,54,5029
9452,60,5656
9452,60,5670
9452,65,6083
9452,65,6091
9452,73,6876
9452,74,7006
9452,81,7674
9452,83,7889
9452,85,8092
9452,87,8260
9452,95,9008
9452,104,9933
9452,107,10193
9452,111,10500
9452,136,12669
9452,146,13612
9452,177,16426
9452,194,17993
9452,194,18000
9452,199,18438
9452,213,19710
9452,213,19718
9452,213,19739
9452,224,20689
9452,264,24433
9452,270,25009
9452,275,25510
9452,275,25515
9452,280,25937
9452,310,28492
9452,310,28511
9452,429,40126
9452,449,42002
9452,464,43398
9452,6,501
9452,11,941
9452,11,962
9452,13,1148
9452,13,1165
9452,35,3277
9452,39,3646
9452,46,4307
9452,53,4935
9452,72,6769
9452,72,6797
9452,76,7170
9452,92,8754
9452,124,11560
9452,150,13936
9452,150,13945
9452,166,15468
9452,180,16702
9452,187,17341
9452,187,17370
9452,204,18903
9452,225,20794
9452,230,21244
9452,241,22304
9452,258,23871
9452,296,27263
9452,313,28820
9452,318,29230
9452,320,29425
9452,328,30254
9452,341,31568
9452,351,32523
9452,351,32530
9452,351,32544
9452,363,33728
9452,363,33729
9452,373,34632
9452,381,35320
9452,385,35718
9452,389,36139
9452,413,38459
9452,436,40772
9452,455,42606
9452,457,42813
9452,468,43858
9452,470,44033
9564,229,15223
9564,233,15532
9564,255,17363
9564,289,20266
9564,289,20276
9564,302,21397
9564,308,21898
9564,331,23860
9564,346,25157
9564,372,27488
9564,373,27582
9564,377,27931
9564,385,28616
9564,385,28659
9564,390,29113
9564,390,29122
9564,392,29316
9564,393,29369
9564,406,30609
9564,406,30629
9777,4,572
9777,5,704
9777,7,969
9777,22,3306
9777,22,3347
9777,26,3937
9777,26,3957
9778,2,782
9778,3,902
9785,2,101
9785,6,476
9785,11,908
9785,11,914
9786,8,826
9786,11,1101
9786,11,1107
9786,11,1112
9786,35,3219
9786,35,3243
9786,46,4277
9787,6,904
9787,11,1345
9787,11,1348
9787,16,1808
9787,32,3282
9787,32,3287
9787,36,3676
9787,52,4955
9787,57,5405
9787,57,5411
9564,28,2593
9564,39,3605
9564,63,5649
9564,75,6639
9564,75,6642
9564,90,7782
9564,222,14671
9564,227,15073
9564,231,15410
9564,234,15641
9564,235,15715
9564,235,15750
9564,244,16429
9564,244,16432
9564,244,16457
9564,244,16471
9564,245,16508
9564,259,17681
9564,259,17690
9564,261,17867
9564,285,19893
9564,292,20516
9564,295,20772
9564,295,20803
9564,303,21478
9564,311,22147
9564,312,22223
9564,314,22396
9564,317,22602
9564,323,23165
9564,325,23357
9564,338,24453
9564,338,24457
9564,351,25559
9564,355,25904
9564,355,25907
9564,369,27177
9564,369,27213
9564,383,28441
9564,383,28456
9564,394,29476
9564,399,29963
9564,403,30341
9564,17,1753
9564,17,1762
9564,20,2005
9564,30,2719
9564,35,3180
9564,35,3202
9564,36,3267
9564,36,3311
9564,56,5015
9564,59,5266
9564,61,5457
9564,61,5476
9564,65,5838
9564,71,6337
9564,79,7018
9564,81,7180
9564,84,7369
9564,94,8026
9564,97,8259
9564,105,8772
9564,105,8799
9564,210,13682
9564,214,13951
9564,218,14347
9564,220,14520
9564,230,15306
9564,253,17210
9564,253,17226
9564,262,17953
9564,286,20004
9564,291,20423
9564,298,21070
9564,342,24801
9564,342,24825
9566,127,11358
9566,213,17564
9566,237,19359
9566,251,20398
9566,251,20406
9780,6,902
9780,6,907
9780,20,3079
9780,23,3559
9780,40,6096
9781,7,1822
9781,19,3674
9781,23,4345
9781,30,5444
9781,30,5496
9782,8,1158
9782,34,5128
9782,37,5538
9782,61,9235
9782,83,12589
9782,1,143
9782,6,836
9782,6,849
9782,11,1633
9782,14,2059
9782,22,3322
9782,22,3329
9782,28,4254
9782,38,5679
9782,38,5688
9782,45,6751
9782,50,7509
9782,52,7816
9782,59,8918
9782,64,9694
9782,66,10023
9782,66,10046
9782,66,10049
9782,79,12005
9782,84,12727
9786,19,1821
9786,37,3427
9786,44,4058
9787,21,2291
9777,2,247
9777,6,832
9777,6,838
9777,6,840
9777,21,3160
9777,23,3492
9777,24,3626
9777,29,4409
9777,30,4580
9777,30,4588
9786,13,1309
9786,14,1369
9786,16,1574
9786,17,1621
9786,17,1656
9786,18,1742
9786,18,1756
9786,20,1921
9786,22,2110
9786,23,2166
9786,23,2182
9786,26,2482
9786,31,2909
9786,31,2910
9786,32,3020
9786,34,3158
9786,38,3519
9786,39,3613
9786,40,3690
9786,42,3896
9786,45,4137
9786,47,4333
9787,2,528
9787,5,811
9787,10,1304
9787,12,1460
9787,12,1488
9787,15,1720
9787,15,1722
9787,29,3029
9787,35,3540
9787,42,4073
9787,42,4097
9787,46,4447
9787,56,5305
9787,63,5953
9787,67,6266
9787,67,6284
9787,70,6530
9780,9,1371
9780,26,4040
9780,26,4051
9780,32,4973
9780,36,5547
9780,39,5948
9780,47,7221
9780,49,7529
9780,61,9366
9780,62,9504
9780,69,10590
9780,71,10884
9780,102,15667
9780,107,16428
9780,110,16916
9780,110,16940
9780,114,17550
9781,8,1962
9781,17,3351
9781,21,4000
9781,25,4627
9781,38,6675
9781,42,7323
9781,50,8626
9781,51,8799
9781,55,9412
9781,60,10257
9781,67,11275
9781,67,11308
9781,69,11589
9781,90,15065
9781,100,16510
9781,101,16696
9781,110,18129
9781,115,18919
9781,115,18928
9781,120,19587
9781,125,20368
9780,8,1216
9780,8,1245
9780,13,1996
9780,22,3416
9780,27,4214
9780,35,5388
9780,48,7365
9780,51,7828
9780,55,8452
9780,55,8481
9780,59,9053
9780,74,11370
9780,77,11841
9780,81,12442
9780,82,12603
9780,84,12915
9780,98,15061
9780,101,15537
9780,108,16600
9780,108,16621
9780,109,16773
9780,115,17685
9781,12,2599
9781,13,2725
9781,20,3837
9781,28,5124
9781,57,9738
9781,61,10375
9781,63,10696
9781,68,11426
9781,68,11432
9781,68,11453
9781,106,17485
9781,109,17959
9781,109,18002
9781,119,19466
9781,127,20666
9781,130,21127
